StatusExistingAcc,DurationMonth,CreditHistory,Purpose,CreditAmount,SavingsAccount,EmploymentLength,InstallmentRate,MarriedNSex,Debtors,ResidenceLength,Property,Age,InstallmentPlans,Housing,ExistingCredit,Job,NumPeopleLiable,Telephone,ForeignWorker,CreditEval,AgeBinary
-1.2545656494361206,-1.2364778603818778,1.3440140832958607,-0.10350520227559457,-0.7451314133870968,1.8331690664724063,1.3380784886691008,0.9184771676276685,0.4493264750927811,-0.3036857334050418,1.0469866784197936,-1.2937229757082183,2.766456484802522,0.4608306801939211,0.1337104553845832,1.027078911657809,0.14694918044361782,-0.42828956637154025,1.2145976802021625,-0.19601428307463395,-0.6546536707079772,other
-0.45902623952101557,2.2481943623946687,-0.5034279555987932,-0.10350520227559457,0.9498167893630397,-0.699707018463561,-0.3179592448322615,-0.8701833340815202,-0.963649861676971,-0.3036857334050418,-0.7659772668958664,-1.2937229757082183,-1.1914039404570156,0.4608306801939211,0.1337104553845832,-0.7049259983890863,0.14694918044361782,-0.42828956637154025,-0.8233178906068351,-0.19601428307463395,1.5275252316519468,young
1.1320525803091945,-0.7386675428423712,1.3440140832958607,-0.02864608780433522,-0.4165624079606274,-0.699707018463561,0.5100596219184197,-0.8701833340815202,0.4493264750927811,-0.3036857334050418,0.14050470576196358,-1.2937229757082183,1.1833123146987068,0.4608306801939211,0.1337104553845832,-0.7049259983890863,-1.3837714491773996,2.3348689263480744,-0.8233178906068351,-0.19601428307463395,-0.6546536707079772,other
-1.2545656494361206,1.7503840448551622,-0.5034279555987932,-0.128458240432681,1.634246939825297,-0.699707018463561,0.5100596219184197,-0.8701833340815202,0.4493264750927811,3.8850830032162245,1.0469866784197936,-0.34105509963441977,0.8315024991200815,0.4608306801939211,2.016956305871672,-0.7049259983890863,0.14694918044361782,2.3348689263480744,-0.8233178906068351,-0.19601428307463395,-0.6546536707079772,other
-1.2545656494361206,0.25695309223664214,0.4202930638485338,-0.1783643167468539,0.5666635047179338,-0.699707018463561,-0.3179592448322615,0.024146916773074067,0.4493264750927811,-0.3036857334050418,1.0469866784197936,1.5642806525131776,1.5351221302773324,0.4608306801939211,2.016956305871672,1.027078911657809,0.14694918044361782,2.3348689263480744,-0.8233178906068351,-0.19601428307463395,1.5275252316519468,other
1.1320525803091945,1.2525737273156554,-0.5034279555987932,-0.02864608780433522,2.0500090146529657,1.8331690664724063,-0.3179592448322615,-0.8701833340815202,0.4493264750927811,-0.3036857334050418,1.0469866784197936,1.5642806525131776,-0.048022039826482565,0.4608306801939211,2.016956305871672,-0.7049259983890863,-1.3837714491773996,2.3348689263480744,1.2145976802021625,-0.19601428307463395,-0.6546536707079772,other
1.1320525803091945,0.25695309223664214,-0.5034279555987932,-0.128458240432681,-0.15462875638548076,0.5667310240044227,1.3380784886691008,0.024146916773074067,0.4493264750927811,-0.3036857334050418,1.0469866784197936,-0.34105509963441977,1.5351221302773324,0.4608306801939211,0.1337104553845832,-0.7049259983890863,0.14694918044361782,-0.42828956637154025,-0.8233178906068351,-0.19601428307463395,-0.6546536707079772,other
-0.45902623952101557,1.2525737273156554,-0.5034279555987932,-0.15341127858976747,1.3031968307979807,-0.699707018463561,-0.3179592448322615,-0.8701833340815202,0.4493264750927811,-0.3036857334050418,-0.7659772668958664,0.6116127764393787,-0.048022039826482565,0.4608306801939211,-1.7495353951025054,-0.7049259983890863,1.6776698100646354,-0.42828956637154025,1.2145976802021625,-0.19601428307463395,-0.6546536707079772,other
1.1320525803091945,-0.7386675428423712,-0.5034279555987932,-0.10350520227559457,-0.07523344115837269,1.1999500452384144,0.5100596219184197,-0.8701833340815202,-2.376626198446723,-0.3036857334050418,1.0469866784197936,-1.2937229757082183,2.2387417614345835,0.4608306801939211,0.1337104553845832,-0.7049259983890863,-1.3837714491773996,-0.42828956637154025,-0.8233178906068351,-0.19601428307463395,-0.6546536707079772,other
-0.45902623952101557,0.7547634097761486,1.3440140832958607,-0.1783643167468539,0.6956808919619842,-0.699707018463561,-1.973996978333624,0.9184771676276685,1.8623028118625335,-0.3036857334050418,-0.7659772668958664,0.6116127764393787,-0.6636892170890771,0.4608306801939211,0.1337104553845832,1.027078911657809,1.6776698100646354,-0.42828956637154025,-0.8233178906068351,-0.19601428307463395,1.5275252316519468,other
-0.45902623952101557,-0.7386675428423712,-0.5034279555987932,-0.1783643167468539,-0.7004715485718486,-0.699707018463561,-1.1459781115829426,0.024146916773074067,-0.963649861676971,-0.3036857334050418,-1.6724592395536964,0.6116127764393787,-0.9275465787730464,0.4608306801939211,-1.7495353951025054,-0.7049259983890863,0.14694918044361782,-0.42828956637154025,-0.8233178906068351,-0.19601428307463395,1.5275252316519468,young
-1.2545656494361206,2.2481943623946687,-0.5034279555987932,0.046213026666924124,0.36746632990706435,-0.699707018463561,-1.1459781115829426,0.024146916773074067,-0.963649861676971,-0.3036857334050418,1.0469866784197936,-0.34105509963441977,-1.0154990326677027,0.4608306801939211,-1.7495353951025054,-0.7049259983890863,0.14694918044361782,-0.42828956637154025,-0.8233178906068351,-0.19601428307463395,1.5275252316519468,young
-0.45902623952101557,-0.7386675428423712,-0.5034279555987932,-0.10350520227559457,-0.6040629515103603,-0.699707018463561,-0.3179592448322615,-1.7645135849361144,-0.963649861676971,-0.3036857334050418,-1.6724592395536964,0.6116127764393787,-1.1914039404570156,0.4608306801939211,0.1337104553845832,-0.7049259983890863,0.14694918044361782,-0.42828956637154025,1.2145976802021625,-0.19601428307463395,-0.6546536707079772,young
-1.2545656494361206,0.25695309223664214,1.3440140832958607,-0.1783643167468539,-0.7344981122406092,-0.699707018463561,1.3380784886691008,0.9184771676276685,0.4493264750927811,-0.3036857334050418,1.0469866784197936,0.6116127764393787,2.150789307539927,0.4608306801939211,0.1337104553845832,1.027078911657809,-1.3837714491773996,-0.42828956637154025,-0.8233178906068351,-0.19601428307463395,1.5275252316519468,other
-1.2545656494361206,-0.48976238407261785,-0.5034279555987932,-0.1783643167468539,-0.6621916644444928,-0.699707018463561,-0.3179592448322615,-0.8701833340815202,-0.963649861676971,-0.3036857334050418,1.0469866784197936,0.6116127764393787,-0.6636892170890771,0.4608306801939211,-1.7495353951025054,-0.7049259983890863,0.14694918044361782,-0.42828956637154025,-0.8233178906068351,-0.19601428307463395,-0.6546536707079772,other
-1.2545656494361206,0.25695309223664214,-0.5034279555987932,-0.10350520227559457,-0.7050793124019933,-0.06648799722956913,-0.3179592448322615,0.9184771676276685,-0.963649861676971,-0.3036857334050418,-0.7659772668958664,0.6116127764393787,-0.3118794015104516,0.4608306801939211,0.1337104553845832,-0.7049259983890863,-1.3837714491773996,-0.42828956637154025,-0.8233178906068351,-0.19601428307463395,1.5275252316519468,other
1.1320525803091945,0.25695309223664214,1.3440140832958607,-0.10350520227559457,-0.3003049820923621,1.8331690664724063,1.3380784886691008,0.9184771676276685,0.4493264750927811,-0.3036857334050418,1.0469866784197936,-0.34105509963441977,1.5351221302773324,0.4608306801939211,0.1337104553845832,1.027078911657809,0.14694918044361782,-0.42828956637154025,-0.8233178906068351,-0.19601428307463395,-0.6546536707079772,other
-1.2545656494361206,0.7547634097761486,-2.350869994493447,0.046213026666924124,1.7015911804197192,1.8331690664724063,-1.1459781115829426,-0.8701833340815202,0.4493264750927811,-0.3036857334050418,0.14050470576196358,0.6116127764393787,-0.9275465787730464,-2.3750504286917473,0.1337104553845832,2.759083821704704,0.14694918044361782,-0.42828956637154025,-0.8233178906068351,-0.19601428307463395,-0.6546536707079772,young
-0.45902623952101557,0.25695309223664214,-0.5034279555987932,-0.15341127858976747,3.2990674559937183,-0.699707018463561,1.3380784886691008,0.9184771676276685,-0.963649861676971,-0.3036857334050418,-0.7659772668958664,1.5642806525131776,0.7435500452254251,0.4608306801939211,2.016956305871672,-0.7049259983890863,1.6776698100646354,-0.42828956637154025,1.2145976802021625,-0.19601428307463395,1.5275252316519468,other
1.1320525803091945,0.25695309223664214,-0.5034279555987932,-0.10350520227559457,0.056265049686524876,0.5667310240044227,1.3380784886691008,0.024146916773074067,0.4493264750927811,-0.3036857334050418,-0.7659772668958664,0.6116127764393787,-0.3998318554051081,0.4608306801939211,0.1337104553845832,-0.7049259983890863,0.14694918044361782,2.3348689263480744,1.2145976802021625,-0.19601428307463395,-0.6546536707079772,other
1.1320525803091945,-0.9875727016121244,1.3440140832958607,-0.1783643167468539,-0.403093559841743,-0.699707018463561,-0.3179592448322615,0.9184771676276685,0.4493264750927811,-0.3036857334050418,1.0469866784197936,0.6116127764393787,1.095359860804051,0.4608306801939211,0.1337104553845832,2.759083821704704,0.14694918044361782,-0.42828956637154025,1.2145976802021625,-0.19601428307463395,-0.6546536707079772,other
-1.2545656494361206,-1.2364778603818778,-0.5034279555987932,-0.10350520227559457,-0.2212641102368037,0.5667310240044227,-0.3179592448322615,-0.8701833340815202,0.4493264750927811,-0.3036857334050418,0.14050470576196358,-1.2937229757082183,0.7435500452254251,0.4608306801939211,-1.7495353951025054,-0.7049259983890863,0.14694918044361782,2.3348689263480744,-0.8233178906068351,-0.19601428307463395,-0.6546536707079772,other
-1.2545656494361206,-0.90460431535554,1.3440140832958607,-0.1783643167468539,-0.3651681190859369,-0.699707018463561,-1.1459781115829426,-1.7645135849361144,0.4493264750927811,-0.3036857334050418,0.14050470576196358,-1.2937229757082183,1.095359860804051,0.4608306801939211,-1.7495353951025054,1.027078911657809,-1.3837714491773996,2.3348689263480744,-0.8233178906068351,5.101669043266824,-0.6546536707079772,other
-0.45902623952101557,-0.7386675428423712,1.3440140832958607,-0.15341127858976747,-0.5200598724531076,-0.06648799722956913,-1.1459781115829426,0.024146916773074067,0.4493264750927811,-0.3036857334050418,1.0469866784197936,-0.34105509963441977,0.7435500452254251,0.4608306801939211,0.1337104553845832,-0.7049259983890863,0.14694918044361782,-0.42828956637154025,-0.8233178906068351,-0.19601428307463395,-0.6546536707079772,other
1.1320525803091945,-0.90460431535554,1.3440140832958607,-0.128458240432681,-0.4261323789924663,1.8331690664724063,-0.3179592448322615,-0.8701833340815202,1.8623028118625335,-0.3036857334050418,-1.6724592395536964,0.6116127764393787,-0.83959412487839,0.4608306801939211,0.1337104553845832,1.027078911657809,0.14694918044361782,-0.42828956637154025,-0.8233178906068351,5.101669043266824,-0.6546536707079772,other
-1.2545656494361206,-1.2364778603818778,-0.5034279555987932,-0.128458240432681,-0.6724705222194309,-0.699707018463561,-0.3179592448322615,-1.7645135849361144,0.4493264750927811,-0.3036857334050418,-0.7659772668958664,-1.2937229757082183,0.039930414068173783,-2.3750504286917473,0.1337104553845832,-0.7049259983890863,-1.3837714491773996,-0.42828956637154025,1.2145976802021625,-0.19601428307463395,-0.6546536707079772,other
1.1320525803091945,-1.2364778603818778,-2.350869994493447,-0.10350520227559457,-1.0084828384484419,-0.699707018463561,1.3380784886691008,0.9184771676276685,1.8623028118625335,-0.3036857334050418,1.0469866784197936,0.6116127764393787,0.3037877757521431,0.4608306801939211,0.1337104553845832,-0.7049259983890863,-1.3837714491773996,-0.42828956637154025,-0.8233178906068351,-0.19601428307463395,-0.6546536707079772,other
0.33651317039408946,-0.7386675428423712,-1.4271489750461201,-0.10350520227559457,-1.0145083757647848,1.1999500452384144,-0.3179592448322615,0.024146916773074067,-0.963649861676971,-0.3036857334050418,0.14050470576196358,-1.2937229757082183,0.5676451374361121,0.4608306801939211,-1.7495353951025054,1.027078911657809,0.14694918044361782,-0.42828956637154025,-0.8233178906068351,-0.19601428307463395,-0.6546536707079772,other
-0.45902623952101557,-1.1535094741252934,-0.5034279555987932,-0.10350520227559457,-0.30349497243630835,-0.699707018463561,-0.3179592448322615,0.024146916773074067,0.4493264750927811,3.8850830032162245,-0.7659772668958664,-1.2937229757082183,-0.13597449372113893,0.4608306801939211,0.1337104553845832,-0.7049259983890863,0.14694918044361782,-0.42828956637154025,-0.8233178906068351,-0.19601428307463395,-0.6546536707079772,other
-1.2545656494361206,3.243814997473682,0.4202930638485338,0.046213026666924124,1.2634991731844267,-0.699707018463561,1.3380784886691008,0.024146916773074067,0.4493264750927811,-0.3036857334050418,1.0469866784197936,1.5642806525131776,2.414646669223896,0.4608306801939211,0.1337104553845832,1.027078911657809,0.14694918044361782,-0.42828956637154025,1.2145976802021625,-0.19601428307463395,1.5275252316519468,other
-0.45902623952101557,-0.24085722530286463,-0.5034279555987932,0.046213026666924124,-0.48142554495420226,1.1999500452384144,-1.1459781115829426,0.024146916773074067,1.8623028118625335,-0.3036857334050418,0.14050470576196358,-1.2937229757082183,0.039930414068173783,-2.3750504286917473,0.1337104553845832,-0.7049259983890863,0.14694918044361782,-0.42828956637154025,1.2145976802021625,-0.19601428307463395,-0.6546536707079772,other
-1.2545656494361206,0.25695309223664214,-0.5034279555987932,-0.128458240432681,0.26538663890078273,-0.699707018463561,-0.3179592448322615,-0.8701833340815202,0.4493264750927811,-0.3036857334050418,-0.7659772668958664,0.6116127764393787,-0.7516416709837337,-0.9571098742489133,0.1337104553845832,-0.7049259983890863,0.14694918044361782,-0.42828956637154025,-0.8233178906068351,-0.19601428307463395,-0.6546536707079772,other
-0.45902623952101557,-0.24085722530286463,-0.5034279555987932,-0.1783643167468539,0.919689102781325,-0.06648799722956913,-0.3179592448322615,-0.8701833340815202,0.4493264750927811,-0.3036857334050418,-0.7659772668958664,0.6116127764393787,-0.48778430929976446,0.4608306801939211,0.1337104553845832,1.027078911657809,0.14694918044361782,-0.42828956637154025,1.2145976802021625,-0.19601428307463395,-0.6546536707079772,other
1.1320525803091945,-0.7386675428423712,1.3440140832958607,0.046213026666924124,-0.7114592930898858,1.8331690664724063,1.3380784886691008,0.9184771676276685,0.4493264750927811,-0.3036857334050418,1.0469866784197936,1.5642806525131776,1.8869319458559581,0.4608306801939211,-1.7495353951025054,-0.7049259983890863,-1.3837714491773996,-0.42828956637154025,-0.8233178906068351,-0.19601428307463395,-0.6546536707079772,other
0.33651317039408946,-0.7386675428423712,-0.5034279555987932,-0.128458240432681,-0.6370261850644721,-0.699707018463561,-1.1459781115829426,0.9184771676276685,-0.963649861676971,-0.3036857334050418,-1.6724592395536964,-0.34105509963441977,-0.22392694761579526,-2.3750504286917473,0.1337104553845832,-0.7049259983890863,1.6776698100646354,-0.42828956637154025,1.2145976802021625,-0.19601428307463395,-0.6546536707079772,other
-0.45902623952101557,1.9992892036249152,1.3440140832958607,-0.10350520227559457,0.5227125266457846,-0.699707018463561,-1.1459781115829426,0.9184771676276685,0.4493264750927811,-0.3036857334050418,-0.7659772668958664,-0.34105509963441977,-0.9275465787730464,0.4608306801939211,0.1337104553845832,1.027078911657809,-1.3837714491773996,-0.42828956637154025,-0.8233178906068351,-0.19601428307463395,1.5275252316519468,young
1.1320525803091945,2.2481943623946687,1.3440140832958607,-0.02864608780433522,1.0061732854394247,-0.699707018463561,-0.3179592448322615,-1.7645135849361144,0.4493264750927811,-0.3036857334050418,0.14050470576196358,1.5642806525131776,-0.3998318554051081,-2.3750504286917473,2.016956305871672,-0.7049259983890863,0.14694918044361782,-0.42828956637154025,1.2145976802021625,-0.19601428307463395,-0.6546536707079772,other
0.33651317039408946,-0.24085722530286463,-0.5034279555987932,-0.10350520227559457,-0.415144634474429,-0.699707018463561,-0.3179592448322615,0.9184771676276685,0.4493264750927811,1.7906986349055911,-0.7659772668958664,-1.2937229757082183,0.1278828679628304,-0.9571098742489133,0.1337104553845832,-0.7049259983890863,0.14694918044361782,-0.42828956637154025,-0.8233178906068351,-0.19601428307463395,1.5275252316519468,other
0.33651317039408946,-0.90460431535554,-0.5034279555987932,-0.07855216411850811,-0.7252825845803198,-0.699707018463561,-0.3179592448322615,-0.8701833340815202,0.4493264750927811,-0.3036857334050418,-0.7659772668958664,0.6116127764393787,0.1278828679628304,0.4608306801939211,0.1337104553845832,-0.7049259983890863,0.14694918044361782,-0.42828956637154025,1.2145976802021625,-0.19601428307463395,-0.6546536707079772,other
-0.45902623952101557,-0.9875727016121244,-0.5034279555987932,-0.10350520227559457,-0.9971406505588549,-0.699707018463561,-0.3179592448322615,0.9184771676276685,0.4493264750927811,-0.3036857334050418,0.14050470576196358,-1.2937229757082183,-1.0154990326677027,0.4608306801939211,0.1337104553845832,-0.7049259983890863,0.14694918044361782,-0.42828956637154025,-0.8233178906068351,-0.19601428307463395,-0.6546536707079772,young
1.1320525803091945,0.7547634097761486,-0.5034279555987932,-0.10350520227559457,-0.3325593289033747,0.5667310240044227,1.3380784886691008,0.9184771676276685,0.4493264750927811,-0.3036857334050418,-0.7659772668958664,0.6116127764393787,-0.48778430929976446,-2.3750504286917473,0.1337104553845832,-0.7049259983890863,1.6776698100646354,-0.42828956637154025,-0.8233178906068351,-0.19601428307463395,-0.6546536707079772,other
-0.45902623952101557,-0.7386675428423712,-0.5034279555987932,-0.10350520227559457,-0.7490302904741423,0.5667310240044227,-0.3179592448322615,0.024146916773074067,-2.376626198446723,-0.3036857334050418,-1.6724592395536964,0.6116127764393787,-0.83959412487839,0.4608306801939211,0.1337104553845832,-0.7049259983890863,0.14694918044361782,-0.42828956637154025,1.2145976802021625,-0.19601428307463395,-0.6546536707079772,other
-0.45902623952101557,-0.24085722530286463,0.4202930638485338,-0.05359912596142167,1.0394909623650859,-0.699707018463561,-0.3179592448322615,-0.8701833340815202,0.4493264750927811,-0.3036857334050418,1.0469866784197936,-1.2937229757082183,0.7435500452254251,0.4608306801939211,0.1337104553845832,-0.7049259983890863,-1.3837714491773996,2.3348689263480744,1.2145976802021625,-0.19601428307463395,-0.6546536707079772,other
-1.2545656494361206,0.7547634097761486,1.3440140832958607,-0.15341127858976747,1.0334654250487432,-0.06648799722956913,0.5100596219184197,-1.7645135849361144,1.8623028118625335,-0.3036857334050418,1.0469866784197936,0.6116127764393787,-1.0154990326677027,0.4608306801939211,-1.7495353951025054,1.027078911657809,0.14694918044361782,-0.42828956637154025,-0.8233178906068351,-0.19601428307463395,-0.6546536707079772,young
-1.2545656494361206,2.2481943623946687,1.3440140832958607,-0.15341127858976747,1.017869916700561,-0.699707018463561,1.3380784886691008,0.9184771676276685,-0.963649861676971,-0.3036857334050418,1.0469866784197936,1.5642806525131776,1.9748843997506143,-0.9571098742489133,2.016956305871672,1.027078911657809,-1.3837714491773996,-0.42828956637154025,-0.8233178906068351,-0.19601428307463395,1.5275252316519468,other
1.1320525803091945,-0.8216359290989557,1.3440140832958607,-0.1783643167468539,-0.6657360981599888,-0.699707018463561,-1.1459781115829426,0.9184771676276685,-0.963649861676971,-0.3036857334050418,1.0469866784197936,0.6116127764393787,-0.048022039826482565,0.4608306801939211,0.1337104553845832,1.027078911657809,1.6776698100646354,-0.42828956637154025,-0.8233178906068351,-0.19601428307463395,-0.6546536707079772,other
1.1320525803091945,1.2525737273156554,-0.5034279555987932,-0.10350520227559457,-0.34461040353606076,0.5667310240044227,1.3380784886691008,0.9184771676276685,0.4493264750927811,-0.3036857334050418,1.0469866784197936,0.6116127764393787,0.3037877757521431,0.4608306801939211,0.1337104553845832,-0.7049259983890863,0.14694918044361782,-0.42828956637154025,-0.8233178906068351,-0.19601428307463395,-0.6546536707079772,other
-1.2545656494361206,-1.2364778603818778,-0.5034279555987932,-0.15341127858976747,-0.6802682763935219,0.5667310240044227,-1.973996978333624,-1.7645135849361144,-0.963649861676971,-0.3036857334050418,-0.7659772668958664,-0.34105509963441977,-1.1034514865623593,0.4608306801939211,-1.7495353951025054,-0.7049259983890863,-2.9144920787984168,-0.42828956637154025,1.2145976802021625,-0.19601428307463395,-0.6546536707079772,young
1.1320525803091945,-0.8216359290989557,1.3440140832958607,-0.1783643167468539,1.4024409748318658,-0.699707018463561,-0.3179592448322615,-1.7645135849361144,0.4493264750927811,-0.3036857334050418,1.0469866784197936,-0.34105509963441977,0.3037877757521431,0.4608306801939211,0.1337104553845832,1.027078911657809,-1.3837714491773996,-0.42828956637154025,-0.8233178906068351,-0.19601428307463395,-0.6546536707079772,other
1.1320525803091945,-0.7386675428423712,-0.5034279555987932,-0.10350520227559457,-0.424714605506268,-0.06648799722956913,-0.3179592448322615,0.9184771676276685,-0.963649861676971,1.7906986349055911,-0.7659772668958664,-1.2937229757082183,-0.6636892170890771,0.4608306801939211,0.1337104553845832,-0.7049259983890863,0.14694918044361782,-0.42828956637154025,-0.8233178906068351,-0.19601428307463395,-0.6546536707079772,other
-0.45902623952101557,0.25695309223664214,0.4202930638485338,-0.128458240432681,-0.3325593289033747,1.8331690664724063,-1.1459781115829426,0.9184771676276685,0.4493264750927811,-0.3036857334050418,-0.7659772668958664,-0.34105509963441977,-0.5757367631944208,-2.3750504286917473,0.1337104553845832,-0.7049259983890863,-1.3837714491773996,-0.42828956637154025,-0.8233178906068351,-0.19601428307463395,-0.6546536707079772,other
-0.45902623952101557,0.5058582510063955,0.4202930638485338,-0.15341127858976747,0.954778996564734,-0.699707018463561,1.3380784886691008,-1.7645135849361144,0.4493264750927811,-0.3036857334050418,-0.7659772668958664,0.6116127764393787,-0.48778430929976446,0.4608306801939211,0.1337104553845832,1.027078911657809,1.6776698100646354,-0.42828956637154025,1.2145976802021625,-0.19601428307463395,-0.6546536707079772,other
1.1320525803091945,-0.7386675428423712,-0.5034279555987932,-0.10350520227559457,-0.712168179832985,-0.699707018463561,-0.3179592448322615,0.024146916773074067,0.4493264750927811,-0.3036857334050418,-0.7659772668958664,0.6116127764393787,-0.9275465787730464,0.4608306801939211,0.1337104553845832,-0.7049259983890863,0.14694918044361782,-0.42828956637154025,-0.8233178906068351,-0.19601428307463395,-0.6546536707079772,young
1.1320525803091945,-0.24085722530286463,-0.5034279555987932,-0.15341127858976747,0.03783399436594627,1.8331690664724063,-0.3179592448322615,-0.8701833340815202,0.4493264750927811,-0.3036857334050418,-1.6724592395536964,-0.34105509963441977,-0.3998318554051081,0.4608306801939211,0.1337104553845832,-0.7049259983890863,0.14694918044361782,-0.42828956637154025,1.2145976802021625,-0.19601428307463395,-0.6546536707079772,other
-0.45902623952101557,1.2525737273156554,0.4202930638485338,-0.1783643167468539,-0.37083921303073036,-0.699707018463561,1.3380784886691008,0.9184771676276685,0.4493264750927811,-0.3036857334050418,1.0469866784197936,1.5642806525131776,1.8869319458559581,-2.3750504286917473,2.016956305871672,1.027078911657809,0.14694918044361782,-0.42828956637154025,1.2145976802021625,-0.19601428307463395,1.5275252316519468,other
1.1320525803091945,-1.2364778603818778,-1.4271489750461201,-0.1783643167468539,-0.8819465548052384,1.8331690664724063,-0.3179592448322615,-1.7645135849361144,0.4493264750927811,3.8850830032162245,-0.7659772668958664,-1.2937229757082183,-0.83959412487839,-0.9571098742489133,0.1337104553845832,-0.7049259983890863,-1.3837714491773996,2.3348689263480744,-0.8233178906068351,-0.19601428307463395,-0.6546536707079772,other
-0.45902623952101557,-0.7386675428423712,-0.5034279555987932,-0.10350520227559457,1.1330640124541775,1.8331690664724063,-1.973996978333624,-0.8701833340815202,0.4493264750927811,-0.3036857334050418,-1.6724592395536964,1.5642806525131776,1.4471696763826762,0.4608306801939211,0.1337104553845832,-0.7049259983890863,1.6776698100646354,-0.42828956637154025,1.2145976802021625,-0.19601428307463395,1.5275252316519468,other
1.1320525803091945,1.2525737273156554,1.3440140832958607,-0.10350520227559457,2.2311295775148055,-0.699707018463561,-0.3179592448322615,-0.8701833340815202,-0.963649861676971,-0.3036857334050418,-0.7659772668958664,0.6116127764393787,-0.3998318554051081,-0.9571098742489133,0.1337104553845832,1.027078911657809,0.14694918044361782,-0.42828956637154025,-0.8233178906068351,-0.19601428307463395,-0.6546536707079772,other
0.33651317039408946,-0.24085722530286463,-0.5034279555987932,-0.1783643167468539,-0.464412263119822,-0.699707018463561,1.3380784886691008,0.024146916773074067,-0.963649861676971,-0.3036857334050418,-0.7659772668958664,0.6116127764393787,-1.1034514865623593,0.4608306801939211,0.1337104553845832,-0.7049259983890863,1.6776698100646354,-0.42828956637154025,-0.8233178906068351,-0.19601428307463395,-0.6546536707079772,young
-1.2545656494361206,1.2525737273156554,1.3440140832958607,-0.128458240432681,1.0483520466538256,-0.699707018463561,-1.1459781115829426,0.9184771676276685,-0.963649861676971,1.7906986349055911,1.0469866784197936,1.5642806525131776,-1.1034514865623593,0.4608306801939211,-1.7495353951025054,1.027078911657809,-1.3837714491773996,-0.42828956637154025,1.2145976802021625,-0.19601428307463395,1.5275252316519468,young
-0.45902623952101557,-0.9875727016121244,-0.5034279555987932,0.046213026666924124,-0.666444984903088,-0.699707018463561,-0.3179592448322615,-0.8701833340815202,1.8623028118625335,-0.3036857334050418,-1.6724592395536964,-1.2937229757082183,-0.7516416709837337,-2.3750504286917473,0.1337104553845832,-0.7049259983890863,0.14694918044361782,-0.42828956637154025,1.2145976802021625,-0.19601428307463395,-0.6546536707079772,other
-0.45902623952101557,-0.48976238407261785,1.3440140832958607,-0.10350520227559457,-0.6146962526568479,1.8331690664724063,1.3380784886691008,0.9184771676276685,0.4493264750927811,3.8850830032162245,1.0469866784197936,-1.2937229757082183,1.2712647685933636,0.4608306801939211,0.1337104553845832,1.027078911657809,0.14694918044361782,-0.42828956637154025,1.2145976802021625,-0.19601428307463395,-0.6546536707079772,other
-0.45902623952101557,1.2525737273156554,-2.350869994493447,0.046213026666924124,-0.4672478100922187,-0.699707018463561,1.3380784886691008,0.9184771676276685,0.4493264750927811,-0.3036857334050418,1.0469866784197936,1.5642806525131776,2.2387417614345835,0.4608306801939211,2.016956305871672,-0.7049259983890863,1.6776698100646354,-0.42828956637154025,1.2145976802021625,-0.19601428307463395,1.5275252316519468,other
-0.45902623952101557,2.2481943623946687,-2.350869994493447,0.046213026666924124,3.9519521463880625,-0.699707018463561,-0.3179592448322615,-0.8701833340815202,0.4493264750927811,-0.3036857334050418,-0.7659772668958664,0.6116127764393787,-0.9275465787730464,0.4608306801939211,0.1337104553845832,-0.7049259983890863,0.14694918044361782,-0.42828956637154025,1.2145976802021625,-0.19601428307463395,1.5275252316519468,young
1.1320525803091945,0.25695309223664214,-0.5034279555987932,-0.10350520227559457,-0.03199134982932282,-0.699707018463561,-1.1459781115829426,0.9184771676276685,-0.963649861676971,-0.3036857334050418,1.0469866784197936,-0.34105509963441977,-0.83959412487839,0.4608306801939211,0.1337104553845832,-0.7049259983890863,0.14694918044361782,-0.42828956637154025,1.2145976802021625,-0.19601428307463395,-0.6546536707079772,other
1.1320525803091945,0.5058582510063955,-0.5034279555987932,-0.05359912596142167,0.6800853836138022,1.8331690664724063,1.3380784886691008,0.9184771676276685,0.4493264750927811,-0.3036857334050418,1.0469866784197936,-0.34105509963441977,1.095359860804051,0.4608306801939211,0.1337104553845832,4.4910887317516,0.14694918044361782,2.3348689263480744,1.2145976802021625,-0.19601428307463395,-0.6546536707079772,other
1.1320525803091945,-0.7386675428423712,-0.5034279555987932,-0.10350520227559457,-0.38997915509440817,-0.699707018463561,-1.1459781115829426,-0.8701833340815202,-0.963649861676971,-0.3036857334050418,-0.7659772668958664,0.6116127764393787,-0.5757367631944208,-2.3750504286917473,0.1337104553845832,-0.7049259983890863,0.14694918044361782,-0.42828956637154025,-0.8233178906068351,-0.19601428307463395,-0.6546536707079772,other
-0.45902623952101557,-0.7386675428423712,-0.5034279555987932,-0.1783643167468539,-0.8025512395781303,1.1999500452384144,-0.3179592448322615,0.9184771676276685,1.8623028118625335,-0.3036857334050418,-1.6724592395536964,-1.2937229757082183,-1.1914039404570156,0.4608306801939211,0.1337104553845832,-0.7049259983890863,0.14694918044361782,-0.42828956637154025,-0.8233178906068351,-0.19601428307463395,-0.6546536707079772,young
1.1320525803091945,1.2525737273156554,-0.5034279555987932,-0.02864608780433522,-0.5147432218798637,-0.699707018463561,-0.3179592448322615,0.9184771676276685,0.4493264750927811,-0.3036857334050418,1.0469866784197936,1.5642806525131776,0.1278828679628304,-0.9571098742489133,2.016956305871672,-0.7049259983890863,0.14694918044361782,-0.42828956637154025,1.2145976802021625,-0.19601428307463395,1.5275252316519468,other
1.1320525803091945,1.2525737273156554,-0.5034279555987932,-0.10350520227559457,-0.31093828323884976,1.8331690664724063,-0.3179592448322615,0.9184771676276685,-0.963649861676971,-0.3036857334050418,1.0469866784197936,0.6116127764393787,-0.9275465787730464,0.4608306801939211,0.1337104553845832,-0.7049259983890863,0.14694918044361782,-0.42828956637154025,-0.8233178906068351,-0.19601428307463395,-0.6546536707079772,young
1.1320525803091945,1.2525737273156554,-0.5034279555987932,-0.15341127858976747,1.7232122260842442,-0.699707018463561,-0.3179592448322615,-1.7645135849361144,-0.963649861676971,-0.3036857334050418,-0.7659772668958664,-0.34105509963441977,-0.48778430929976446,-2.3750504286917473,0.1337104553845832,-0.7049259983890863,0.14694918044361782,-0.42828956637154025,-0.8233178906068351,-0.19601428307463395,-0.6546536707079772,other
1.1320525803091945,-1.1535094741252934,1.3440140832958607,-0.10350520227559457,-0.9007320534973666,1.8331690664724063,1.3380784886691008,0.9184771676276685,0.4493264750927811,-0.3036857334050418,-0.7659772668958664,-0.34105509963441977,0.9194549530147378,0.4608306801939211,-1.7495353951025054,1.027078911657809,-1.3837714491773996,-0.42828956637154025,1.2145976802021625,-0.19601428307463395,-0.6546536707079772,other
-1.2545656494361206,-1.070541087868709,1.3440140832958607,9.054259801375132,-0.7469036302448447,-0.699707018463561,1.3380784886691008,0.024146916773074067,0.4493264750927811,-0.3036857334050418,1.0469866784197936,1.5642806525131776,1.3592172224880197,-2.3750504286917473,2.016956305871672,1.027078911657809,1.6776698100646354,2.3348689263480744,1.2145976802021625,-0.19601428307463395,-0.6546536707079772,other
-0.45902623952101557,1.7503840448551622,1.3440140832958607,0.046213026666924124,0.9508801194776887,-0.699707018463561,0.5100596219184197,-0.8701833340815202,-0.963649861676971,-0.3036857334050418,-1.6724592395536964,-1.2937229757082183,0.4796926835414558,-2.3750504286917473,0.1337104553845832,1.027078911657809,-1.3837714491773996,-0.42828956637154025,-0.8233178906068351,-0.19601428307463395,-0.6546536707079772,other
-1.2545656494361206,1.2525737273156554,-0.5034279555987932,-0.02864608780433522,-0.45874116917502855,1.8331690664724063,1.3380784886691008,0.9184771676276685,0.4493264750927811,-0.3036857334050418,1.0469866784197936,1.5642806525131776,0.39174022964679944,0.4608306801939211,0.1337104553845832,-0.7049259983890863,1.6776698100646354,-0.42828956637154025,1.2145976802021625,-0.19601428307463395,1.5275252316519468,other
-1.2545656494361206,-0.7386675428423712,1.3440140832958607,-0.15341127858976747,-0.6185951297438934,-0.699707018463561,1.3380784886691008,0.9184771676276685,0.4493264750927811,-0.3036857334050418,1.0469866784197936,1.5642806525131776,2.678504030907866,0.4608306801939211,2.016956305871672,1.027078911657809,1.6776698100646354,-0.42828956637154025,-0.8233178906068351,-0.19601428307463395,-0.6546536707079772,other
-1.2545656494361206,1.7503840448551622,-0.5034279555987932,-0.10350520227559457,0.24589225346555518,-0.699707018463561,-1.1459781115829426,0.9184771676276685,0.4493264750927811,-0.3036857334050418,0.14050470576196358,0.6116127764393787,-0.13597449372113893,0.4608306801939211,0.1337104553845832,-0.7049259983890863,0.14694918044361782,-0.42828956637154025,-0.8233178906068351,-0.19601428307463395,1.5275252316519468,other
-0.45902623952101557,-0.8216359290989557,0.4202930638485338,-0.10350520227559457,0.5315736109345244,-0.699707018463561,0.5100596219184197,-0.8701833340815202,0.4493264750927811,-0.3036857334050418,1.0469866784197936,-0.34105509963441977,1.3592172224880197,0.4608306801939211,0.1337104553845832,-0.7049259983890863,0.14694918044361782,-0.42828956637154025,-0.8233178906068351,-0.19601428307463395,-0.6546536707079772,other
1.1320525803091945,2.7460046799341757,-2.350869994493447,-0.15341127858976747,2.1850519392133587,1.8331690664724063,-0.3179592448322615,-0.8701833340815202,0.4493264750927811,-0.3036857334050418,-0.7659772668958664,-0.34105509963441977,0.3037877757521431,0.4608306801939211,0.1337104553845832,-0.7049259983890863,-1.3837714491773996,2.3348689263480744,-0.8233178906068351,-0.19601428307463395,-0.6546536707079772,other
-0.45902623952101557,0.7547634097761486,-0.5034279555987932,-0.128458240432681,0.1987512850494598,-0.699707018463561,-1.1459781115829426,-0.8701833340815202,1.8623028118625335,-0.3036857334050418,-1.6724592395536964,-0.34105509963441977,-1.1914039404570156,0.4608306801939211,0.1337104553845832,-0.7049259983890863,0.14694918044361782,-0.42828956637154025,-0.8233178906068351,-0.19601428307463395,-0.6546536707079772,young
1.1320525803091945,0.25695309223664214,-0.5034279555987932,-0.10350520227559457,0.946981242390643,1.8331690664724063,-1.1459781115829426,-1.7645135849361144,-0.963649861676971,-0.3036857334050418,-1.6724592395536964,0.6116127764393787,0.7435500452254251,0.4608306801939211,0.1337104553845832,1.027078911657809,0.14694918044361782,-0.42828956637154025,1.2145976802021625,-0.19601428307463395,1.5275252316519468,other
1.1320525803091945,-0.48976238407261785,-0.5034279555987932,-0.10350520227559457,-0.7295359050389149,0.5667310240044227,1.3380784886691008,0.9184771676276685,0.4493264750927811,-0.3036857334050418,0.14050470576196358,-0.34105509963441977,1.0074074069093941,-0.9571098742489133,0.1337104553845832,-0.7049259983890863,0.14694918044361782,-0.42828956637154025,1.2145976802021625,-0.19601428307463395,-0.6546536707079772,other
1.1320525803091945,-0.24085722530286463,-0.5034279555987932,0.046213026666924124,-0.6037085081388106,-0.06648799722956913,-0.3179592448322615,0.024146916773074067,-0.963649861676971,-0.3036857334050418,1.0469866784197936,-0.34105509963441977,-1.0154990326677027,0.4608306801939211,-1.7495353951025054,-0.7049259983890863,-1.3837714491773996,-0.42828956637154025,-0.8233178906068351,-0.19601428307463395,-0.6546536707079772,young
-1.2545656494361206,0.25695309223664214,-0.5034279555987932,9.054259801375132,-0.5374275976590374,-0.699707018463561,1.3380784886691008,0.9184771676276685,-0.963649861676971,3.8850830032162245,1.0469866784197936,-1.2937229757082183,1.9748843997506143,0.4608306801939211,0.1337104553845832,-0.7049259983890863,-1.3837714491773996,-0.42828956637154025,1.2145976802021625,-0.19601428307463395,-0.6546536707079772,other
-1.2545656494361206,-0.90460431535554,-0.5034279555987932,-0.10350520227559457,-0.3389393095912674,-0.699707018463561,1.3380784886691008,0.024146916773074067,0.4493264750927811,-0.3036857334050418,1.0469866784197936,-1.2937229757082183,1.4471696763826762,0.4608306801939211,0.1337104553845832,-0.7049259983890863,-1.3837714491773996,-0.42828956637154025,-0.8233178906068351,-0.19601428307463395,-0.6546536707079772,other
1.1320525803091945,-0.7386675428423712,1.3440140832958607,0.046213026666924124,-0.6590016741005467,-0.699707018463561,-0.3179592448322615,0.9184771676276685,-0.963649861676971,3.8850830032162245,-0.7659772668958664,-1.2937229757082183,-0.5757367631944208,0.4608306801939211,0.1337104553845832,1.027078911657809,1.6776698100646354,-0.42828956637154025,1.2145976802021625,-0.19601428307463395,-0.6546536707079772,other
-0.45902623952101557,-0.24085722530286463,1.3440140832958607,-0.128458240432681,-0.7004715485718486,-0.699707018463561,-1.1459781115829426,0.9184771676276685,-0.963649861676971,-0.3036857334050418,-1.6724592395536964,-0.34105509963441977,-0.7516416709837337,0.4608306801939211,0.1337104553845832,1.027078911657809,0.14694918044361782,-0.42828956637154025,-0.8233178906068351,-0.19601428307463395,-0.6546536707079772,other
-0.45902623952101557,1.2525737273156554,-0.5034279555987932,-0.02864608780433522,3.3107640872548556,-0.06648799722956913,-0.3179592448322615,-1.7645135849361144,0.4493264750927811,-0.3036857334050418,1.0469866784197936,1.5642806525131776,1.0074074069093941,0.4608306801939211,2.016956305871672,-0.7049259983890863,0.14694918044361782,2.3348689263480744,1.2145976802021625,-0.19601428307463395,1.5275252316519468,other
-1.2545656494361206,-0.24085722530286463,-0.5034279555987932,-0.1783643167468539,-0.36233257211354025,-0.06648799722956913,0.5100596219184197,0.9184771676276685,0.4493264750927811,-0.3036857334050418,0.14050470576196358,0.6116127764393787,-0.48778430929976446,0.4608306801939211,0.1337104553845832,-0.7049259983890863,1.6776698100646354,2.3348689263480744,1.2145976802021625,-0.19601428307463395,-0.6546536707079772,other
-1.2545656494361206,-0.7386675428423712,-2.350869994493447,-0.05359912596142167,-0.7667524590516217,-0.699707018463561,0.5100596219184197,0.9184771676276685,0.4493264750927811,-0.3036857334050418,0.14050470576196358,-1.2937229757082183,-0.6636892170890771,0.4608306801939211,0.1337104553845832,1.027078911657809,0.14694918044361782,-0.42828956637154025,-0.8233178906068351,-0.19601428307463395,1.5275252316519468,other
1.1320525803091945,-0.7386675428423712,1.3440140832958607,-0.10350520227559457,-0.9404297111109206,-0.699707018463561,1.3380784886691008,0.9184771676276685,0.4493264750927811,-0.3036857334050418,1.0469866784197936,-1.2937229757082183,1.7989794919613016,0.4608306801939211,0.1337104553845832,-0.7049259983890863,0.14694918044361782,-0.42828956637154025,-0.8233178906068351,-0.19601428307463395,-0.6546536707079772,other
-1.2545656494361206,-0.7386675428423712,1.3440140832958607,-0.15341127858976747,-0.6600650042151953,-0.699707018463561,1.3380784886691008,0.9184771676276685,0.4493264750927811,-0.3036857334050418,0.14050470576196358,-1.2937229757082183,1.623074584171989,0.4608306801939211,0.1337104553845832,-0.7049259983890863,0.14694918044361782,-0.42828956637154025,-0.8233178906068351,-0.19601428307463395,-0.6546536707079772,other
1.1320525803091945,-0.7386675428423712,1.3440140832958607,-0.10350520227559457,-0.8769843476035442,1.8331690664724063,1.3380784886691008,0.9184771676276685,-0.963649861676971,-0.3036857334050418,0.14050470576196358,-0.34105509963441977,-0.22392694761579526,-2.3750504286917473,0.1337104553845832,-0.7049259983890863,-1.3837714491773996,2.3348689263480744,-0.8233178906068351,-0.19601428307463395,1.5275252316519468,other
0.33651317039408946,0.25695309223664214,1.3440140832958607,-0.128458240432681,0.12254596016629804,1.8331690664724063,1.3380784886691008,0.9184771676276685,0.4493264750927811,1.7906986349055911,1.0469866784197936,1.5642806525131776,-1.3673088482463283,0.4608306801939211,-1.7495353951025054,1.027078911657809,0.14694918044361782,-0.42828956637154025,-0.8233178906068351,-0.19601428307463395,-0.6546536707079772,young
-0.45902623952101557,-0.7386675428423712,-0.5034279555987932,-0.1783643167468539,-0.692319351026208,1.1999500452384144,1.3380784886691008,0.9184771676276685,0.4493264750927811,-0.3036857334050418,1.0469866784197936,-1.2937229757082183,1.623074584171989,0.4608306801939211,0.1337104553845832,-0.7049259983890863,0.14694918044361782,-0.42828956637154025,1.2145976802021625,-0.19601428307463395,-0.6546536707079772,other
-0.45902623952101557,2.7460046799341757,-2.350869994493447,0.046213026666924124,4.492123844629637,-0.699707018463561,-1.1459781115829426,0.024146916773074067,0.4493264750927811,-0.3036857334050418,1.0469866784197936,1.5642806525131776,1.9748843997506143,0.4608306801939211,-1.7495353951025054,-0.7049259983890863,0.14694918044361782,-0.42828956637154025,1.2145976802021625,-0.19601428307463395,1.5275252316519468,other
1.1320525803091945,-0.7386675428423712,1.3440140832958607,-0.02864608780433522,-0.44633565117079294,1.8331690664724063,0.5100596219184197,0.9184771676276685,-0.963649861676971,-0.3036857334050418,-0.7659772668958664,0.6116127764393787,2.2387417614345835,0.4608306801939211,0.1337104553845832,-0.7049259983890863,0.14694918044361782,-0.42828956637154025,-0.8233178906068351,-0.19601428307463395,-0.6546536707079772,other
-0.45902623952101557,-0.24085722530286463,-0.5034279555987932,0.046213026666924124,-0.23012519452554334,-0.06648799722956913,-0.3179592448322615,0.9184771676276685,0.4493264750927811,-0.3036857334050418,1.0469866784197936,0.6116127764393787,-0.13597449372113893,0.4608306801939211,0.1337104553845832,-0.7049259983890863,0.14694918044361782,-0.42828956637154025,-0.8233178906068351,-0.19601428307463395,-0.6546536707079772,other
-0.45902623952101557,1.2525737273156554,1.3440140832958607,-0.10350520227559457,-0.3311415554171763,-0.699707018463561,1.3380784886691008,0.9184771676276685,0.4493264750927811,-0.3036857334050418,1.0469866784197936,-1.2937229757082183,0.039930414068173783,0.4608306801939211,0.1337104553845832,-0.7049259983890863,0.14694918044361782,-0.42828956637154025,-0.8233178906068351,-0.19601428307463395,-0.6546536707079772,other
-0.45902623952101557,-0.0749204527896957,0.4202930638485338,-0.15341127858976747,1.3418311582968856,1.8331690664724063,0.5100596219184197,0.024146916773074067,0.4493264750927811,-0.3036857334050418,1.0469866784197936,-0.34105509963441977,0.039930414068173783,-2.3750504286917473,-1.7495353951025054,1.027078911657809,1.6776698100646354,2.3348689263480744,1.2145976802021625,-0.19601428307463395,-0.6546536707079772,other
1.1320525803091945,0.25695309223664214,-0.5034279555987932,-0.1783643167468539,-0.6387984019222199,-0.06648799722956913,1.3380784886691008,0.9184771676276685,1.8623028118625335,-0.3036857334050418,1.0469866784197936,-1.2937229757082183,0.4796926835414558,0.4608306801939211,-1.7495353951025054,-0.7049259983890863,-1.3837714491773996,-0.42828956637154025,-0.8233178906068351,-0.19601428307463395,-0.6546536707079772,other
-0.45902623952101557,1.2525737273156554,-0.5034279555987932,-0.10350520227559457,-0.33610376261887065,-0.699707018463561,0.5100596219184197,0.9184771676276685,0.4493264750927811,-0.3036857334050418,1.0469866784197936,0.6116127764393787,-1.0154990326677027,0.4608306801939211,-1.7495353951025054,-0.7049259983890863,0.14694918044361782,-0.42828956637154025,-0.8233178906068351,-0.19601428307463395,-0.6546536707079772,young
1.1320525803091945,-1.2364778603818778,0.4202930638485338,-0.10350520227559457,-0.8291344924443496,-0.699707018463561,-0.3179592448322615,0.024146916773074067,-0.963649861676971,-0.3036857334050418,-0.7659772668958664,-1.2937229757082183,-1.0154990326677027,0.4608306801939211,0.1337104553845832,-0.7049259983890863,0.14694918044361782,-0.42828956637154025,-0.8233178906068351,-0.19601428307463395,-0.6546536707079772,young
-0.45902623952101557,-0.9875727016121244,1.3440140832958607,-0.128458240432681,-0.47929888472490473,-0.699707018463561,0.5100596219184197,0.9184771676276685,0.4493264750927811,-0.3036857334050418,0.14050470576196358,0.6116127764393787,-0.048022039826482565,0.4608306801939211,-1.7495353951025054,-0.7049259983890863,0.14694918044361782,-0.42828956637154025,1.2145976802021625,-0.19601428307463395,-0.6546536707079772,other
1.1320525803091945,-0.7386675428423712,-0.5034279555987932,-0.15341127858976747,-0.29286167128982066,1.8331690664724063,-1.1459781115829426,-0.8701833340815202,1.8623028118625335,-0.3036857334050418,1.0469866784197936,0.6116127764393787,-0.83959412487839,0.4608306801939211,-1.7495353951025054,-0.7049259983890863,0.14694918044361782,-0.42828956637154025,1.2145976802021625,-0.19601428307463395,-0.6546536707079772,other
-0.45902623952101557,0.25695309223664214,1.3440140832958607,9.054259801375132,3.071869254830432,-0.699707018463561,-0.3179592448322615,-0.8701833340815202,0.4493264750927811,1.7906986349055911,0.14050470576196358,0.6116127764393787,0.3037877757521431,0.4608306801939211,0.1337104553845832,1.027078911657809,1.6776698100646354,2.3348689263480744,1.2145976802021625,-0.19601428307463395,1.5275252316519468,other
1.1320525803091945,-0.24085722530286463,-1.4271489750461201,-0.1783643167468539,1.1295195787386816,-0.699707018463561,1.3380784886691008,-0.8701833340815202,0.4493264750927811,-0.3036857334050418,1.0469866784197936,1.5642806525131776,0.3037877757521431,-2.3750504286917473,0.1337104553845832,1.027078911657809,1.6776698100646354,2.3348689263480744,1.2145976802021625,-0.19601428307463395,1.5275252316519468,other
-0.45902623952101557,-0.7386675428423712,-0.5034279555987932,-0.1783643167468539,0.9948310975498378,-0.699707018463561,0.5100596219184197,-0.8701833340815202,0.4493264750927811,-0.3036857334050418,-0.7659772668958664,0.6116127764393787,-0.3118794015104516,0.4608306801939211,0.1337104553845832,-0.7049259983890863,0.14694918044361782,-0.42828956637154025,-0.8233178906068351,-0.19601428307463395,-0.6546536707079772,other
-1.2545656494361206,0.25695309223664214,-0.5034279555987932,-0.128458240432681,1.5771815570058134,1.8331690664724063,-1.1459781115829426,-1.7645135849361144,-0.963649861676971,-0.3036857334050418,-0.7659772668958664,-0.34105509963441977,-0.48778430929976446,0.4608306801939211,0.1337104553845832,-0.7049259983890863,0.14694918044361782,-0.42828956637154025,1.2145976802021625,5.101669043266824,-0.6546536707079772,other
-0.45902623952101557,-0.5727307703292023,-0.5034279555987932,0.046213026666924124,-0.6597105608436458,0.5667310240044227,1.3380784886691008,-1.7645135849361144,1.8623028118625335,-0.3036857334050418,-0.7659772668958664,-1.2937229757082183,-0.048022039826482565,0.4608306801939211,0.1337104553845832,-0.7049259983890863,0.14694918044361782,-0.42828956637154025,1.2145976802021625,-0.19601428307463395,-0.6546536707079772,other
-0.45902623952101557,-1.2364778603818778,0.4202930638485338,0.046213026666924124,-0.6458872693532118,-0.06648799722956913,1.3380784886691008,-1.7645135849361144,-2.376626198446723,-0.3036857334050418,-0.7659772668958664,0.6116127764393787,-0.3998318554051081,-2.3750504286917473,0.1337104553845832,1.027078911657809,0.14694918044361782,2.3348689263480744,-0.8233178906068351,-0.19601428307463395,-0.6546536707079772,other
0.33651317039408946,-0.48976238407261785,-0.5034279555987932,-0.02864608780433522,-1.0205339130811277,-0.699707018463561,-1.1459781115829426,0.9184771676276685,-0.963649861676971,-0.3036857334050418,1.0469866784197936,-0.34105509963441977,-1.1034514865623593,0.4608306801939211,-1.7495353951025054,-0.7049259983890863,0.14694918044361782,-0.42828956637154025,1.2145976802021625,-0.19601428307463395,-0.6546536707079772,young
-0.45902623952101557,-0.24085722530286463,-0.5034279555987932,-0.1783643167468539,1.0593397911718632,-0.699707018463561,0.5100596219184197,0.024146916773074067,0.4493264750927811,-0.3036857334050418,0.14050470576196358,-1.2937229757082183,-0.6636892170890771,0.4608306801939211,-1.7495353951025054,-0.7049259983890863,-1.3837714491773996,-0.42828956637154025,-0.8233178906068351,-0.19601428307463395,-0.6546536707079772,other
1.1320525803091945,1.2525737273156554,1.3440140832958607,-0.1783643167468539,1.6246769687934584,-0.699707018463561,-0.3179592448322615,0.9184771676276685,-0.963649861676971,-0.3036857334050418,-0.7659772668958664,-1.2937229757082183,-0.9275465787730464,-0.9571098742489133,0.1337104553845832,1.027078911657809,0.14694918044361782,-0.42828956637154025,1.2145976802021625,-0.19601428307463395,1.5275252316519468,young
-1.2545656494361206,-0.7386675428423712,-0.5034279555987932,-0.10350520227559457,-0.5640108505252566,0.5667310240044227,1.3380784886691008,0.024146916773074067,1.8623028118625335,-0.3036857334050418,-1.6724592395536964,-1.2937229757082183,-0.048022039826482565,0.4608306801939211,0.1337104553845832,-0.7049259983890863,0.14694918044361782,-0.42828956637154025,-0.8233178906068351,-0.19601428307463395,-0.6546536707079772,other
1.1320525803091945,2.2481943623946687,1.3440140832958607,-0.10350520227559457,0.10872266867586414,1.8331690664724063,1.3380784886691008,0.9184771676276685,0.4493264750927811,-0.3036857334050418,-1.6724592395536964,-1.2937229757082183,1.0074074069093941,0.4608306801939211,0.1337104553845832,-0.7049259983890863,0.14694918044361782,-0.42828956637154025,1.2145976802021625,-0.19601428307463395,-0.6546536707079772,other
-1.2545656494361206,1.7503840448551622,-0.5034279555987932,-0.10350520227559457,1.3833010327681878,1.8331690664724063,0.5100596219184197,0.9184771676276685,-0.963649861676971,-0.3036857334050418,0.14050470576196358,0.6116127764393787,-0.48778430929976446,0.4608306801939211,0.1337104553845832,-0.7049259983890863,1.6776698100646354,-0.42828956637154025,1.2145976802021625,-0.19601428307463395,1.5275252316519468,other
-1.2545656494361206,-0.90460431535554,1.3440140832958607,-0.128458240432681,-0.40380244658484216,1.8331690664724063,-1.1459781115829426,-0.8701833340815202,-0.963649861676971,1.7906986349055911,0.14050470576196358,-1.2937229757082183,-0.7516416709837337,0.4608306801939211,-1.7495353951025054,1.027078911657809,0.14694918044361782,-0.42828956637154025,-0.8233178906068351,5.101669043266824,-0.6546536707079772,other
-1.2545656494361206,1.003668568545902,1.3440140832958607,-0.128458240432681,0.35789635887522553,0.5667310240044227,-0.3179592448322615,-1.7645135849361144,-0.963649861676971,-0.3036857334050418,1.0469866784197936,0.6116127764393787,-1.1034514865623593,0.4608306801939211,0.1337104553845832,1.027078911657809,0.14694918044361782,-0.42828956637154025,-0.8233178906068351,-0.19601428307463395,1.5275252316519468,young
-0.45902623952101557,-0.7386675428423712,1.3440140832958607,-0.1783643167468539,-0.32086269764223824,0.5667310240044227,0.5100596219184197,0.024146916773074067,-2.376626198446723,-0.3036857334050418,0.14050470576196358,0.6116127764393787,0.039930414068173783,0.4608306801939211,0.1337104553845832,-0.7049259983890863,1.6776698100646354,-0.42828956637154025,1.2145976802021625,-0.19601428307463395,-0.6546536707079772,other
-1.2545656494361206,0.008047933466888762,-0.5034279555987932,-0.10350520227559457,-0.5090721279350703,-0.699707018463561,-0.3179592448322615,0.024146916773074067,-0.963649861676971,-0.3036857334050418,-0.7659772668958664,-1.2937229757082183,-0.9275465787730464,0.4608306801939211,0.1337104553845832,1.027078911657809,0.14694918044361782,-0.42828956637154025,1.2145976802021625,-0.19601428307463395,1.5275252316519468,young
1.1320525803091945,0.25695309223664214,1.3440140832958607,-0.15341127858976747,0.2115112464252451,-0.699707018463561,1.3380784886691008,0.9184771676276685,-0.963649861676971,-0.3036857334050418,-0.7659772668958664,0.6116127764393787,0.4796926835414558,0.4608306801939211,-1.7495353951025054,1.027078911657809,1.6776698100646354,-0.42828956637154025,1.2145976802021625,-0.19601428307463395,-0.6546536707079772,other
1.1320525803091945,-0.7386675428423712,-0.5034279555987932,-0.128458240432681,-0.5328198338288928,-0.699707018463561,-0.3179592448322615,0.024146916773074067,0.4493264750927811,-0.3036857334050418,-0.7659772668958664,-1.2937229757082183,-1.0154990326677027,0.4608306801939211,-1.7495353951025054,-0.7049259983890863,-1.3837714491773996,-0.42828956637154025,-0.8233178906068351,-0.19601428307463395,-0.6546536707079772,young
0.33651317039408946,-0.90460431535554,1.3440140832958607,-0.1783643167468539,-0.8826554415483376,-0.699707018463561,1.3380784886691008,0.9184771676276685,0.4493264750927811,-0.3036857334050418,1.0469866784197936,1.5642806525131776,2.414646669223896,0.4608306801939211,2.016956305871672,1.027078911657809,0.14694918044361782,-0.42828956637154025,1.2145976802021625,-0.19601428307463395,-0.6546536707079772,other
-0.45902623952101557,-0.24085722530286463,-0.5034279555987932,-0.128458240432681,-0.47752666786715675,1.8331690664724063,-1.1459781115829426,0.9184771676276685,-0.963649861676971,-0.3036857334050418,0.14050470576196358,-1.2937229757082183,-0.7516416709837337,0.4608306801939211,-1.7495353951025054,-0.7049259983890863,0.14694918044361782,-0.42828956637154025,-0.8233178906068351,-0.19601428307463395,1.5275252316519468,other
-1.2545656494361206,-0.7386675428423712,1.3440140832958607,-0.1783643167468539,-0.40770132367188766,-0.699707018463561,-0.3179592448322615,0.9184771676276685,0.4493264750927811,-0.3036857334050418,-0.7659772668958664,-0.34105509963441977,-0.48778430929976446,0.4608306801939211,0.1337104553845832,1.027078911657809,0.14694918044361782,-0.42828956637154025,-0.8233178906068351,-0.19601428307463395,-0.6546536707079772,other
-1.2545656494361206,-0.7386675428423712,-0.5034279555987932,-0.10350520227559457,-0.9110109112723047,-0.699707018463561,-0.3179592448322615,0.9184771676276685,1.8623028118625335,-0.3036857334050418,-0.7659772668958664,-1.2937229757082183,0.39174022964679944,0.4608306801939211,0.1337104553845832,-0.7049259983890863,-1.3837714491773996,-0.42828956637154025,-0.8233178906068351,-0.19601428307463395,-0.6546536707079772,other
-0.45902623952101557,-0.7386675428423712,-0.5034279555987932,-0.05359912596142167,-0.9329864003083793,-0.699707018463561,-0.3179592448322615,0.9184771676276685,0.4493264750927811,-0.3036857334050418,-0.7659772668958664,0.6116127764393787,-0.48778430929976446,0.4608306801939211,0.1337104553845832,-0.7049259983890863,0.14694918044361782,-0.42828956637154025,-0.8233178906068351,-0.19601428307463395,1.5275252316519468,other
-0.45902623952101557,-0.7386675428423712,1.3440140832958607,-0.15341127858976747,-0.5002110436463305,-0.699707018463561,-1.973996978333624,0.9184771676276685,0.4493264750927811,-0.3036857334050418,-0.7659772668958664,0.6116127764393787,-0.13597449372113893,0.4608306801939211,0.1337104553845832,1.027078911657809,1.6776698100646354,-0.42828956637154025,1.2145976802021625,-0.19601428307463395,-0.6546536707079772,other
-1.2545656494361206,-0.7386675428423712,1.3440140832958607,-0.1783643167468539,0.08072164232344654,-0.699707018463561,-0.3179592448322615,0.024146916773074067,-0.963649861676971,1.7906986349055911,-0.7659772668958664,-1.2937229757082183,-0.5757367631944208,0.4608306801939211,0.1337104553845832,1.027078911657809,0.14694918044361782,-0.42828956637154025,-0.8233178906068351,-0.19601428307463395,1.5275252316519468,other
-0.45902623952101557,2.2481943623946687,-0.5034279555987932,-0.1783643167468539,1.8486851796127985,1.8331690664724063,0.5100596219184197,-1.7645135849361144,-0.963649861676971,-0.3036857334050418,-0.7659772668958664,0.6116127764393787,-1.0154990326677027,0.4608306801939211,0.1337104553845832,-0.7049259983890863,0.14694918044361782,-0.42828956637154025,-0.8233178906068351,-0.19601428307463395,-0.6546536707079772,young
-1.2545656494361206,1.2525737273156554,0.4202930638485338,-0.02864608780433522,1.2815757851334557,-0.699707018463561,-0.3179592448322615,0.9184771676276685,0.4493264750927811,-0.3036857334050418,0.14050470576196358,-0.34105509963441977,-0.5757367631944208,-0.9571098742489133,0.1337104553845832,-0.7049259983890863,0.14694918044361782,-0.42828956637154025,1.2145976802021625,-0.19601428307463395,1.5275252316519468,other
1.1320525803091945,-0.48976238407261785,-0.5034279555987932,-0.128458240432681,-0.1996430645722786,-0.699707018463561,-1.1459781115829426,-0.8701833340815202,0.4493264750927811,-0.3036857334050418,0.14050470576196358,-0.34105509963441977,-0.7516416709837337,-2.3750504286917473,0.1337104553845832,1.027078911657809,-1.3837714491773996,-0.42828956637154025,-0.8233178906068351,-0.19601428307463395,-0.6546536707079772,other
1.1320525803091945,-0.24085722530286463,-0.5034279555987932,-0.128458240432681,-0.4562600655741814,-0.699707018463561,-0.3179592448322615,0.9184771676276685,0.4493264750927811,-0.3036857334050418,1.0469866784197936,1.5642806525131776,1.0074074069093941,-2.3750504286917473,2.016956305871672,1.027078911657809,0.14694918044361782,-0.42828956637154025,-0.8233178906068351,-0.19601428307463395,-0.6546536707079772,other
1.1320525803091945,3.243814997473682,-0.5034279555987932,-0.10350520227559457,2.4359978462704683,-0.06648799722956913,0.5100596219184197,-0.8701833340815202,-0.963649861676971,-0.3036857334050418,1.0469866784197936,-1.2937229757082183,-1.279356394351672,0.4608306801939211,0.1337104553845832,-0.7049259983890863,0.14694918044361782,-0.42828956637154025,1.2145976802021625,-0.19601428307463395,-0.6546536707079772,young
1.1320525803091945,-0.7386675428423712,1.3440140832958607,-0.10350520227559457,-0.7199659340070759,1.8331690664724063,1.3380784886691008,0.9184771676276685,-0.963649861676971,-0.3036857334050418,-0.7659772668958664,-1.2937229757082183,0.21583532185748674,0.4608306801939211,0.1337104553845832,1.027078911657809,0.14694918044361782,-0.42828956637154025,1.2145976802021625,-0.19601428307463395,-0.6546536707079772,other
1.1320525803091945,0.5058582510063955,0.4202930638485338,-0.15341127858976747,1.8933450444280469,1.1999500452384144,-0.3179592448322615,-0.8701833340815202,0.4493264750927811,-0.3036857334050418,-0.7659772668958664,0.6116127764393787,-0.7516416709837337,0.4608306801939211,0.1337104553845832,1.027078911657809,0.14694918044361782,-0.42828956637154025,-0.8233178906068351,-0.19601428307463395,-0.6546536707079772,other
-0.45902623952101557,-0.7386675428423712,-0.5034279555987932,-0.10350520227559457,-0.8879720921215815,0.5667310240044227,-0.3179592448322615,0.9184771676276685,0.4493264750927811,-0.3036857334050418,0.14050470576196358,-1.2937229757082183,2.678504030907866,0.4608306801939211,0.1337104553845832,-0.7049259983890863,-1.3837714491773996,-0.42828956637154025,-0.8233178906068351,-0.19601428307463395,1.5275252316519468,other
-0.45902623952101557,-0.48976238407261785,1.3440140832958607,-0.10350520227559457,-0.19255419714128694,1.8331690664724063,0.5100596219184197,0.9184771676276685,0.4493264750927811,3.8850830032162245,-0.7659772668958664,-1.2937229757082183,-0.048022039826482565,-2.3750504286917473,0.1337104553845832,2.759083821704704,0.14694918044361782,-0.42828956637154025,1.2145976802021625,-0.19601428307463395,-0.6546536707079772,other
0.33651317039408946,-0.7386675428423712,-0.5034279555987932,-0.10350520227559457,-0.49276773284378916,-0.699707018463561,-0.3179592448322615,-0.8701833340815202,-0.963649861676971,-0.3036857334050418,-0.7659772668958664,0.6116127764393787,0.7435500452254251,0.4608306801939211,-1.7495353951025054,-0.7049259983890863,-1.3837714491773996,-0.42828956637154025,1.2145976802021625,-0.19601428307463395,-0.6546536707079772,other
0.33651317039408946,-1.2364778603818778,-0.5034279555987932,-0.1783643167468539,-0.9081753642999081,1.1999500452384144,-1.1459781115829426,-0.8701833340815202,1.8623028118625335,-0.3036857334050418,-0.7659772668958664,-1.2937229757082183,-0.7516416709837337,0.4608306801939211,0.1337104553845832,-0.7049259983890863,-2.9144920787984168,-0.42828956637154025,-0.8233178906068351,5.101669043266824,-0.6546536707079772,other
-0.45902623952101557,1.2525737273156554,-0.5034279555987932,-0.10350520227559457,0.5400802518517146,-0.699707018463561,-1.1459781115829426,0.9184771676276685,-0.963649861676971,-0.3036857334050418,-1.6724592395536964,1.5642806525131776,-0.48778430929976446,0.4608306801939211,0.1337104553845832,-0.7049259983890863,1.6776698100646354,-0.42828956637154025,1.2145976802021625,-0.19601428307463395,-0.6546536707079772,other
-1.2545656494361206,0.5058582510063955,-0.5034279555987932,-0.10350520227559457,0.05130284248483059,-0.699707018463561,-0.3179592448322615,0.024146916773074067,0.4493264750927811,-0.3036857334050418,-0.7659772668958664,0.6116127764393787,-0.7516416709837337,0.4608306801939211,0.1337104553845832,-0.7049259983890863,1.6776698100646354,-0.42828956637154025,-0.8233178906068351,-0.19601428307463395,-0.6546536707079772,other
-1.2545656494361206,-0.24085722530286463,-0.5034279555987932,-0.128458240432681,-0.2868361339734777,-0.699707018463561,-0.3179592448322615,-0.8701833340815202,0.4493264750927811,-0.3036857334050418,-0.7659772668958664,0.6116127764393787,-1.1914039404570156,0.4608306801939211,0.1337104553845832,-0.7049259983890863,0.14694918044361782,-0.42828956637154025,-0.8233178906068351,-0.19601428307463395,1.5275252316519468,young
1.1320525803091945,0.008047933466888762,1.3440140832958607,-0.128458240432681,-0.34850928062310627,-0.699707018463561,-1.1459781115829426,0.9184771676276685,-0.963649861676971,-0.3036857334050418,1.0469866784197936,-0.34105509963441977,-1.1034514865623593,0.4608306801939211,0.1337104553845832,-0.7049259983890863,0.14694918044361782,-0.42828956637154025,1.2145976802021625,-0.19601428307463395,-0.6546536707079772,young
-0.45902623952101557,2.2481943623946687,-1.4271489750461201,0.046213026666924124,0.10446934821726903,-0.06648799722956913,0.5100596219184197,0.9184771676276685,0.4493264750927811,-0.3036857334050418,-0.7659772668958664,0.6116127764393787,-0.48778430929976446,0.4608306801939211,0.1337104553845832,-0.7049259983890863,0.14694918044361782,-0.42828956637154025,-0.8233178906068351,-0.19601428307463395,-0.6546536707079772,other
-1.2545656494361206,-1.2364778603818778,1.3440140832958607,-0.1783643167468539,-0.85465441519592,-0.699707018463561,1.3380784886691008,-1.7645135849361144,-0.963649861676971,-0.3036857334050418,1.0469866784197936,1.5642806525131776,0.3037877757521431,0.4608306801939211,0.1337104553845832,1.027078911657809,0.14694918044361782,-0.42828956637154025,1.2145976802021625,-0.19601428307463395,-0.6546536707079772,other
1.1320525803091945,-0.7386675428423712,1.3440140832958607,-0.1783643167468539,-0.9177453353317468,-0.06648799722956913,0.5100596219184197,0.9184771676276685,-0.963649861676971,-0.3036857334050418,0.14050470576196358,0.6116127764393787,1.3592172224880197,0.4608306801939211,0.1337104553845832,1.027078911657809,0.14694918044361782,-0.42828956637154025,1.2145976802021625,-0.19601428307463395,-0.6546536707079772,other
-1.2545656494361206,1.2525737273156554,1.3440140832958607,-0.128458240432681,0.7442396338642782,-0.699707018463561,-0.3179592448322615,0.024146916773074067,0.4493264750927811,3.8850830032162245,-0.7659772668958664,-0.34105509963441977,-0.6636892170890771,0.4608306801939211,0.1337104553845832,1.027078911657809,0.14694918044361782,-0.42828956637154025,-0.8233178906068351,-0.19601428307463395,-0.6546536707079772,other
1.1320525803091945,-0.24085722530286463,1.3440140832958607,-0.10350520227559457,-0.5987463009371163,1.1999500452384144,1.3380784886691008,0.9184771676276685,0.4493264750927811,-0.3036857334050418,1.0469866784197936,0.6116127764393787,0.9194549530147378,0.4608306801939211,0.1337104553845832,1.027078911657809,0.14694918044361782,-0.42828956637154025,-0.8233178906068351,-0.19601428307463395,-0.6546536707079772,other
1.1320525803091945,-1.2364778603818778,-0.5034279555987932,-0.10350520227559457,-0.6823949366228195,-0.06648799722956913,1.3380784886691008,-0.8701833340815202,0.4493264750927811,-0.3036857334050418,1.0469866784197936,1.5642806525131776,0.5676451374361121,-2.3750504286917473,2.016956305871672,-0.7049259983890863,0.14694918044361782,2.3348689263480744,1.2145976802021625,-0.19601428307463395,-0.6546536707079772,other
1.1320525803091945,-0.90460431535554,-0.5034279555987932,-0.10350520227559457,-0.47752666786715675,-0.699707018463561,-0.3179592448322615,-1.7645135849361144,0.4493264750927811,-0.3036857334050418,1.0469866784197936,-0.34105509963441977,0.21583532185748674,0.4608306801939211,0.1337104553845832,-0.7049259983890863,0.14694918044361782,-0.42828956637154025,1.2145976802021625,5.101669043266824,-0.6546536707079772,other
0.33651317039408946,1.2525737273156554,-0.5034279555987932,-0.10350520227559457,0.9133091220934323,-0.699707018463561,-0.3179592448322615,0.9184771676276685,0.4493264750927811,-0.3036857334050418,-1.6724592395536964,0.6116127764393787,-1.0154990326677027,0.4608306801939211,0.1337104553845832,-0.7049259983890863,0.14694918044361782,-0.42828956637154025,-0.8233178906068351,-0.19601428307463395,-0.6546536707079772,young
-0.45902623952101557,0.25695309223664214,1.3440140832958607,-0.15341127858976747,1.590295961753148,1.1999500452384144,1.3380784886691008,-0.8701833340815202,-0.963649861676971,-0.3036857334050418,1.0469866784197936,1.5642806525131776,-0.5757367631944208,0.4608306801939211,-1.7495353951025054,-0.7049259983890863,0.14694918044361782,-0.42828956637154025,-0.8233178906068351,-0.19601428307463395,-0.6546536707079772,other
-0.45902623952101557,0.25695309223664214,0.4202930638485338,0.046213026666924124,1.3099312548574227,-0.06648799722956913,0.5100596219184197,0.9184771676276685,0.4493264750927811,-0.3036857334050418,1.0469866784197936,0.6116127764393787,0.039930414068173783,0.4608306801939211,-1.7495353951025054,-0.7049259983890863,1.6776698100646354,-0.42828956637154025,1.2145976802021625,-0.19601428307463395,-0.6546536707079772,other
-1.2545656494361206,-0.7386675428423712,-0.5034279555987932,-0.128458240432681,-0.7050793124019933,-0.699707018463561,-0.3179592448322615,-0.8701833340815202,-0.963649861676971,-0.3036857334050418,1.0469866784197936,0.6116127764393787,-1.3673088482463283,0.4608306801939211,-1.7495353951025054,-0.7049259983890863,0.14694918044361782,-0.42828956637154025,-0.8233178906068351,-0.19601428307463395,1.5275252316519468,young
-1.2545656494361206,-0.9875727016121244,1.3440140832958607,-0.05359912596142167,-0.7029526521726956,-0.06648799722956913,1.3380784886691008,0.024146916773074067,0.4493264750927811,3.8850830032162245,1.0469866784197936,-1.2937229757082183,1.095359860804051,0.4608306801939211,0.1337104553845832,1.027078911657809,0.14694918044361782,2.3348689263480744,-0.8233178906068351,5.101669043266824,-0.6546536707079772,other
-1.2545656494361206,-0.7386675428423712,-1.4271489750461201,0.021259988509837676,-1.039319411773256,-0.699707018463561,1.3380784886691008,0.9184771676276685,1.8623028118625335,-0.3036857334050418,-1.6724592395536964,0.6116127764393787,0.8315024991200815,-2.3750504286917473,0.1337104553845832,-0.7049259983890863,-1.3837714491773996,-0.42828956637154025,-0.8233178906068351,-0.19601428307463395,-0.6546536707079772,other
-0.45902623952101557,0.25695309223664214,-0.5034279555987932,-0.1783643167468539,0.08532940615359123,-0.06648799722956913,0.5100596219184197,-0.8701833340815202,0.4493264750927811,-0.3036857334050418,0.14050470576196358,0.6116127764393787,0.21583532185748674,-2.3750504286917473,0.1337104553845832,1.027078911657809,0.14694918044361782,-0.42828956637154025,1.2145976802021625,-0.19601428307463395,-0.6546536707079772,other
1.1320525803091945,-1.2364778603818778,1.3440140832958607,-0.10350520227559457,-0.4867421955274462,1.8331690664724063,-0.3179592448322615,-1.7645135849361144,0.4493264750927811,-0.3036857334050418,-0.7659772668958664,-1.2937229757082183,-0.13597449372113893,0.4608306801939211,0.1337104553845832,1.027078911657809,-1.3837714491773996,2.3348689263480744,-0.8233178906068351,-0.19601428307463395,-0.6546536707079772,other
1.1320525803091945,0.25695309223664214,1.3440140832958607,-0.10350520227559457,-0.14151435163814605,-0.06648799722956913,1.3380784886691008,0.024146916773074067,0.4493264750927811,-0.3036857334050418,1.0469866784197936,-1.2937229757082183,0.039930414068173783,0.4608306801939211,0.1337104553845832,-0.7049259983890863,0.14694918044361782,2.3348689263480744,1.2145976802021625,-0.19601428307463395,-0.6546536707079772,other
1.1320525803091945,-0.24085722530286463,1.3440140832958607,-0.1783643167468539,-0.78553795774375,-0.699707018463561,-1.1459781115829426,0.9184771676276685,-0.963649861676971,-0.3036857334050418,-1.6724592395536964,-0.34105509963441977,-0.48778430929976446,0.4608306801939211,0.1337104553845832,1.027078911657809,0.14694918044361782,-0.42828956637154025,-0.8233178906068351,-0.19601428307463395,-0.6546536707079772,other
1.1320525803091945,-0.48976238407261785,-0.5034279555987932,-0.07855216411850811,-0.712168179832985,0.5667310240044227,0.5100596219184197,0.9184771676276685,0.4493264750927811,-0.3036857334050418,0.14050470576196358,-0.34105509963441977,0.039930414068173783,0.4608306801939211,0.1337104553845832,1.027078911657809,0.14694918044361782,-0.42828956637154025,1.2145976802021625,-0.19601428307463395,-0.6546536707079772,other
-0.45902623952101557,-0.90460431535554,-0.5034279555987932,-0.1783643167468539,1.4307964445558328,-0.699707018463561,-1.973996978333624,-0.8701833340815202,0.4493264750927811,-0.3036857334050418,1.0469866784197936,1.5642806525131776,3.030313846486491,-2.3750504286917473,2.016956305871672,-0.7049259983890863,1.6776698100646354,-0.42828956637154025,1.2145976802021625,-0.19601428307463395,-0.6546536707079772,other
1.1320525803091945,1.2525737273156554,-0.5034279555987932,-0.1783643167468539,-0.83728668998999,0.5667310240044227,1.3380784886691008,0.9184771676276685,0.4493264750927811,-0.3036857334050418,1.0469866784197936,-0.34105509963441977,0.039930414068173783,0.4608306801939211,0.1337104553845832,-0.7049259983890863,0.14694918044361782,-0.42828956637154025,-0.8233178906068351,-0.19601428307463395,-0.6546536707079772,other
1.1320525803091945,-1.2364778603818778,-0.5034279555987932,-0.128458240432681,-0.10394335425388947,0.5667310240044227,-0.3179592448322615,-1.7645135849361144,0.4493264750927811,-0.3036857334050418,-0.7659772668958664,0.6116127764393787,-0.3118794015104516,0.4608306801939211,0.1337104553845832,-0.7049259983890863,0.14694918044361782,-0.42828956637154025,1.2145976802021625,-0.19601428307463395,-0.6546536707079772,other
-1.2545656494361206,-0.24085722530286463,-0.5034279555987932,-0.128458240432681,-0.7586002615059813,-0.699707018463561,-1.973996978333624,0.9184771676276685,-0.963649861676971,-0.3036857334050418,-0.7659772668958664,0.6116127764393787,-0.22392694761579526,0.4608306801939211,0.1337104553845832,-0.7049259983890863,0.14694918044361782,-0.42828956637154025,-0.8233178906068351,-0.19601428307463395,1.5275252316519468,other
-0.45902623952101557,-0.8216359290989557,-0.5034279555987932,-0.128458240432681,-0.6005185177948643,1.1999500452384144,-1.1459781115829426,0.9184771676276685,-0.963649861676971,-0.3036857334050418,-1.6724592395536964,-1.2937229757082183,-1.3673088482463283,0.4608306801939211,0.1337104553845832,-0.7049259983890863,0.14694918044361782,-0.42828956637154025,-0.8233178906068351,-0.19601428307463395,-0.6546536707079772,young
1.1320525803091945,0.25695309223664214,-0.5034279555987932,-0.128458240432681,0.24837335706640232,-0.699707018463561,0.5100596219184197,-0.8701833340815202,-0.963649861676971,-0.3036857334050418,1.0469866784197936,-0.34105509963441977,-0.9275465787730464,0.4608306801939211,-1.7495353951025054,-0.7049259983890863,0.14694918044361782,-0.42828956637154025,1.2145976802021625,-0.19601428307463395,-0.6546536707079772,young
-0.45902623952101557,0.25695309223664214,1.3440140832958607,0.046213026666924124,-0.47362779078011136,-0.699707018463561,1.3380784886691008,0.9184771676276685,-2.376626198446723,-0.3036857334050418,1.0469866784197936,-1.2937229757082183,-0.3998318554051081,0.4608306801939211,0.1337104553845832,1.027078911657809,0.14694918044361782,-0.42828956637154025,1.2145976802021625,-0.19601428307463395,1.5275252316519468,other
-1.2545656494361206,-0.48976238407261785,-2.350869994493447,-0.1783643167468539,-0.8227545117564569,-0.699707018463561,1.3380784886691008,0.9184771676276685,0.4493264750927811,-0.3036857334050418,0.14050470576196358,0.6116127764393787,-0.22392694761579526,0.4608306801939211,-1.7495353951025054,1.027078911657809,0.14694918044361782,2.3348689263480744,-0.8233178906068351,-0.19601428307463395,1.5275252316519468,other
1.1320525803091945,-0.7386675428423712,-0.5034279555987932,-0.128458240432681,-0.8890354222362301,-0.699707018463561,-0.3179592448322615,0.9184771676276685,-0.963649861676971,-0.3036857334050418,-1.6724592395536964,-1.2937229757082183,-0.83959412487839,0.4608306801939211,0.1337104553845832,-0.7049259983890863,0.14694918044361782,-0.42828956637154025,1.2145976802021625,-0.19601428307463395,-0.6546536707079772,other
-0.45902623952101557,0.25695309223664214,0.4202930638485338,-0.128458240432681,-0.42790459585021423,-0.699707018463561,-1.973996978333624,0.024146916773074067,-0.963649861676971,-0.3036857334050418,-0.7659772668958664,-0.34105509963441977,-0.13597449372113893,0.4608306801939211,0.1337104553845832,-0.7049259983890863,1.6776698100646354,-0.42828956637154025,1.2145976802021625,-0.19601428307463395,1.5275252316519468,other
-0.45902623952101557,-1.070541087868709,-0.5034279555987932,-0.10350520227559457,-0.6582927873574475,-0.699707018463561,-0.3179592448322615,0.9184771676276685,0.4493264750927811,3.8850830032162245,-0.7659772668958664,-1.2937229757082183,-0.22392694761579526,0.4608306801939211,0.1337104553845832,-0.7049259983890863,0.14694918044361782,-0.42828956637154025,-0.8233178906068351,5.101669043266824,-0.6546536707079772,other
-1.2545656494361206,0.008047933466888762,0.4202930638485338,-0.02864608780433522,0.0505939557417314,-0.699707018463561,-1.1459781115829426,-0.8701833340815202,0.4493264750927811,-0.3036857334050418,-1.6724592395536964,-0.34105509963441977,-0.83959412487839,0.4608306801939211,0.1337104553845832,1.027078911657809,0.14694918044361782,-0.42828956637154025,-0.8233178906068351,-0.19601428307463395,1.5275252316519468,other
1.1320525803091945,0.7547634097761486,-1.4271489750461201,-0.15341127858976747,1.4935329213201098,1.8331690664724063,-1.973996978333624,0.9184771676276685,-0.963649861676971,-0.3036857334050418,-1.6724592395536964,-1.2937229757082183,1.5351221302773324,-2.3750504286917473,0.1337104553845832,-0.7049259983890863,1.6776698100646354,-0.42828956637154025,1.2145976802021625,-0.19601428307463395,1.5275252316519468,other
-1.2545656494361206,-0.7386675428423712,-0.5034279555987932,-0.128458240432681,-0.24607514624527496,-0.699707018463561,-0.3179592448322615,-0.8701833340815202,-2.376626198446723,-0.3036857334050418,-1.6724592395536964,0.6116127764393787,0.5676451374361121,0.4608306801939211,0.1337104553845832,-0.7049259983890863,0.14694918044361782,-0.42828956637154025,-0.8233178906068351,-0.19601428307463395,-0.6546536707079772,other
-1.2545656494361206,-1.2364778603818778,1.3440140832958607,-0.10350520227559457,-1.0396738551448057,0.5667310240044227,1.3380784886691008,0.9184771676276685,0.4493264750927811,-0.3036857334050418,1.0469866784197936,0.6116127764393787,1.4471696763826762,0.4608306801939211,0.1337104553845832,1.027078911657809,0.14694918044361782,-0.42828956637154025,-0.8233178906068351,-0.19601428307463395,-0.6546536707079772,other
1.1320525803091945,-0.7386675428423712,-0.5034279555987932,-0.10350520227559457,-0.46370337637672276,-0.699707018463561,0.5100596219184197,0.9184771676276685,0.4493264750927811,-0.3036857334050418,-0.7659772668958664,0.6116127764393787,-0.3998318554051081,0.4608306801939211,-1.7495353951025054,1.027078911657809,1.6776698100646354,2.3348689263480744,1.2145976802021625,-0.19601428307463395,-0.6546536707079772,other
-1.2545656494361206,0.008047933466888762,1.3440140832958607,-0.1783643167468539,-0.9570885495737513,-0.699707018463561,1.3380784886691008,0.9184771676276685,0.4493264750927811,-0.3036857334050418,1.0469866784197936,-1.2937229757082183,2.590551577013209,0.4608306801939211,0.1337104553845832,1.027078911657809,0.14694918044361782,-0.42828956637154025,-0.8233178906068351,-0.19601428307463395,-0.6546536707079772,other
1.1320525803091945,1.2525737273156554,0.4202930638485338,0.046213026666924124,2.2332562377441034,-0.699707018463561,-1.1459781115829426,-1.7645135849361144,-2.376626198446723,-0.3036857334050418,-1.6724592395536964,0.6116127764393787,-0.6636892170890771,0.4608306801939211,0.1337104553845832,1.027078911657809,0.14694918044361782,-0.42828956637154025,-0.8233178906068351,-0.19601428307463395,1.5275252316519468,other
-0.45902623952101557,1.2525737273156554,0.4202930638485338,0.046213026666924124,0.419569505524854,-0.699707018463561,-0.3179592448322615,-0.8701833340815202,-2.376626198446723,-0.3036857334050418,-0.7659772668958664,-1.2937229757082183,-0.48778430929976446,-0.9571098742489133,0.1337104553845832,1.027078911657809,1.6776698100646354,-0.42828956637154025,1.2145976802021625,-0.19601428307463395,1.5275252316519468,other
-1.2545656494361206,0.008047933466888762,-1.4271489750461201,-0.1783643167468539,-0.5757074817863931,1.8331690664724063,-0.3179592448322615,0.9184771676276685,0.4493264750927811,-0.3036857334050418,-0.7659772668958664,-0.34105509963441977,0.39174022964679944,0.4608306801939211,0.1337104553845832,1.027078911657809,-1.3837714491773996,2.3348689263480744,-0.8233178906068351,-0.19601428307463395,1.5275252316519468,other
1.1320525803091945,0.25695309223664214,1.3440140832958607,-0.128458240432681,0.1792568996142324,1.1999500452384144,-0.3179592448322615,0.9184771676276685,0.4493264750927811,-0.3036857334050418,1.0469866784197936,-1.2937229757082183,1.2712647685933636,0.4608306801939211,0.1337104553845832,-0.7049259983890863,0.14694918044361782,-0.42828956637154025,1.2145976802021625,-0.19601428307463395,-0.6546536707079772,other
-0.45902623952101557,-0.24085722530286463,1.3440140832958607,-0.1783643167468539,-0.8461477742787298,-0.699707018463561,1.3380784886691008,0.9184771676276685,0.4493264750927811,-0.3036857334050418,1.0469866784197936,0.6116127764393787,0.039930414068173783,-2.3750504286917473,0.1337104553845832,-0.7049259983890863,0.14694918044361782,2.3348689263480744,1.2145976802021625,-0.19601428307463395,1.5275252316519468,other
1.1320525803091945,-0.48976238407261785,1.3440140832958607,-0.10350520227559457,-0.6774327294211252,-0.699707018463561,-0.3179592448322615,0.9184771676276685,0.4493264750927811,-0.3036857334050418,-0.7659772668958664,-0.34105509963441977,-0.3998318554051081,0.4608306801939211,0.1337104553845832,1.027078911657809,0.14694918044361782,-0.42828956637154025,-0.8233178906068351,-0.19601428307463395,-0.6546536707079772,other
-0.45902623952101557,-0.9875727016121244,-1.4271489750461201,-0.15341127858976747,0.6584643379492773,-0.699707018463561,1.3380784886691008,-0.8701833340815202,-0.963649861676971,-0.3036857334050418,1.0469866784197936,1.5642806525131776,3.3821236620651165,-2.3750504286917473,2.016956305871672,-0.7049259983890863,1.6776698100646354,2.3348689263480744,1.2145976802021625,-0.19601428307463395,1.5275252316519468,other
-0.45902623952101557,-0.40679399781603337,1.3440140832958607,-0.1783643167468539,-0.7430047531577992,-0.699707018463561,-1.973996978333624,-0.8701833340815202,0.4493264750927811,-0.3036857334050418,0.14050470576196358,0.6116127764393787,2.8544089386971785,0.4608306801939211,2.016956305871672,2.759083821704704,-2.9144920787984168,-0.42828956637154025,1.2145976802021625,-0.19601428307463395,-0.6546536707079772,other
-1.2545656494361206,-0.7386675428423712,-0.5034279555987932,-0.10350520227559457,-0.9205808823041436,-0.06648799722956913,0.5100596219184197,0.9184771676276685,1.8623028118625335,-0.3036857334050418,-1.6724592395536964,-0.34105509963441977,-1.3673088482463283,0.4608306801939211,0.1337104553845832,-0.7049259983890863,0.14694918044361782,-0.42828956637154025,-0.8233178906068351,-0.19601428307463395,1.5275252316519468,young
-0.45902623952101557,-0.24085722530286463,-2.350869994493447,-0.128458240432681,-0.009661417421698706,-0.699707018463561,-0.3179592448322615,-1.7645135849361144,-0.963649861676971,-0.3036857334050418,1.0469866784197936,0.6116127764393787,-0.22392694761579526,-2.3750504286917473,0.1337104553845832,1.027078911657809,0.14694918044361782,-0.42828956637154025,1.2145976802021625,-0.19601428307463395,-0.6546536707079772,other
1.1320525803091945,0.25695309223664214,-0.5034279555987932,0.046213026666924124,0.46777380405559815,1.1999500452384144,-0.3179592448322615,-0.8701833340815202,0.4493264750927811,-0.3036857334050418,0.14050470576196358,-0.34105509963441977,1.623074584171989,0.4608306801939211,0.1337104553845832,2.759083821704704,1.6776698100646354,-0.42828956637154025,1.2145976802021625,-0.19601428307463395,1.5275252316519468,other
-0.45902623952101557,2.2481943623946687,-2.350869994493447,0.046213026666924124,0.2030046055080549,-0.06648799722956913,0.5100596219184197,0.9184771676276685,0.4493264750927811,-0.3036857334050418,1.0469866784197936,1.5642806525131776,-0.13597449372113893,0.4608306801939211,2.016956305871672,-0.7049259983890863,-1.3837714491773996,2.3348689263480744,-0.8233178906068351,-0.19601428307463395,1.5275252316519468,other
-0.45902623952101557,0.5058582510063955,-0.5034279555987932,0.046213026666924124,0.22817008488807575,-0.699707018463561,-0.3179592448322615,0.9184771676276685,0.4493264750927811,-0.3036857334050418,-0.7659772668958664,0.6116127764393787,0.039930414068173783,0.4608306801939211,0.1337104553845832,-0.7049259983890863,0.14694918044361782,2.3348689263480744,1.2145976802021625,-0.19601428307463395,1.5275252316519468,other
1.1320525803091945,-1.2364778603818778,-0.5034279555987932,-0.10350520227559457,-0.4123090875020324,-0.699707018463561,0.5100596219184197,-0.8701833340815202,1.8623028118625335,-0.3036857334050418,-0.7659772668958664,-1.2937229757082183,-0.5757367631944208,0.4608306801939211,-1.7495353951025054,-0.7049259983890863,0.14694918044361782,-0.42828956637154025,-0.8233178906068351,-0.19601428307463395,-0.6546536707079772,other
-0.45902623952101557,1.9992892036249152,-0.5034279555987932,-0.10350520227559457,-0.08515785556176127,-0.06648799722956913,-0.3179592448322615,0.9184771676276685,0.4493264750927811,3.8850830032162245,1.0469866784197936,-0.34105509963441977,-1.279356394351672,0.4608306801939211,-1.7495353951025054,-0.7049259983890863,0.14694918044361782,-0.42828956637154025,-0.8233178906068351,-0.19601428307463395,1.5275252316519468,young
-0.45902623952101557,-0.9875727016121244,1.3440140832958607,-0.02864608780433522,-0.6274562140326331,-0.699707018463561,1.3380784886691008,-0.8701833340815202,-0.963649861676971,-0.3036857334050418,0.14050470576196358,0.6116127764393787,-0.13597449372113893,0.4608306801939211,0.1337104553845832,1.027078911657809,1.6776698100646354,-0.42828956637154025,1.2145976802021625,-0.19601428307463395,1.5275252316519468,other
1.1320525803091945,-1.2364778603818778,1.3440140832958607,-0.10350520227559457,-0.6696349752470342,-0.699707018463561,-0.3179592448322615,-1.7645135849361144,-0.963649861676971,-0.3036857334050418,-1.6724592395536964,0.6116127764393787,-0.6636892170890771,0.4608306801939211,0.1337104553845832,1.027078911657809,0.14694918044361782,-0.42828956637154025,1.2145976802021625,-0.19601428307463395,-0.6546536707079772,other
-0.45902623952101557,-0.7386675428423712,-0.5034279555987932,-0.128458240432681,-0.8224000683849073,-0.06648799722956913,-1.1459781115829426,0.9184771676276685,-0.963649861676971,-0.3036857334050418,1.0469866784197936,0.6116127764393787,-0.7516416709837337,-2.3750504286917473,-1.7495353951025054,4.4910887317516,0.14694918044361782,-0.42828956637154025,-0.8233178906068351,-0.19601428307463395,1.5275252316519468,other
-0.45902623952101557,0.25695309223664214,-0.5034279555987932,-0.15341127858976747,-0.1812120092517,1.8331690664724063,1.3380784886691008,0.9184771676276685,0.4493264750927811,-0.3036857334050418,1.0469866784197936,1.5642806525131776,0.039930414068173783,-2.3750504286917473,2.016956305871672,-0.7049259983890863,0.14694918044361782,-0.42828956637154025,1.2145976802021625,-0.19601428307463395,-0.6546536707079772,other
-0.45902623952101557,-0.24085722530286463,0.4202930638485338,-0.128458240432681,0.363567452820019,-0.699707018463561,1.3380784886691008,0.9184771676276685,-2.376626198446723,-0.3036857334050418,0.14050470576196358,1.5642806525131776,0.39174022964679944,0.4608306801939211,0.1337104553845832,-0.7049259983890863,1.6776698100646354,-0.42828956637154025,1.2145976802021625,-0.19601428307463395,1.5275252316519468,other
1.1320525803091945,-0.9875727016121244,1.3440140832958607,-0.02864608780433522,-0.8277167189581511,0.5667310240044227,1.3380784886691008,0.9184771676276685,0.4493264750927811,-0.3036857334050418,-0.7659772668958664,0.6116127764393787,1.4471696763826762,0.4608306801939211,0.1337104553845832,1.027078911657809,0.14694918044361782,-0.42828956637154025,1.2145976802021625,-0.19601428307463395,-0.6546536707079772,other
-1.2545656494361206,-0.7386675428423712,-0.5034279555987932,-0.1783643167468539,-0.7454858567586463,-0.699707018463561,-0.3179592448322615,0.9184771676276685,1.8623028118625335,-0.3036857334050418,0.14050470576196358,-1.2937229757082183,-0.7516416709837337,0.4608306801939211,0.1337104553845832,-0.7049259983890863,-1.3837714491773996,-0.42828956637154025,-0.8233178906068351,-0.19601428307463395,-0.6546536707079772,other
1.1320525803091945,0.5058582510063955,0.4202930638485338,0.046213026666924124,0.6542110174906821,-0.699707018463561,0.5100596219184197,0.024146916773074067,0.4493264750927811,-0.3036857334050418,1.0469866784197936,0.6116127764393787,-0.83959412487839,0.4608306801939211,0.1337104553845832,1.027078911657809,0.14694918044361782,-0.42828956637154025,-0.8233178906068351,-0.19601428307463395,-0.6546536707079772,other
-1.2545656494361206,-0.7386675428423712,-0.5034279555987932,0.021259988509837676,-0.8397677935908373,-0.699707018463561,0.5100596219184197,0.9184771676276685,1.8623028118625335,-0.3036857334050418,1.0469866784197936,-0.34105509963441977,-1.279356394351672,0.4608306801939211,-1.7495353951025054,-0.7049259983890863,0.14694918044361782,-0.42828956637154025,-0.8233178906068351,-0.19601428307463395,1.5275252316519468,young
1.1320525803091945,-0.7386675428423712,1.3440140832958607,-0.1783643167468539,-0.6295828742619307,-0.699707018463561,1.3380784886691008,0.9184771676276685,0.4493264750927811,-0.3036857334050418,-1.6724592395536964,-1.2937229757082183,0.21583532185748674,0.4608306801939211,0.1337104553845832,1.027078911657809,-1.3837714491773996,2.3348689263480744,-0.8233178906068351,-0.19601428307463395,-0.6546536707079772,other
-1.2545656494361206,0.7547634097761486,1.3440140832958607,-0.15341127858976747,2.605776221242722,-0.699707018463561,1.3380784886691008,0.024146916773074067,0.4493264750927811,-0.3036857334050418,1.0469866784197936,1.5642806525131776,0.21583532185748674,0.4608306801939211,2.016956305871672,2.759083821704704,1.6776698100646354,2.3348689263480744,1.2145976802021625,-0.19601428307463395,-0.6546536707079772,other
1.1320525803091945,-0.7386675428423712,1.3440140832958607,-0.128458240432681,-0.47362779078011136,-0.699707018463561,1.3380784886691008,0.9184771676276685,0.4493264750927811,-0.3036857334050418,1.0469866784197936,-1.2937229757082183,0.6555975913307684,0.4608306801939211,0.1337104553845832,2.759083821704704,0.14694918044361782,-0.42828956637154025,1.2145976802021625,-0.19601428307463395,-0.6546536707079772,other
-0.45902623952101557,-0.7386675428423712,1.3440140832958607,-0.07855216411850811,-0.6547483536419515,-0.699707018463561,0.5100596219184197,0.9184771676276685,0.4493264750927811,-0.3036857334050418,0.14050470576196358,-0.34105509963441977,-0.83959412487839,0.4608306801939211,0.1337104553845832,-0.7049259983890863,0.14694918044361782,-0.42828956637154025,-0.8233178906068351,-0.19601428307463395,-0.6546536707079772,other
-1.2545656494361206,0.25695309223664214,-0.5034279555987932,0.046213026666924124,1.1685083496091364,-0.699707018463561,-0.3179592448322615,-0.8701833340815202,1.8623028118625335,-0.3036857334050418,-0.7659772668958664,0.6116127764393787,-1.279356394351672,-0.9571098742489133,0.1337104553845832,-0.7049259983890863,-1.3837714491773996,-0.42828956637154025,-0.8233178906068351,-0.19601428307463395,-0.6546536707079772,young
1.1320525803091945,-0.7386675428423712,-0.5034279555987932,-0.15341127858976747,-0.658647230728997,1.1999500452384144,0.5100596219184197,0.024146916773074067,0.4493264750927811,-0.3036857334050418,-0.7659772668958664,-0.34105509963441977,1.7110270380666455,0.4608306801939211,0.1337104553845832,-0.7049259983890863,0.14694918044361782,-0.42828956637154025,-0.8233178906068351,5.101669043266824,-0.6546536707079772,other
1.1320525803091945,-0.9875727016121244,1.3440140832958607,-0.10350520227559457,-0.069916790585129,1.8331690664724063,-0.3179592448322615,-1.7645135849361144,0.4493264750927811,-0.3036857334050418,-0.7659772668958664,-1.2937229757082183,-0.22392694761579526,0.4608306801939211,0.1337104553845832,1.027078911657809,0.14694918044361782,2.3348689263480744,-0.8233178906068351,-0.19601428307463395,-0.6546536707079772,other
1.1320525803091945,1.2525737273156554,-0.5034279555987932,-0.10350520227559457,0.19981461516410856,1.8331690664724063,1.3380784886691008,-0.8701833340815202,-0.963649861676971,-0.3036857334050418,1.0469866784197936,-1.2937229757082183,0.8315024991200815,0.4608306801939211,0.1337104553845832,-0.7049259983890863,-1.3837714491773996,-0.42828956637154025,1.2145976802021625,-0.19601428307463395,-0.6546536707079772,other
-1.2545656494361206,0.5058582510063955,-2.350869994493447,0.046213026666924124,0.71659305088341,-0.699707018463561,-1.973996978333624,-0.8701833340815202,0.4493264750927811,-0.3036857334050418,1.0469866784197936,-0.34105509963441977,1.2712647685933636,-0.9571098742489133,0.1337104553845832,1.027078911657809,0.14694918044361782,-0.42828956637154025,1.2145976802021625,-0.19601428307463395,1.5275252316519468,other
0.33651317039408946,0.7547634097761486,0.4202930638485338,0.046213026666924124,-0.48319776181195023,-0.699707018463561,1.3380784886691008,0.9184771676276685,0.4493264750927811,-0.3036857334050418,1.0469866784197936,-1.2937229757082183,2.678504030907866,0.4608306801939211,0.1337104553845832,-0.7049259983890863,1.6776698100646354,-0.42828956637154025,1.2145976802021625,-0.19601428307463395,1.5275252316519468,other
1.1320525803091945,1.2525737273156554,1.3440140832958607,-0.10350520227559457,0.025074032990160953,1.8331690664724063,1.3380784886691008,0.9184771676276685,0.4493264750927811,-0.3036857334050418,-0.7659772668958664,0.6116127764393787,1.3592172224880197,0.4608306801939211,0.1337104553845832,-0.7049259983890863,0.14694918044361782,-0.42828956637154025,1.2145976802021625,-0.19601428307463395,-0.6546536707079772,other
-0.45902623952101557,-1.2364778603818778,1.3440140832958607,0.021259988509837676,-0.8291344924443496,1.8331690664724063,0.5100596219184197,-1.7645135849361144,-0.963649861676971,-0.3036857334050418,0.14050470576196358,-0.34105509963441977,0.3037877757521431,0.4608306801939211,0.1337104553845832,1.027078911657809,-1.3837714491773996,-0.42828956637154025,-0.8233178906068351,-0.19601428307463395,-0.6546536707079772,other
-1.2545656494361206,-0.24085722530286463,-2.350869994493447,0.046213026666924124,-0.05928348943864123,-0.699707018463561,0.5100596219184197,0.024146916773074067,0.4493264750927811,-0.3036857334050418,-1.6724592395536964,-0.34105509963441977,-0.3998318554051081,-2.3750504286917473,0.1337104553845832,-0.7049259983890863,0.14694918044361782,-0.42828956637154025,1.2145976802021625,-0.19601428307463395,-0.6546536707079772,other
0.33651317039408946,1.2525737273156554,-0.5034279555987932,-0.10350520227559457,0.22746119814497656,-0.699707018463561,-0.3179592448322615,-0.8701833340815202,0.4493264750927811,-0.3036857334050418,-0.7659772668958664,-1.2937229757082183,-1.1034514865623593,0.4608306801939211,0.1337104553845832,-0.7049259983890863,0.14694918044361782,-0.42828956637154025,1.2145976802021625,-0.19601428307463395,-0.6546536707079772,young
-1.2545656494361206,0.25695309223664214,-0.5034279555987932,-0.128458240432681,-0.08870228927725719,-0.699707018463561,-0.3179592448322615,-0.8701833340815202,-2.376626198446723,-0.3036857334050418,-0.7659772668958664,-1.2937229757082183,-1.0154990326677027,0.4608306801939211,-1.7495353951025054,-0.7049259983890863,-1.3837714491773996,-0.42828956637154025,-0.8233178906068351,-0.19601428307463395,-0.6546536707079772,young
1.1320525803091945,-0.90460431535554,-0.5034279555987932,-0.1783643167468539,-0.6760149559349269,-0.699707018463561,-0.3179592448322615,-0.8701833340815202,-0.963649861676971,-0.3036857334050418,1.0469866784197936,0.6116127764393787,2.502599123118553,0.4608306801939211,0.1337104553845832,-0.7049259983890863,0.14694918044361782,-0.42828956637154025,1.2145976802021625,-0.19601428307463395,-0.6546536707079772,other
-0.45902623952101557,-0.7386675428423712,-0.5034279555987932,-0.10350520227559457,-0.9379486075100734,-0.699707018463561,-1.1459781115829426,0.9184771676276685,1.8623028118625335,3.8850830032162245,-1.6724592395536964,-1.2937229757082183,-0.83959412487839,-2.3750504286917473,0.1337104553845832,-0.7049259983890863,-1.3837714491773996,-0.42828956637154025,-0.8233178906068351,-0.19601428307463395,-0.6546536707079772,other
-1.2545656494361206,-0.7386675428423712,-0.5034279555987932,-0.02864608780433522,-0.7341436688690596,1.8331690664724063,-0.3179592448322615,0.9184771676276685,-0.963649861676971,-0.3036857334050418,1.0469866784197936,-0.34105509963441977,-1.1034514865623593,-2.3750504286917473,-1.7495353951025054,-0.7049259983890863,0.14694918044361782,-0.42828956637154025,1.2145976802021625,-0.19601428307463395,-0.6546536707079772,young
1.1320525803091945,-0.7386675428423712,-0.5034279555987932,-0.10350520227559457,-0.9088842510430072,-0.699707018463561,-0.3179592448322615,0.9184771676276685,0.4493264750927811,-0.3036857334050418,-0.7659772668958664,-1.2937229757082183,-0.48778430929976446,-2.3750504286917473,0.1337104553845832,1.027078911657809,0.14694918044361782,-0.42828956637154025,-0.8233178906068351,-0.19601428307463395,-0.6546536707079772,other
1.1320525803091945,0.25695309223664214,0.4202930638485338,0.046213026666924124,-0.10394335425388947,1.8331690664724063,-0.3179592448322615,0.9184771676276685,0.4493264750927811,-0.3036857334050418,1.0469866784197936,-1.2937229757082183,-0.3118794015104516,0.4608306801939211,0.1337104553845832,1.027078911657809,0.14694918044361782,2.3348689263480744,1.2145976802021625,-0.19601428307463395,-0.6546536707079772,other
1.1320525803091945,-0.48976238407261785,-0.5034279555987932,-0.15341127858976747,0.49116706657787107,-0.699707018463561,-0.3179592448322615,0.024146916773074067,0.4493264750927811,-0.3036857334050418,-0.7659772668958664,0.6116127764393787,-0.48778430929976446,0.4608306801939211,0.1337104553845832,-0.7049259983890863,0.14694918044361782,-0.42828956637154025,1.2145976802021625,-0.19601428307463395,-0.6546536707079772,other
1.1320525803091945,1.2525737273156554,-2.350869994493447,-0.05359912596142167,-0.23331518486948966,-0.699707018463561,-0.3179592448322615,0.9184771676276685,0.4493264750927811,-0.3036857334050418,-0.7659772668958664,0.6116127764393787,-0.7516416709837337,0.4608306801939211,0.1337104553845832,1.027078911657809,0.14694918044361782,-0.42828956637154025,-0.8233178906068351,-0.19601428307463395,-0.6546536707079772,other
-0.45902623952101557,2.2481943623946687,-0.5034279555987932,-0.10350520227559457,2.725578080826483,1.1999500452384144,0.5100596219184197,-1.7645135849361144,0.4493264750927811,1.7906986349055911,-0.7659772668958664,1.5642806525131776,-0.7516416709837337,-2.3750504286917473,0.1337104553845832,1.027078911657809,0.14694918044361782,-0.42828956637154025,1.2145976802021625,-0.19601428307463395,1.5275252316519468,other
-1.2545656494361206,-0.7386675428423712,-0.5034279555987932,-0.128458240432681,1.6282214025089543,-0.699707018463561,1.3380784886691008,0.9184771676276685,0.4493264750927811,-0.3036857334050418,1.0469866784197936,1.5642806525131776,1.5351221302773324,0.4608306801939211,2.016956305871672,-0.7049259983890863,1.6776698100646354,-0.42828956637154025,1.2145976802021625,-0.19601428307463395,1.5275252316519468,other
1.1320525803091945,-0.9875727016121244,-0.5034279555987932,-0.10350520227559457,-0.6356084115782736,-0.699707018463561,0.5100596219184197,0.9184771676276685,0.4493264750927811,-0.3036857334050418,-0.7659772668958664,0.6116127764393787,-1.1914039404570156,0.4608306801939211,0.1337104553845832,-0.7049259983890863,0.14694918044361782,-0.42828956637154025,-0.8233178906068351,-0.19601428307463395,1.5275252316519468,young
-1.2545656494361206,0.25695309223664214,-0.5034279555987932,-0.128458240432681,-0.04333353771890977,-0.699707018463561,-1.1459781115829426,0.9184771676276685,0.4493264750927811,-0.3036857334050418,-1.6724592395536964,1.5642806525131776,-1.1914039404570156,-2.3750504286917473,2.016956305871672,-0.7049259983890863,0.14694918044361782,-0.42828956637154025,-0.8233178906068351,-0.19601428307463395,-0.6546536707079772,young
0.33651317039408946,1.2525737273156554,-0.5034279555987932,-0.10350520227559457,0.3327308794952047,-0.699707018463561,-0.3179592448322615,0.9184771676276685,0.4493264750927811,-0.3036857334050418,-0.7659772668958664,0.6116127764393787,-0.83959412487839,0.4608306801939211,0.1337104553845832,-0.7049259983890863,0.14694918044361782,-0.42828956637154025,-0.8233178906068351,-0.19601428307463395,1.5275252316519468,other
1.1320525803091945,-0.9875727016121244,-0.5034279555987932,-0.1783643167468539,-0.27088618225374617,0.5667310240044227,1.3380784886691008,-0.8701833340815202,0.4493264750927811,-0.3036857334050418,1.0469866784197936,1.5642806525131776,1.3592172224880197,0.4608306801939211,2.016956305871672,-0.7049259983890863,-1.3837714491773996,-0.42828956637154025,-0.8233178906068351,-0.19601428307463395,-0.6546536707079772,other
1.1320525803091945,-0.7386675428423712,-0.5034279555987932,-0.10350520227559457,-0.4006124562408959,-0.06648799722956913,0.5100596219184197,0.024146916773074067,0.4493264750927811,-0.3036857334050418,-1.6724592395536964,1.5642806525131776,-0.048022039826482565,0.4608306801939211,0.1337104553845832,-0.7049259983890863,0.14694918044361782,-0.42828956637154025,-0.8233178906068351,-0.19601428307463395,-0.6546536707079772,other
-0.45902623952101557,-0.24085722530286463,-0.5034279555987932,-0.10350520227559457,-0.8525277549666225,-0.699707018463561,-0.3179592448322615,0.9184771676276685,1.8623028118625335,3.8850830032162245,-0.7659772668958664,-1.2937229757082183,-0.9275465787730464,0.4608306801939211,0.1337104553845832,-0.7049259983890863,-1.3837714491773996,-0.42828956637154025,-0.8233178906068351,-0.19601428307463395,-0.6546536707079772,young
1.1320525803091945,-1.4024146328950466,1.3440140832958607,-0.10350520227559457,-0.6122151490560007,-0.699707018463561,0.5100596219184197,-0.8701833340815202,0.4493264750927811,-0.3036857334050418,-1.6724592395536964,-1.2937229757082183,0.5676451374361121,0.4608306801939211,0.1337104553845832,2.759083821704704,-1.3837714491773996,2.3348689263480744,-0.8233178906068351,-0.19601428307463395,-0.6546536707079772,other
-1.2545656494361206,0.25695309223664214,-0.5034279555987932,-0.10350520227559457,-0.5133254483936653,-0.699707018463561,-1.973996978333624,0.9184771676276685,0.4493264750927811,-0.3036857334050418,-0.7659772668958664,0.6116127764393787,-0.48778430929976446,-0.9571098742489133,0.1337104553845832,-0.7049259983890863,1.6776698100646354,2.3348689263480744,-0.8233178906068351,-0.19601428307463395,1.5275252316519468,other
-0.45902623952101557,-1.2364778603818778,-0.5034279555987932,-0.1783643167468539,3.999447558175708,1.8331690664724063,-1.973996978333624,-1.7645135849361144,0.4493264750927811,-0.3036857334050418,-0.7659772668958664,-0.34105509963441977,-1.1034514865623593,0.4608306801939211,0.1337104553845832,-0.7049259983890863,-2.9144920787984168,-0.42828956637154025,1.2145976802021625,-0.19601428307463395,1.5275252316519468,young
-0.45902623952101557,0.008047933466888762,-0.5034279555987932,0.046213026666924124,-0.17873090565085284,-0.06648799722956913,1.3380784886691008,0.9184771676276685,-2.376626198446723,-0.3036857334050418,-0.7659772668958664,0.6116127764393787,2.2387417614345835,-2.3750504286917473,-1.7495353951025054,1.027078911657809,-1.3837714491773996,-0.42828956637154025,-0.8233178906068351,-0.19601428307463395,1.5275252316519468,other
1.1320525803091945,-0.7386675428423712,1.3440140832958607,-0.10350520227559457,-0.7018893220580469,-0.699707018463561,-0.3179592448322615,0.9184771676276685,-0.963649861676971,-0.3036857334050418,-0.7659772668958664,-0.34105509963441977,-0.048022039826482565,0.4608306801939211,0.1337104553845832,1.027078911657809,0.14694918044361782,-0.42828956637154025,-0.8233178906068351,-0.19601428307463395,-0.6546536707079772,other
-1.2545656494361206,0.7547634097761486,-0.5034279555987932,-0.10350520227559457,-0.26556953168050235,-0.699707018463561,1.3380784886691008,-1.7645135849361144,0.4493264750927811,3.8850830032162245,0.14050470576196358,-0.34105509963441977,0.3037877757521431,0.4608306801939211,0.1337104553845832,-0.7049259983890863,0.14694918044361782,2.3348689263480744,-0.8233178906068351,-0.19601428307463395,-0.6546536707079772,other
-1.2545656494361206,0.25695309223664214,-0.5034279555987932,-0.1783643167468539,-0.8351600297606925,1.8331690664724063,1.3380784886691008,0.9184771676276685,-0.963649861676971,-0.3036857334050418,-0.7659772668958664,0.6116127764393787,-0.5757367631944208,-2.3750504286917473,0.1337104553845832,-0.7049259983890863,0.14694918044361782,-0.42828956637154025,-0.8233178906068351,-0.19601428307463395,1.5275252316519468,other
1.1320525803091945,-1.2364778603818778,-0.5034279555987932,-0.10350520227559457,-0.5941385371069717,-0.699707018463561,0.5100596219184197,0.024146916773074067,0.4493264750927811,-0.3036857334050418,-0.7659772668958664,-0.34105509963441977,1.3592172224880197,0.4608306801939211,0.1337104553845832,-0.7049259983890863,0.14694918044361782,2.3348689263480744,-0.8233178906068351,-0.19601428307463395,-0.6546536707079772,other
-1.2545656494361206,2.2481943623946687,-2.350869994493447,-0.15341127858976747,0.4727360112572925,-0.699707018463561,1.3380784886691008,0.024146916773074067,0.4493264750927811,-0.3036857334050418,1.0469866784197936,1.5642806525131776,-1.0154990326677027,0.4608306801939211,2.016956305871672,1.027078911657809,0.14694918044361782,2.3348689263480744,-0.8233178906068351,-0.19601428307463395,1.5275252316519468,young
1.1320525803091945,-0.7386675428423712,1.3440140832958607,0.046213026666924124,-0.7394603194423034,-0.699707018463561,-0.3179592448322615,0.024146916773074067,-0.963649861676971,-0.3036857334050418,-0.7659772668958664,-1.2937229757082183,-0.7516416709837337,0.4608306801939211,0.1337104553845832,1.027078911657809,0.14694918044361782,-0.42828956637154025,-0.8233178906068351,-0.19601428307463395,-0.6546536707079772,other
1.1320525803091945,-0.7386675428423712,-1.4271489750461201,0.021259988509837676,0.062290587002867936,0.5667310240044227,-0.3179592448322615,0.9184771676276685,-0.963649861676971,-0.3036857334050418,0.14050470576196358,-1.2937229757082183,-0.048022039826482565,0.4608306801939211,0.1337104553845832,-0.7049259983890863,-1.3837714491773996,2.3348689263480744,-0.8233178906068351,-0.19601428307463395,-0.6546536707079772,other
1.1320525803091945,0.25695309223664214,-0.5034279555987932,0.046213026666924124,-0.7135859533191834,-0.699707018463561,0.5100596219184197,0.9184771676276685,0.4493264750927811,-0.3036857334050418,-1.6724592395536964,-1.2937229757082183,-0.9275465787730464,0.4608306801939211,0.1337104553845832,-0.7049259983890863,0.14694918044361782,-0.42828956637154025,1.2145976802021625,-0.19601428307463395,-0.6546536707079772,young
1.1320525803091945,-0.7386675428423712,1.3440140832958607,-0.10350520227559457,-0.9053398173275113,-0.699707018463561,1.3380784886691008,0.9184771676276685,0.4493264750927811,-0.3036857334050418,1.0469866784197936,-1.2937229757082183,1.4471696763826762,0.4608306801939211,0.1337104553845832,2.759083821704704,0.14694918044361782,-0.42828956637154025,-0.8233178906068351,-0.19601428307463395,-0.6546536707079772,other
1.1320525803091945,-1.2364778603818778,-2.350869994493447,-0.1783643167468539,-0.7327258953828613,-0.06648799722956913,-0.3179592448322615,0.9184771676276685,0.4493264750927811,-0.3036857334050418,-1.6724592395536964,1.5642806525131776,-0.048022039826482565,-2.3750504286917473,-1.7495353951025054,-0.7049259983890863,0.14694918044361782,-0.42828956637154025,-0.8233178906068351,5.101669043266824,-0.6546536707079772,other
0.33651317039408946,0.25695309223664214,-0.5034279555987932,-0.128458240432681,-0.4771722244956072,-0.699707018463561,-0.3179592448322615,-0.8701833340815202,0.4493264750927811,-0.3036857334050418,-0.7659772668958664,-1.2937229757082183,-0.83959412487839,0.4608306801939211,0.1337104553845832,-0.7049259983890863,0.14694918044361782,-0.42828956637154025,-0.8233178906068351,-0.19601428307463395,-0.6546536707079772,other
1.1320525803091945,-0.24085722530286463,-0.5034279555987932,-0.10350520227559457,-1.0060017348475947,-0.699707018463561,-1.973996978333624,0.024146916773074067,-0.963649861676971,1.7906986349055911,1.0469866784197936,-1.2937229757082183,-1.1914039404570156,0.4608306801939211,-1.7495353951025054,-0.7049259983890863,0.14694918044361782,-0.42828956637154025,-0.8233178906068351,-0.19601428307463395,1.5275252316519468,young
-1.2545656494361206,-1.2364778603818778,1.3440140832958607,-0.1783643167468539,-0.9234164292765403,1.1999500452384144,0.5100596219184197,0.024146916773074067,-0.963649861676971,-0.3036857334050418,1.0469866784197936,-1.2937229757082183,0.3037877757521431,0.4608306801939211,0.1337104553845832,1.027078911657809,-1.3837714491773996,-0.42828956637154025,1.2145976802021625,-0.19601428307463395,-0.6546536707079772,other
0.33651317039408946,-0.7386675428423712,-0.5034279555987932,-0.128458240432681,-0.3616236853704411,-0.699707018463561,-0.3179592448322615,-1.7645135849361144,-0.963649861676971,-0.3036857334050418,-0.7659772668958664,0.6116127764393787,0.9194549530147378,0.4608306801939211,0.1337104553845832,-0.7049259983890863,-1.3837714491773996,-0.42828956637154025,-0.8233178906068351,-0.19601428307463395,-0.6546536707079772,other
-0.45902623952101557,0.7547634097761486,-0.5034279555987932,-0.1783643167468539,-0.3974224658969496,-0.699707018463561,-0.3179592448322615,0.9184771676276685,-0.963649861676971,3.8850830032162245,-0.7659772668958664,1.5642806525131776,-1.0154990326677027,-2.3750504286917473,0.1337104553845832,-0.7049259983890863,0.14694918044361782,-0.42828956637154025,-0.8233178906068351,-0.19601428307463395,1.5275252316519468,young
1.1320525803091945,0.25695309223664214,0.4202930638485338,-0.128458240432681,0.3118187205737789,-0.06648799722956913,-0.3179592448322615,-0.8701833340815202,0.4493264750927811,-0.3036857334050418,0.14050470576196358,-0.34105509963441977,-0.048022039826482565,0.4608306801939211,0.1337104553845832,1.027078911657809,0.14694918044361782,-0.42828956637154025,-0.8233178906068351,-0.19601428307463395,-0.6546536707079772,other
-0.45902623952101557,-0.9875727016121244,-0.5034279555987932,-0.128458240432681,-0.4399556704829003,1.8331690664724063,0.5100596219184197,-0.8701833340815202,0.4493264750927811,-0.3036857334050418,-1.6724592395536964,0.6116127764393787,-1.0154990326677027,0.4608306801939211,0.1337104553845832,-0.7049259983890863,0.14694918044361782,-0.42828956637154025,1.2145976802021625,-0.19601428307463395,-0.6546536707079772,young
-0.45902623952101557,3.243814997473682,0.4202930638485338,-0.10350520227559457,1.4697852154262874,1.8331690664724063,-0.3179592448322615,-1.7645135849361144,0.4493264750927811,-0.3036857334050418,-1.6724592395536964,-1.2937229757082183,-0.7516416709837337,0.4608306801939211,0.1337104553845832,-0.7049259983890863,-1.3837714491773996,-0.42828956637154025,-0.8233178906068351,-0.19601428307463395,-0.6546536707079772,other
1.1320525803091945,0.25695309223664214,1.3440140832958607,-0.10350520227559457,-0.20814970548946882,-0.699707018463561,-0.3179592448322615,0.9184771676276685,0.4493264750927811,-0.3036857334050418,-0.7659772668958664,-1.2937229757082183,-0.048022039826482565,0.4608306801939211,0.1337104553845832,1.027078911657809,-1.3837714491773996,-0.42828956637154025,-0.8233178906068351,-0.19601428307463395,-0.6546536707079772,other
-1.2545656494361206,-0.7386675428423712,-1.4271489750461201,-0.10350520227559457,-0.3977769092684992,-0.699707018463561,-0.3179592448322615,0.9184771676276685,-2.376626198446723,-0.3036857334050418,-1.6724592395536964,1.5642806525131776,-0.5757367631944208,0.4608306801939211,2.016956305871672,-0.7049259983890863,0.14694918044361782,-0.42828956637154025,-0.8233178906068351,-0.19601428307463395,1.5275252316519468,other
1.1320525803091945,-0.48976238407261785,-0.5034279555987932,-0.15341127858976747,0.19166241761846814,-0.06648799722956913,-1.1459781115829426,-1.7645135849361144,-0.963649861676971,-0.3036857334050418,1.0469866784197936,0.6116127764393787,-1.1034514865623593,0.4608306801939211,0.1337104553845832,-0.7049259983890863,0.14694918044361782,-0.42828956637154025,1.2145976802021625,-0.19601428307463395,-0.6546536707079772,young
1.1320525803091945,-0.8216359290989557,1.3440140832958607,-0.10350520227559457,-0.7504480639603407,-0.06648799722956913,-1.973996978333624,0.9184771676276685,-0.963649861676971,-0.3036857334050418,1.0469866784197936,-1.2937229757082183,1.8869319458559581,0.4608306801939211,0.1337104553845832,2.759083821704704,-1.3837714491773996,-0.42828956637154025,-0.8233178906068351,-0.19601428307463395,-0.6546536707079772,other
-1.2545656494361206,-0.7386675428423712,-0.5034279555987932,-0.128458240432681,-0.5721630480708972,-0.699707018463561,-0.3179592448322615,-0.8701833340815202,0.4493264750927811,-0.3036857334050418,-0.7659772668958664,-1.2937229757082183,-0.7516416709837337,0.4608306801939211,0.1337104553845832,-0.7049259983890863,0.14694918044361782,-0.42828956637154025,-0.8233178906068351,-0.19601428307463395,-0.6546536707079772,other
-1.2545656494361206,0.25695309223664214,-0.5034279555987932,-0.10350520227559457,-0.591302990134575,-0.699707018463561,1.3380784886691008,0.9184771676276685,-0.963649861676971,-0.3036857334050418,1.0469866784197936,0.6116127764393787,1.7110270380666455,0.4608306801939211,0.1337104553845832,-0.7049259983890863,0.14694918044361782,-0.42828956637154025,-0.8233178906068351,-0.19601428307463395,-0.6546536707079772,other
-1.2545656494361206,-0.24085722530286463,1.3440140832958607,-0.1783643167468539,0.7197830412273565,-0.699707018463561,1.3380784886691008,-0.8701833340815202,0.4493264750927811,-0.3036857334050418,1.0469866784197936,1.5642806525131776,0.039930414068173783,0.4608306801939211,2.016956305871672,2.759083821704704,1.6776698100646354,-0.42828956637154025,1.2145976802021625,-0.19601428307463395,-0.6546536707079772,other
1.1320525803091945,-0.7386675428423712,1.3440140832958607,-0.02864608780433522,-0.18546532971029508,-0.699707018463561,1.3380784886691008,-0.8701833340815202,-0.963649861676971,-0.3036857334050418,1.0469866784197936,1.5642806525131776,1.8869319458559581,-2.3750504286917473,2.016956305871672,2.759083821704704,-1.3837714491773996,-0.42828956637154025,-0.8233178906068351,-0.19601428307463395,-0.6546536707079772,other
1.1320525803091945,-0.90460431535554,1.3440140832958607,-0.1783643167468539,-0.7231559243510223,-0.699707018463561,1.3380784886691008,0.024146916773074067,0.4493264750927811,-0.3036857334050418,1.0469866784197936,-1.2937229757082183,-0.3118794015104516,0.4608306801939211,0.1337104553845832,1.027078911657809,-1.3837714491773996,2.3348689263480744,-0.8233178906068351,5.101669043266824,-0.6546536707079772,other
-0.45902623952101557,-0.48976238407261785,-0.5034279555987932,-0.10350520227559457,-0.8752121307457962,-0.699707018463561,1.3380784886691008,0.9184771676276685,0.4493264750927811,-0.3036857334050418,0.14050470576196358,0.6116127764393787,0.1278828679628304,0.4608306801939211,0.1337104553845832,-0.7049259983890863,0.14694918044361782,2.3348689263480744,-0.8233178906068351,-0.19601428307463395,1.5275252316519468,other
1.1320525803091945,1.2525737273156554,1.3440140832958607,0.046213026666924124,1.0749352995200447,1.8331690664724063,1.3380784886691008,0.9184771676276685,0.4493264750927811,-0.3036857334050418,1.0469866784197936,-1.2937229757082183,0.039930414068173783,0.4608306801939211,0.1337104553845832,1.027078911657809,0.14694918044361782,-0.42828956637154025,-0.8233178906068351,-0.19601428307463395,-0.6546536707079772,other
1.1320525803091945,0.25695309223664214,-0.5034279555987932,-0.10350520227559457,-0.6161140261430462,-0.699707018463561,-1.1459781115829426,0.9184771676276685,-0.963649861676971,-0.3036857334050418,0.14050470576196358,0.6116127764393787,0.21583532185748674,-0.9571098742489133,0.1337104553845832,-0.7049259983890863,0.14694918044361782,-0.42828956637154025,1.2145976802021625,-0.19601428307463395,-0.6546536707079772,other
-1.2545656494361206,-0.5727307703292023,-0.5034279555987932,-0.1783643167468539,2.0227168750436473,-0.699707018463561,1.3380784886691008,-1.7645135849361144,-2.376626198446723,-0.3036857334050418,1.0469866784197936,-0.34105509963441977,0.8315024991200815,0.4608306801939211,0.1337104553845832,-0.7049259983890863,1.6776698100646354,-0.42828956637154025,1.2145976802021625,5.101669043266824,1.5275252316519468,other
1.1320525803091945,0.25695309223664214,-0.5034279555987932,-0.10350520227559457,-0.8053867865505271,1.8331690664724063,1.3380784886691008,0.9184771676276685,0.4493264750927811,-0.3036857334050418,-0.7659772668958664,0.6116127764393787,-0.9275465787730464,0.4608306801939211,0.1337104553845832,1.027078911657809,0.14694918044361782,-0.42828956637154025,-0.8233178906068351,-0.19601428307463395,-0.6546536707079772,young
1.1320525803091945,-0.24085722530286463,-0.5034279555987932,-0.1783643167468539,-0.21594745966355983,1.8331690664724063,0.5100596219184197,0.9184771676276685,0.4493264750927811,-0.3036857334050418,0.14050470576196358,-0.34105509963441977,-0.3118794015104516,0.4608306801939211,0.1337104553845832,-0.7049259983890863,0.14694918044361782,-0.42828956637154025,-0.8233178906068351,5.101669043266824,-0.6546536707079772,other
1.1320525803091945,-0.7386675428423712,1.3440140832958607,-0.128458240432681,-0.6625461078160425,0.5667310240044227,0.5100596219184197,0.024146916773074067,-0.963649861676971,-0.3036857334050418,1.0469866784197936,0.6116127764393787,0.1278828679628304,0.4608306801939211,-1.7495353951025054,-0.7049259983890863,0.14694918044361782,-0.42828956637154025,1.2145976802021625,-0.19601428307463395,-0.6546536707079772,other
-0.45902623952101557,2.2481943623946687,-1.4271489750461201,-0.1783643167468539,3.153745673658387,1.8331690664724063,-1.973996978333624,0.9184771676276685,0.4493264750927811,1.7906986349055911,1.0469866784197936,1.5642806525131776,0.039930414068173783,0.4608306801939211,2.016956305871672,-0.7049259983890863,1.6776698100646354,-0.42828956637154025,1.2145976802021625,-0.19601428307463395,-0.6546536707079772,other
-0.45902623952101557,2.2481943623946687,-0.5034279555987932,-0.10350520227559457,-0.07487899778682328,-0.699707018463561,0.5100596219184197,0.9184771676276685,0.4493264750927811,-0.3036857334050418,1.0469866784197936,-1.2937229757082183,-0.6636892170890771,0.4608306801939211,0.1337104553845832,1.027078911657809,0.14694918044361782,-0.42828956637154025,-0.8233178906068351,-0.19601428307463395,1.5275252316519468,other
-1.2545656494361206,0.7547634097761486,-0.5034279555987932,-0.05359912596142167,3.0931358571234076,-0.699707018463561,-1.1459781115829426,-1.7645135849361144,-2.376626198446723,-0.3036857334050418,-1.6724592395536964,1.5642806525131776,-0.13597449372113893,0.4608306801939211,0.1337104553845832,-0.7049259983890863,-1.3837714491773996,-0.42828956637154025,1.2145976802021625,-0.19601428307463395,1.5275252316519468,other
1.1320525803091945,-0.9875727016121244,-0.5034279555987932,-0.10350520227559457,-0.2035419416593241,-0.699707018463561,-0.3179592448322615,-1.7645135849361144,0.4493264750927811,-0.3036857334050418,-0.7659772668958664,-1.2937229757082183,-0.3118794015104516,0.4608306801939211,0.1337104553845832,-0.7049259983890863,0.14694918044361782,2.3348689263480744,-0.8233178906068351,-0.19601428307463395,-0.6546536707079772,other
1.1320525803091945,-0.24085722530286463,1.3440140832958607,-0.10350520227559457,-0.30739384952335386,-0.699707018463561,-0.3179592448322615,-0.8701833340815202,-0.963649861676971,-0.3036857334050418,-0.7659772668958664,0.6116127764393787,-0.83959412487839,0.4608306801939211,0.1337104553845832,1.027078911657809,0.14694918044361782,-0.42828956637154025,-0.8233178906068351,-0.19601428307463395,-0.6546536707079772,other
-1.2545656494361206,-0.7386675428423712,-0.5034279555987932,-0.128458240432681,-0.712168179832985,1.8331690664724063,1.3380784886691008,-0.8701833340815202,-2.376626198446723,-0.3036857334050418,1.0469866784197936,-0.34105509963441977,1.1833123146987068,0.4608306801939211,0.1337104553845832,-0.7049259983890863,-1.3837714491773996,-0.42828956637154025,1.2145976802021625,-0.19601428307463395,-0.6546536707079772,other
1.1320525803091945,-1.2364778603818778,-0.5034279555987932,-0.128458240432681,0.47486267148659,-0.699707018463561,-1.1459781115829426,-1.7645135849361144,-0.963649861676971,-0.3036857334050418,1.0469866784197936,-0.34105509963441977,-0.3118794015104516,0.4608306801939211,0.1337104553845832,-0.7049259983890863,0.14694918044361782,-0.42828956637154025,-0.8233178906068351,-0.19601428307463395,1.5275252316519468,other
1.1320525803091945,0.25695309223664214,-0.5034279555987932,-0.10350520227559457,-0.48567886541279737,-0.06648799722956913,-0.3179592448322615,0.9184771676276685,0.4493264750927811,-0.3036857334050418,1.0469866784197936,0.6116127764393787,-0.5757367631944208,0.4608306801939211,-1.7495353951025054,-0.7049259983890863,1.6776698100646354,-0.42828956637154025,1.2145976802021625,-0.19601428307463395,-0.6546536707079772,other
1.1320525803091945,-0.48976238407261785,1.3440140832958607,-0.15341127858976747,0.03428956065045034,1.1999500452384144,1.3380784886691008,0.024146916773074067,0.4493264750927811,-0.3036857334050418,1.0469866784197936,1.5642806525131776,-1.1034514865623593,0.4608306801939211,-1.7495353951025054,1.027078911657809,0.14694918044361782,-0.42828956637154025,1.2145976802021625,-0.19601428307463395,-0.6546536707079772,young
1.1320525803091945,-0.7386675428423712,-0.5034279555987932,-0.128458240432681,-0.6015818479095131,-0.699707018463561,-0.3179592448322615,0.9184771676276685,0.4493264750927811,-0.3036857334050418,-0.7659772668958664,-1.2937229757082183,1.2712647685933636,0.4608306801939211,0.1337104553845832,-0.7049259983890863,0.14694918044361782,-0.42828956637154025,-0.8233178906068351,-0.19601428307463395,-0.6546536707079772,other
0.33651317039408946,-0.24085722530286463,-1.4271489750461201,-0.10350520227559457,-0.64730504283941,1.8331690664724063,0.5100596219184197,0.9184771676276685,0.4493264750927811,-0.3036857334050418,1.0469866784197936,0.6116127764393787,1.1833123146987068,-2.3750504286917473,0.1337104553845832,-0.7049259983890863,-1.3837714491773996,-0.42828956637154025,-0.8233178906068351,-0.19601428307463395,-0.6546536707079772,other
1.1320525803091945,-0.48976238407261785,1.3440140832958607,-0.128458240432681,-0.6207217899731909,1.8331690664724063,1.3380784886691008,0.9184771676276685,0.4493264750927811,-0.3036857334050418,1.0469866784197936,-0.34105509963441977,2.414646669223896,0.4608306801939211,0.1337104553845832,-0.7049259983890863,0.14694918044361782,-0.42828956637154025,-0.8233178906068351,-0.19601428307463395,-0.6546536707079772,other
-0.45902623952101557,0.25695309223664214,1.3440140832958607,-0.1783643167468539,0.21505568014074103,-0.06648799722956913,-1.1459781115829426,0.9184771676276685,-2.376626198446723,-0.3036857334050418,-0.7659772668958664,0.6116127764393787,0.1278828679628304,0.4608306801939211,0.1337104553845832,-0.7049259983890863,0.14694918044361782,-0.42828956637154025,1.2145976802021625,-0.19601428307463395,-0.6546536707079772,other
-1.2545656494361206,2.165225976138084,-0.5034279555987932,-0.1783643167468539,2.640866115026131,-0.699707018463561,-1.1459781115829426,-1.7645135849361144,-0.963649861676971,-0.3036857334050418,-1.6724592395536964,-1.2937229757082183,-0.048022039826482565,0.4608306801939211,0.1337104553845832,-0.7049259983890863,-1.3837714491773996,-0.42828956637154025,1.2145976802021625,-0.19601428307463395,-0.6546536707079772,other
-1.2545656494361206,2.2481943623946687,-0.5034279555987932,-0.15341127858976747,0.5375991482508674,-0.699707018463561,0.5100596219184197,0.9184771676276685,0.4493264750927811,-0.3036857334050418,0.14050470576196358,-0.34105509963441977,-0.83959412487839,0.4608306801939211,0.1337104553845832,-0.7049259983890863,0.14694918044361782,2.3348689263480744,-0.8233178906068351,-0.19601428307463395,-0.6546536707079772,other
-0.45902623952101557,2.2481943623946687,0.4202930638485338,9.054259801375132,1.5279139283604202,-0.06648799722956913,-1.973996978333624,-0.8701833340815202,0.4493264750927811,-0.3036857334050418,1.0469866784197936,1.5642806525131776,-0.3998318554051081,0.4608306801939211,2.016956305871672,-0.7049259983890863,1.6776698100646354,-0.42828956637154025,1.2145976802021625,-0.19601428307463395,-0.6546536707079772,other
-0.45902623952101557,-0.7386675428423712,-0.5034279555987932,-0.10350520227559457,-0.7724235529964152,-0.699707018463561,-0.3179592448322615,0.9184771676276685,-0.963649861676971,3.8850830032162245,1.0469866784197936,-1.2937229757082183,1.1833123146987068,0.4608306801939211,0.1337104553845832,1.027078911657809,0.14694918044361782,-0.42828956637154025,1.2145976802021625,-0.19601428307463395,-0.6546536707079772,other
-1.2545656494361206,0.25695309223664214,0.4202930638485338,-0.10350520227559457,-0.7965257022617872,-0.699707018463561,-1.1459781115829426,0.9184771676276685,1.8623028118625335,-0.3036857334050418,1.0469866784197936,-1.2937229757082183,1.095359860804051,-0.9571098742489133,0.1337104553845832,-0.7049259983890863,0.14694918044361782,-0.42828956637154025,-0.8233178906068351,-0.19601428307463395,1.5275252316519468,other
1.1320525803091945,-0.7386675428423712,-0.5034279555987932,0.046213026666924124,-0.7780946469412087,-0.699707018463561,-0.3179592448322615,-0.8701833340815202,1.8623028118625335,-0.3036857334050418,-0.7659772668958664,-1.2937229757082183,-0.83959412487839,0.4608306801939211,0.1337104553845832,-0.7049259983890863,0.14694918044361782,-0.42828956637154025,1.2145976802021625,5.101669043266824,-0.6546536707079772,other
-0.45902623952101557,1.2525737273156554,-0.5034279555987932,-0.15341127858976747,2.1715830910944747,-0.699707018463561,-1.1459781115829426,-1.7645135849361144,1.8623028118625335,-0.3036857334050418,1.0469866784197936,0.6116127764393787,-0.6636892170890771,0.4608306801939211,-1.7495353951025054,-0.7049259983890863,1.6776698100646354,-0.42828956637154025,1.2145976802021625,-0.19601428307463395,1.5275252316519468,other
-1.2545656494361206,0.25695309223664214,1.3440140832958607,-0.15341127858976747,1.1156962872482477,-0.699707018463561,1.3380784886691008,-0.8701833340815202,-0.963649861676971,-0.3036857334050418,1.0469866784197936,1.5642806525131776,0.7435500452254251,0.4608306801939211,2.016956305871672,1.027078911657809,1.6776698100646354,2.3348689263480744,1.2145976802021625,-0.19601428307463395,-0.6546536707079772,other
0.33651317039408946,1.7503840448551622,1.3440140832958607,-0.15341127858976747,0.540434695223264,-0.699707018463561,1.3380784886691008,0.9184771676276685,0.4493264750927811,-0.3036857334050418,1.0469866784197936,1.5642806525131776,1.7989794919613016,0.4608306801939211,2.016956305871672,-0.7049259983890863,0.14694918044361782,-0.42828956637154025,-0.8233178906068351,-0.19601428307463395,-0.6546536707079772,other
1.1320525803091945,2.2481943623946687,1.3440140832958607,0.046213026666924124,1.5445727668232507,1.8331690664724063,1.3380784886691008,0.9184771676276685,-2.376626198446723,-0.3036857334050418,-0.7659772668958664,0.6116127764393787,0.9194549530147378,-2.3750504286917473,0.1337104553845832,1.027078911657809,1.6776698100646354,2.3348689263480744,-0.8233178906068351,-0.19601428307463395,-0.6546536707079772,other
-0.45902623952101557,2.2481943623946687,-0.5034279555987932,-0.128458240432681,2.3707802659053443,-0.699707018463561,-1.1459781115829426,-1.7645135849361144,-0.963649861676971,-0.3036857334050418,-0.7659772668958664,0.6116127764393787,-0.83959412487839,0.4608306801939211,0.1337104553845832,-0.7049259983890863,0.14694918044361782,-0.42828956637154025,1.2145976802021625,-0.19601428307463395,1.5275252316519468,other
1.1320525803091945,-0.7386675428423712,-0.5034279555987932,-0.15341127858976747,0.4975470472657637,1.8331690664724063,-1.1459781115829426,-1.7645135849361144,-0.963649861676971,-0.3036857334050418,1.0469866784197936,0.6116127764393787,-1.3673088482463283,0.4608306801939211,-1.7495353951025054,-0.7049259983890863,0.14694918044361782,-0.42828956637154025,-0.8233178906068351,-0.19601428307463395,-0.6546536707079772,young
1.1320525803091945,-0.90460431535554,-0.5034279555987932,-0.1783643167468539,-0.7033070955442453,1.8331690664724063,1.3380784886691008,0.9184771676276685,0.4493264750927811,1.7906986349055911,-0.7659772668958664,-0.34105509963441977,0.8315024991200815,0.4608306801939211,0.1337104553845832,-0.7049259983890863,-1.3837714491773996,-0.42828956637154025,-0.8233178906068351,5.101669043266824,-0.6546536707079772,other
1.1320525803091945,-0.24085722530286463,-0.5034279555987932,-0.128458240432681,-0.2680506352813494,-0.699707018463561,-0.3179592448322615,0.024146916773074067,0.4493264750927811,-0.3036857334050418,1.0469866784197936,-1.2937229757082183,0.6555975913307684,0.4608306801939211,0.1337104553845832,-0.7049259983890863,0.14694918044361782,-0.42828956637154025,1.2145976802021625,-0.19601428307463395,-0.6546536707079772,other
-0.45902623952101557,0.008047933466888762,1.3440140832958607,-0.128458240432681,-0.18652865982494388,1.1999500452384144,0.5100596219184197,0.024146916773074067,0.4493264750927811,-0.3036857334050418,-0.7659772668958664,0.6116127764393787,-0.3118794015104516,0.4608306801939211,0.1337104553845832,1.027078911657809,0.14694918044361782,-0.42828956637154025,1.2145976802021625,-0.19601428307463395,-0.6546536707079772,other
1.1320525803091945,-1.2364778603818778,-0.5034279555987932,-0.1783643167468539,-0.9212897690472428,-0.699707018463561,-1.973996978333624,-1.7645135849361144,-0.963649861676971,-0.3036857334050418,1.0469866784197936,-1.2937229757082183,1.623074584171989,0.4608306801939211,0.1337104553845832,-0.7049259983890863,-2.9144920787984168,-0.42828956637154025,1.2145976802021625,-0.19601428307463395,-0.6546536707079772,other
-0.45902623952101557,1.2525737273156554,-2.350869994493447,-0.10350520227559457,0.1888268706460714,-0.699707018463561,-0.3179592448322615,0.9184771676276685,-0.963649861676971,-0.3036857334050418,-1.6724592395536964,0.6116127764393787,0.5676451374361121,0.4608306801939211,0.1337104553845832,-0.7049259983890863,0.14694918044361782,-0.42828956637154025,1.2145976802021625,-0.19601428307463395,1.5275252316519468,other
0.33651317039408946,0.25695309223664214,1.3440140832958607,-0.1783643167468539,-0.6831038233659187,1.8331690664724063,0.5100596219184197,0.9184771676276685,0.4493264750927811,-0.3036857334050418,-0.7659772668958664,-1.2937229757082183,0.1278828679628304,-2.3750504286917473,0.1337104553845832,1.027078911657809,-1.3837714491773996,2.3348689263480744,-0.8233178906068351,-0.19601428307463395,1.5275252316519468,other
-1.2545656494361206,-0.90460431535554,1.3440140832958607,-0.1783643167468539,-0.7915634950600929,-0.699707018463561,0.5100596219184197,0.9184771676276685,0.4493264750927811,1.7906986349055911,0.14050470576196358,-0.34105509963441977,1.1833123146987068,0.4608306801939211,0.1337104553845832,1.027078911657809,0.14694918044361782,-0.42828956637154025,1.2145976802021625,-0.19601428307463395,-0.6546536707079772,other
1.1320525803091945,2.2481943623946687,1.3440140832958607,-0.1783643167468539,2.4299723089541256,0.5667310240044227,-0.3179592448322615,-0.8701833340815202,0.4493264750927811,-0.3036857334050418,-0.7659772668958664,1.5642806525131776,0.7435500452254251,-2.3750504286917473,2.016956305871672,-0.7049259983890863,0.14694918044361782,-0.42828956637154025,-0.8233178906068351,-0.19601428307463395,1.5275252316519468,other
1.1320525803091945,-1.2364778603818778,-0.5034279555987932,-0.128458240432681,-0.6125695924275504,1.1999500452384144,-0.3179592448322615,0.9184771676276685,-2.376626198446723,-0.3036857334050418,-0.7659772668958664,-1.2937229757082183,-0.22392694761579526,0.4608306801939211,0.1337104553845832,-0.7049259983890863,0.14694918044361782,-0.42828956637154025,-0.8233178906068351,-0.19601428307463395,-0.6546536707079772,other
1.1320525803091945,0.7547634097761486,-0.5034279555987932,-0.15341127858976747,0.5457513457965081,1.8331690664724063,0.5100596219184197,-0.8701833340815202,-0.963649861676971,-0.3036857334050418,1.0469866784197936,-0.34105509963441977,-1.0154990326677027,-0.9571098742489133,-1.7495353951025054,-0.7049259983890863,-1.3837714491773996,-0.42828956637154025,-0.8233178906068351,-0.19601428307463395,-0.6546536707079772,young
-1.2545656494361206,-0.7386675428423712,-0.5034279555987932,-0.10350520227559457,-0.9017953836120154,-0.06648799722956913,-1.1459781115829426,0.9184771676276685,1.8623028118625335,-0.3036857334050418,0.14050470576196358,1.5642806525131776,-0.22392694761579526,0.4608306801939211,0.1337104553845832,-0.7049259983890863,-1.3837714491773996,-0.42828956637154025,1.2145976802021625,-0.19601428307463395,1.5275252316519468,other
-0.45902623952101557,-1.070541087868709,-0.5034279555987932,-0.128458240432681,-0.7210292641217247,-0.699707018463561,-0.3179592448322615,0.024146916773074067,-0.963649861676971,-0.3036857334050418,1.0469866784197936,-1.2937229757082183,-1.0154990326677027,0.4608306801939211,0.1337104553845832,-0.7049259983890863,0.14694918044361782,-0.42828956637154025,-0.8233178906068351,-0.19601428307463395,1.5275252316519468,young
-0.45902623952101557,-0.9875727016121244,-0.5034279555987932,-0.1783643167468539,-1.06164934418088,-0.699707018463561,-0.3179592448322615,0.9184771676276685,1.8623028118625335,-0.3036857334050418,1.0469866784197936,-1.2937229757082183,-1.1914039404570156,0.4608306801939211,-1.7495353951025054,-0.7049259983890863,-1.3837714491773996,-0.42828956637154025,-0.8233178906068351,-0.19601428307463395,-0.6546536707079772,young
-0.45902623952101557,2.2481943623946687,-0.5034279555987932,9.054259801375132,0.7477840675797741,1.8331690664724063,-1.973996978333624,0.024146916773074067,0.4493264750927811,-0.3036857334050418,1.0469866784197936,1.5642806525131776,0.39174022964679944,-2.3750504286917473,2.016956305871672,-0.7049259983890863,-2.9144920787984168,-0.42828956637154025,1.2145976802021625,-0.19601428307463395,-0.6546536707079772,other
1.1320525803091945,0.25695309223664214,-0.5034279555987932,-0.128458240432681,0.7938617058812206,-0.06648799722956913,-0.3179592448322615,0.9184771676276685,0.4493264750927811,-0.3036857334050418,-1.6724592395536964,0.6116127764393787,-0.9275465787730464,-0.9571098742489133,0.1337104553845832,-0.7049259983890863,0.14694918044361782,-0.42828956637154025,-0.8233178906068351,-0.19601428307463395,-0.6546536707079772,young
0.33651317039408946,0.25695309223664214,-0.5034279555987932,-0.128458240432681,0.169332485210844,-0.699707018463561,-1.1459781115829426,-0.8701833340815202,-0.963649861676971,-0.3036857334050418,1.0469866784197936,0.6116127764393787,-0.83959412487839,0.4608306801939211,0.1337104553845832,-0.7049259983890863,0.14694918044361782,-0.42828956637154025,-0.8233178906068351,-0.19601428307463395,-0.6546536707079772,other
-0.45902623952101557,-0.7386675428423712,-0.5034279555987932,-0.1783643167468539,-0.9166820052170981,-0.699707018463561,0.5100596219184197,-0.8701833340815202,1.8623028118625335,-0.3036857334050418,0.14050470576196358,0.6116127764393787,-0.9275465787730464,-2.3750504286917473,0.1337104553845832,-0.7049259983890863,-1.3837714491773996,-0.42828956637154025,-0.8233178906068351,-0.19601428307463395,1.5275252316519468,young
0.33651317039408946,-1.4024146328950466,-0.5034279555987932,-0.1783643167468539,-0.6299373176334803,1.8331690664724063,-1.1459781115829426,-1.7645135849361144,0.4493264750927811,-0.3036857334050418,-0.7659772668958664,-1.2937229757082183,-0.5757367631944208,0.4608306801939211,0.1337104553845832,-0.7049259983890863,-1.3837714491773996,2.3348689263480744,-0.8233178906068351,5.101669043266824,-0.6546536707079772,other
-1.2545656494361206,1.2525737273156554,-1.4271489750461201,-0.128458240432681,-0.18617421645339427,-0.699707018463561,1.3380784886691008,0.9184771676276685,0.4493264750927811,-0.3036857334050418,1.0469866784197936,0.6116127764393787,-0.3998318554051081,-2.3750504286917473,0.1337104553845832,-0.7049259983890863,0.14694918044361782,-0.42828956637154025,-0.8233178906068351,-0.19601428307463395,1.5275252316519468,other
-1.2545656494361206,-0.7386675428423712,-0.5034279555987932,-0.128458240432681,-0.9085298076714576,-0.699707018463561,-0.3179592448322615,-0.8701833340815202,0.4493264750927811,3.8850830032162245,0.14050470576196358,-0.34105509963441977,0.21583532185748674,0.4608306801939211,0.1337104553845832,-0.7049259983890863,-1.3837714491773996,2.3348689263480744,-0.8233178906068351,-0.19601428307463395,-0.6546536707079772,other
-0.45902623952101557,0.25695309223664214,-0.5034279555987932,-0.128458240432681,0.3827073948836968,1.8331690664724063,-0.3179592448322615,-1.7645135849361144,-0.963649861676971,-0.3036857334050418,1.0469866784197936,-0.34105509963441977,1.095359860804051,0.4608306801939211,0.1337104553845832,-0.7049259983890863,-1.3837714491773996,-0.42828956637154025,1.2145976802021625,-0.19601428307463395,-0.6546536707079772,other
1.1320525803091945,-0.7386675428423712,1.3440140832958607,-0.02864608780433522,-0.9110109112723047,-0.699707018463561,-0.3179592448322615,0.9184771676276685,0.4493264750927811,-0.3036857334050418,-0.7659772668958664,0.6116127764393787,-0.3118794015104516,0.4608306801939211,0.1337104553845832,1.027078911657809,0.14694918044361782,-0.42828956637154025,-0.8233178906068351,-0.19601428307463395,-0.6546536707079772,other
-1.2545656494361206,-0.48976238407261785,0.4202930638485338,-0.128458240432681,0.13176148782658745,-0.699707018463561,1.3380784886691008,-1.7645135849361144,-0.963649861676971,-0.3036857334050418,1.0469866784197936,-0.34105509963441977,-0.7516416709837337,0.4608306801939211,0.1337104553845832,1.027078911657809,-1.3837714491773996,-0.42828956637154025,-0.8233178906068351,-0.19601428307463395,-0.6546536707079772,other
-0.45902623952101557,0.7547634097761486,1.3440140832958607,-0.1783643167468539,0.34655417098563857,-0.699707018463561,-1.973996978333624,0.9184771676276685,1.8623028118625335,-0.3036857334050418,-0.7659772668958664,0.6116127764393787,-0.6636892170890771,0.4608306801939211,0.1337104553845832,1.027078911657809,1.6776698100646354,-0.42828956637154025,-0.8233178906068351,-0.19601428307463395,1.5275252316519468,other
-1.2545656494361206,0.25695309223664214,-0.5034279555987932,-0.10350520227559457,-0.4725644606654626,-0.699707018463561,-1.1459781115829426,0.9184771676276685,-2.376626198446723,-0.3036857334050418,0.14050470576196358,-0.34105509963441977,-0.3118794015104516,0.4608306801939211,0.1337104553845832,-0.7049259983890863,0.14694918044361782,-0.42828956637154025,-0.8233178906068351,-0.19601428307463395,1.5275252316519468,other
-1.2545656494361206,0.25695309223664214,-0.5034279555987932,-0.15341127858976747,-0.12804550351926156,-0.699707018463561,0.5100596219184197,-0.8701833340815202,0.4493264750927811,-0.3036857334050418,-1.6724592395536964,1.5642806525131776,-0.13597449372113893,0.4608306801939211,2.016956305871672,-0.7049259983890863,1.6776698100646354,-0.42828956637154025,1.2145976802021625,-0.19601428307463395,-0.6546536707079772,other
-1.2545656494361206,-0.24085722530286463,-0.5034279555987932,-0.128458240432681,-0.21701078977820862,1.1999500452384144,-0.3179592448322615,0.9184771676276685,0.4493264750927811,-0.3036857334050418,-0.7659772668958664,0.6116127764393787,-0.6636892170890771,0.4608306801939211,0.1337104553845832,-0.7049259983890863,0.14694918044361782,-0.42828956637154025,-0.8233178906068351,-0.19601428307463395,-0.6546536707079772,other
1.1320525803091945,-0.24085722530286463,1.3440140832958607,-0.1783643167468539,-0.7951079287755889,-0.699707018463561,-0.3179592448322615,0.9184771676276685,-0.963649861676971,-0.3036857334050418,0.14050470576196358,-1.2937229757082183,0.039930414068173783,0.4608306801939211,0.1337104553845832,1.027078911657809,0.14694918044361782,-0.42828956637154025,-0.8233178906068351,-0.19601428307463395,-0.6546536707079772,other
-1.2545656494361206,-1.070541087868709,1.3440140832958607,-0.1783643167468539,0.04492286179693811,-0.699707018463561,0.5100596219184197,-1.7645135849361144,0.4493264750927811,-0.3036857334050418,1.0469866784197936,-1.2937229757082183,0.3037877757521431,0.4608306801939211,0.1337104553845832,1.027078911657809,-1.3837714491773996,-0.42828956637154025,-0.8233178906068351,5.101669043266824,-0.6546536707079772,other
1.1320525803091945,-0.7386675428423712,1.3440140832958607,-0.128458240432681,0.8966502836306013,1.8331690664724063,1.3380784886691008,-0.8701833340815202,0.4493264750927811,-0.3036857334050418,1.0469866784197936,-0.34105509963441977,1.1833123146987068,0.4608306801939211,-1.7495353951025054,-0.7049259983890863,0.14694918044361782,-0.42828956637154025,1.2145976802021625,-0.19601428307463395,-0.6546536707079772,other
1.1320525803091945,0.25695309223664214,-0.5034279555987932,-0.1783643167468539,-0.618949573115443,1.1999500452384144,0.5100596219184197,0.9184771676276685,-0.963649861676971,-0.3036857334050418,0.14050470576196358,0.6116127764393787,-0.13597449372113893,0.4608306801939211,0.1337104553845832,-0.7049259983890863,0.14694918044361782,2.3348689263480744,1.2145976802021625,-0.19601428307463395,-0.6546536707079772,other
0.33651317039408946,1.2525737273156554,-0.5034279555987932,-0.10350520227559457,0.42594948621274664,-0.699707018463561,1.3380784886691008,0.9184771676276685,0.4493264750927811,-0.3036857334050418,-0.7659772668958664,0.6116127764393787,-0.3998318554051081,0.4608306801939211,0.1337104553845832,-0.7049259983890863,0.14694918044361782,-0.42828956637154025,-0.8233178906068351,-0.19601428307463395,-0.6546536707079772,other
-0.45902623952101557,-1.2364778603818778,-0.5034279555987932,-0.10350520227559457,-0.7809301939136054,-0.699707018463561,1.3380784886691008,0.9184771676276685,0.4493264750927811,-0.3036857334050418,1.0469866784197936,0.6116127764393787,-0.6636892170890771,0.4608306801939211,0.1337104553845832,-0.7049259983890863,0.14694918044361782,2.3348689263480744,-0.8233178906068351,-0.19601428307463395,-0.6546536707079772,other
-1.2545656494361206,0.25695309223664214,1.3440140832958607,-0.15341127858976747,1.1851671880719674,-0.699707018463561,-1.973996978333624,-0.8701833340815202,0.4493264750927811,-0.3036857334050418,1.0469866784197936,1.5642806525131776,3.470076115959773,0.4608306801939211,2.016956305871672,1.027078911657809,1.6776698100646354,-0.42828956637154025,1.2145976802021625,-0.19601428307463395,-0.6546536707079772,other
1.1320525803091945,-0.24085722530286463,1.3440140832958607,-0.02864608780433522,-0.4987932701601322,-0.06648799722956913,-0.3179592448322615,0.9184771676276685,-0.963649861676971,-0.3036857334050418,-0.7659772668958664,-1.2937229757082183,-0.48778430929976446,0.4608306801939211,0.1337104553845832,1.027078911657809,0.14694918044361782,-0.42828956637154025,-0.8233178906068351,-0.19601428307463395,1.5275252316519468,other
-0.45902623952101557,3.243814997473682,-0.5034279555987932,-0.1783643167468539,1.4662407817107916,-0.06648799722956913,-1.1459781115829426,0.9184771676276685,-0.963649861676971,-0.3036857334050418,-0.7659772668958664,-0.34105509963441977,-1.0154990326677027,0.4608306801939211,0.1337104553845832,-0.7049259983890863,1.6776698100646354,-0.42828956637154025,-0.8233178906068351,-0.19601428307463395,1.5275252316519468,young
1.1320525803091945,2.2481943623946687,1.3440140832958607,-0.15341127858976747,2.9485229615311748,-0.06648799722956913,-0.3179592448322615,-0.8701833340815202,-0.963649861676971,-0.3036857334050418,1.0469866784197936,0.6116127764393787,-1.0154990326677027,-2.3750504286917473,-1.7495353951025054,1.027078911657809,-1.3837714491773996,-0.42828956637154025,-0.8233178906068351,-0.19601428307463395,1.5275252316519468,young
-1.2545656494361206,0.25695309223664214,-2.350869994493447,-0.128458240432681,0.29728654234024565,-0.699707018463561,1.3380784886691008,0.024146916773074067,0.4493264750927811,-0.3036857334050418,1.0469866784197936,1.5642806525131776,-1.1034514865623593,-2.3750504286917473,-1.7495353951025054,1.027078911657809,0.14694918044361782,2.3348689263480744,-0.8233178906068351,-0.19601428307463395,1.5275252316519468,young
-1.2545656494361206,-1.2364778603818778,1.3440140832958607,-0.128458240432681,0.03996065459524382,-0.699707018463561,-0.3179592448322615,-1.7645135849361144,-2.376626198446723,-0.3036857334050418,1.0469866784197936,-1.2937229757082183,0.7435500452254251,0.4608306801939211,-1.7495353951025054,-0.7049259983890863,1.6776698100646354,-0.42828956637154025,1.2145976802021625,-0.19601428307463395,1.5275252316519468,other
-0.45902623952101557,-0.6556991565857868,-0.5034279555987932,-0.10350520227559457,-0.41479019110287946,-0.699707018463561,-1.1459781115829426,-0.8701833340815202,-0.963649861676971,3.8850830032162245,1.0469866784197936,-0.34105509963441977,-1.1034514865623593,0.4608306801939211,0.1337104553845832,-0.7049259983890863,-1.3837714491773996,-0.42828956637154025,-0.8233178906068351,-0.19601428307463395,-0.6546536707079772,young
-1.2545656494361206,-0.48976238407261785,-0.5034279555987932,-0.07855216411850811,-0.7075604160028404,1.8331690664724063,-0.3179592448322615,0.9184771676276685,-0.963649861676971,-0.3036857334050418,-0.7659772668958664,0.6116127764393787,-1.0154990326677027,0.4608306801939211,-1.7495353951025054,-0.7049259983890863,0.14694918044361782,-0.42828956637154025,-0.8233178906068351,-0.19601428307463395,1.5275252316519468,young
-1.2545656494361206,0.25695309223664214,-0.5034279555987932,-0.128458240432681,0.3181987012616716,-0.699707018463561,-0.3179592448322615,0.9184771676276685,0.4493264750927811,-0.3036857334050418,1.0469866784197936,-0.34105509963441977,-0.6636892170890771,0.4608306801939211,0.1337104553845832,-0.7049259983890863,0.14694918044361782,-0.42828956637154025,-0.8233178906068351,-0.19601428307463395,-0.6546536707079772,other
-0.45902623952101557,-0.90460431535554,-0.5034279555987932,-0.128458240432681,-0.6203673466016414,-0.699707018463561,-0.3179592448322615,0.9184771676276685,-2.376626198446723,-0.3036857334050418,-0.7659772668958664,0.6116127764393787,-0.3998318554051081,0.4608306801939211,0.1337104553845832,-0.7049259983890863,-1.3837714491773996,-0.42828956637154025,-0.8233178906068351,-0.19601428307463395,-0.6546536707079772,other
-0.45902623952101557,0.25695309223664214,1.3440140832958607,-0.02864608780433522,0.8760925680807253,-0.699707018463561,-1.1459781115829426,-0.8701833340815202,-0.963649861676971,-0.3036857334050418,1.0469866784197936,1.5642806525131776,-1.0154990326677027,0.4608306801939211,2.016956305871672,1.027078911657809,0.14694918044361782,-0.42828956637154025,1.2145976802021625,-0.19601428307463395,-0.6546536707079772,young
-1.2545656494361206,0.008047933466888762,-0.5034279555987932,-0.128458240432681,0.11616597947840557,-0.699707018463561,0.5100596219184197,-1.7645135849361144,-0.963649861676971,-0.3036857334050418,1.0469866784197936,0.6116127764393787,-0.83959412487839,0.4608306801939211,-1.7495353951025054,-0.7049259983890863,-1.3837714491773996,-0.42828956637154025,-0.8233178906068351,-0.19601428307463395,-0.6546536707079772,other
-0.45902623952101557,-0.24085722530286463,-0.5034279555987932,-0.10350520227559457,-0.02064916193973606,0.5667310240044227,-1.1459781115829426,-1.7645135849361144,1.8623028118625335,-0.3036857334050418,0.14050470576196358,-1.2937229757082183,-0.9275465787730464,0.4608306801939211,-1.7495353951025054,-0.7049259983890863,0.14694918044361782,-0.42828956637154025,-0.8233178906068351,-0.19601428307463395,-0.6546536707079772,young
-0.45902623952101557,-0.24085722530286463,-0.5034279555987932,0.046213026666924124,0.4138984115800607,-0.699707018463561,1.3380784886691008,-1.7645135849361144,0.4493264750927811,1.7906986349055911,-1.6724592395536964,-1.2937229757082183,-0.22392694761579526,-2.3750504286917473,0.1337104553845832,-0.7049259983890863,1.6776698100646354,-0.42828956637154025,1.2145976802021625,-0.19601428307463395,-0.6546536707079772,other
0.33651317039408946,-0.90460431535554,-0.5034279555987932,-0.1783643167468539,0.24022115952076187,-0.699707018463561,-1.1459781115829426,-1.7645135849361144,0.4493264750927811,3.8850830032162245,-1.6724592395536964,-0.34105509963441977,0.1278828679628304,0.4608306801939211,0.1337104553845832,-0.7049259983890863,-1.3837714491773996,2.3348689263480744,-0.8233178906068351,-0.19601428307463395,-0.6546536707079772,other
1.1320525803091945,-0.48976238407261785,1.3440140832958607,-0.10350520227559457,-0.6423428356377159,-0.699707018463561,-0.3179592448322615,0.9184771676276685,-0.963649861676971,-0.3036857334050418,-0.7659772668958664,0.6116127764393787,0.6555975913307684,0.4608306801939211,0.1337104553845832,-0.7049259983890863,-1.3837714491773996,-0.42828956637154025,-0.8233178906068351,-0.19601428307463395,-0.6546536707079772,other
-0.45902623952101557,-0.6556991565857868,1.3440140832958607,-0.10350520227559457,-0.846856661021829,-0.699707018463561,-1.1459781115829426,0.9184771676276685,0.4493264750927811,3.8850830032162245,1.0469866784197936,-1.2937229757082183,-1.1034514865623593,0.4608306801939211,0.1337104553845832,1.027078911657809,0.14694918044361782,-0.42828956637154025,-0.8233178906068351,-0.19601428307463395,-0.6546536707079772,young
-0.45902623952101557,0.25695309223664214,-0.5034279555987932,-0.10350520227559457,0.17252247555479017,0.5667310240044227,-1.973996978333624,-1.7645135849361144,-0.963649861676971,-0.3036857334050418,1.0469866784197936,1.5642806525131776,-1.1034514865623593,0.4608306801939211,-1.7495353951025054,-0.7049259983890863,-2.9144920787984168,-0.42828956637154025,-0.8233178906068351,-0.19601428307463395,-0.6546536707079772,young
1.1320525803091945,-1.2364778603818778,0.4202930638485338,0.046213026666924124,-0.5416809181176325,-0.06648799722956913,-0.3179592448322615,-1.7645135849361144,0.4493264750927811,-0.3036857334050418,-0.7659772668958664,-1.2937229757082183,-0.13597449372113893,0.4608306801939211,0.1337104553845832,1.027078911657809,-1.3837714491773996,-0.42828956637154025,-0.8233178906068351,-0.19601428307463395,-0.6546536707079772,other
-0.45902623952101557,-0.9875727016121244,1.3440140832958607,-0.02864608780433522,-0.7568280446482333,1.1999500452384144,1.3380784886691008,0.9184771676276685,0.4493264750927811,-0.3036857334050418,0.14050470576196358,1.5642806525131776,-0.3118794015104516,0.4608306801939211,2.016956305871672,1.027078911657809,0.14694918044361782,2.3348689263480744,-0.8233178906068351,-0.19601428307463395,1.5275252316519468,other
1.1320525803091945,-0.9875727016121244,-0.5034279555987932,-0.07855216411850811,-0.7213837074932743,-0.699707018463561,-1.1459781115829426,-1.7645135849361144,-0.963649861676971,-0.3036857334050418,1.0469866784197936,-1.2937229757082183,-1.1034514865623593,0.4608306801939211,-1.7495353951025054,-0.7049259983890863,0.14694918044361782,-0.42828956637154025,1.2145976802021625,-0.19601428307463395,-0.6546536707079772,young
-0.45902623952101557,-0.9875727016121244,-0.5034279555987932,-0.128458240432681,-0.8195645214125106,-0.699707018463561,-0.3179592448322615,-1.7645135849361144,-0.963649861676971,-0.3036857334050418,-0.7659772668958664,0.6116127764393787,-0.5757367631944208,0.4608306801939211,0.1337104553845832,-0.7049259983890863,0.14694918044361782,-0.42828956637154025,-0.8233178906068351,5.101669043266824,1.5275252316519468,other
1.1320525803091945,-0.24085722530286463,1.3440140832958607,-0.15341127858976747,-0.014978067994942586,1.8331690664724063,-1.973996978333624,-0.8701833340815202,0.4493264750927811,-0.3036857334050418,1.0469866784197936,1.5642806525131776,0.21583532185748674,0.4608306801939211,0.1337104553845832,-0.7049259983890863,1.6776698100646354,-0.42828956637154025,1.2145976802021625,-0.19601428307463395,-0.6546536707079772,other
-1.2545656494361206,-0.7386675428423712,-2.350869994493447,-0.10350520227559457,1.0377187455073382,-0.699707018463561,-0.3179592448322615,0.9184771676276685,0.4493264750927811,-0.3036857334050418,-0.7659772668958664,-0.34105509963441977,-0.6636892170890771,0.4608306801939211,-1.7495353951025054,1.027078911657809,0.14694918044361782,-0.42828956637154025,1.2145976802021625,-0.19601428307463395,1.5275252316519468,other
1.1320525803091945,-0.90460431535554,-0.5034279555987932,-0.02864608780433522,-0.9017953836120154,0.5667310240044227,1.3380784886691008,0.9184771676276685,0.4493264750927811,-0.3036857334050418,1.0469866784197936,1.5642806525131776,0.9194549530147378,0.4608306801939211,2.016956305871672,-0.7049259983890863,0.14694918044361782,-0.42828956637154025,1.2145976802021625,-0.19601428307463395,-0.6546536707079772,other
-0.45902623952101557,0.25695309223664214,-0.5034279555987932,-0.1783643167468539,-0.7178392737777783,-0.699707018463561,-1.1459781115829426,0.9184771676276685,0.4493264750927811,-0.3036857334050418,-0.7659772668958664,-1.2937229757082183,-1.1034514865623593,-0.9571098742489133,0.1337104553845832,-0.7049259983890863,-1.3837714491773996,-0.42828956637154025,-0.8233178906068351,-0.19601428307463395,1.5275252316519468,young
1.1320525803091945,-0.7386675428423712,1.3440140832958607,-0.10350520227559457,-0.3332682156464739,1.8331690664724063,1.3380784886691008,-1.7645135849361144,0.4493264750927811,1.7906986349055911,1.0469866784197936,-1.2937229757082183,1.1833123146987068,0.4608306801939211,0.1337104553845832,-0.7049259983890863,0.14694918044361782,-0.42828956637154025,1.2145976802021625,-0.19601428307463395,-0.6546536707079772,other
1.1320525803091945,1.2525737273156554,0.4202930638485338,-0.10350520227559457,0.42240505249725074,-0.699707018463561,-0.3179592448322615,0.9184771676276685,0.4493264750927811,-0.3036857334050418,-0.7659772668958664,0.6116127764393787,-0.83959412487839,0.4608306801939211,0.1337104553845832,1.027078911657809,1.6776698100646354,-0.42828956637154025,1.2145976802021625,-0.19601428307463395,1.5275252316519468,other
1.1320525803091945,-0.7386675428423712,-0.5034279555987932,-0.10350520227559457,-0.8844276584060855,-0.699707018463561,-0.3179592448322615,0.9184771676276685,1.8623028118625335,-0.3036857334050418,-0.7659772668958664,-1.2937229757082183,-0.6636892170890771,0.4608306801939211,0.1337104553845832,-0.7049259983890863,0.14694918044361782,-0.42828956637154025,-0.8233178906068351,-0.19601428307463395,-0.6546536707079772,other
-1.2545656494361206,0.7547634097761486,-0.5034279555987932,-0.128458240432681,-0.30668496278025464,-0.699707018463561,0.5100596219184197,0.9184771676276685,-0.963649861676971,-0.3036857334050418,1.0469866784197936,-1.2937229757082183,-1.1034514865623593,0.4608306801939211,-1.7495353951025054,-0.7049259983890863,0.14694918044361782,-0.42828956637154025,-0.8233178906068351,-0.19601428307463395,1.5275252316519468,young
-0.45902623952101557,-0.24085722530286463,-0.5034279555987932,-0.02864608780433522,-0.7203203773786255,1.8331690664724063,-0.3179592448322615,0.9184771676276685,0.4493264750927811,-0.3036857334050418,1.0469866784197936,1.5642806525131776,2.2387417614345835,0.4608306801939211,2.016956305871672,-0.7049259983890863,0.14694918044361782,-0.42828956637154025,-0.8233178906068351,-0.19601428307463395,-0.6546536707079772,other
0.33651317039408946,-0.7386675428423712,-0.5034279555987932,-0.10350520227559457,0.0452773051684877,1.8331690664724063,1.3380784886691008,-0.8701833340815202,0.4493264750927811,-0.3036857334050418,0.14050470576196358,0.6116127764393787,0.1278828679628304,0.4608306801939211,0.1337104553845832,-0.7049259983890863,1.6776698100646354,-0.42828956637154025,-0.8233178906068351,-0.19601428307463395,-0.6546536707079772,other
0.33651317039408946,-0.7386675428423712,0.4202930638485338,-0.1783643167468539,-0.36304145885663947,-0.699707018463561,-0.3179592448322615,-0.8701833340815202,-0.963649861676971,-0.3036857334050418,-0.7659772668958664,0.6116127764393787,0.039930414068173783,-0.9571098742489133,0.1337104553845832,1.027078911657809,0.14694918044361782,-0.42828956637154025,1.2145976802021625,-0.19601428307463395,-0.6546536707079772,other
1.1320525803091945,-1.2364778603818778,-0.5034279555987932,-0.128458240432681,-0.533528720571992,-0.699707018463561,-0.3179592448322615,-1.7645135849361144,1.8623028118625335,-0.3036857334050418,-0.7659772668958664,-0.34105509963441977,-1.279356394351672,0.4608306801939211,-1.7495353951025054,-0.7049259983890863,0.14694918044361782,-0.42828956637154025,-0.8233178906068351,-0.19601428307463395,-0.6546536707079772,young
-1.2545656494361206,-0.24085722530286463,-0.5034279555987932,-0.128458240432681,-0.2829372568864322,-0.699707018463561,-1.973996978333624,0.9184771676276685,0.4493264750927811,-0.3036857334050418,-1.6724592395536964,0.6116127764393787,-0.9275465787730464,0.4608306801939211,0.1337104553845832,-0.7049259983890863,-2.9144920787984168,-0.42828956637154025,-0.8233178906068351,-0.19601428307463395,1.5275252316519468,young
1.1320525803091945,-0.7386675428423712,-0.5034279555987932,0.046213026666924124,-0.6129240357990999,-0.699707018463561,0.5100596219184197,-0.8701833340815202,0.4493264750927811,-0.3036857334050418,1.0469866784197936,0.6116127764393787,0.039930414068173783,0.4608306801939211,0.1337104553845832,-0.7049259983890863,0.14694918044361782,-0.42828956637154025,1.2145976802021625,-0.19601428307463395,-0.6546536707079772,other
1.1320525803091945,-0.24085722530286463,1.3440140832958607,-0.15341127858976747,0.20513126573735244,-0.699707018463561,0.5100596219184197,0.024146916773074067,0.4493264750927811,-0.3036857334050418,-1.6724592395536964,0.6116127764393787,-0.7516416709837337,0.4608306801939211,0.1337104553845832,1.027078911657809,0.14694918044361782,-0.42828956637154025,-0.8233178906068351,-0.19601428307463395,-0.6546536707079772,other
-1.2545656494361206,-0.24085722530286463,-0.5034279555987932,-0.128458240432681,0.13424259142743458,-0.699707018463561,-1.1459781115829426,-1.7645135849361144,-0.963649861676971,-0.3036857334050418,1.0469866784197936,0.6116127764393787,-1.1914039404570156,0.4608306801939211,-1.7495353951025054,-0.7049259983890863,0.14694918044361782,-0.42828956637154025,-0.8233178906068351,-0.19601428307463395,-0.6546536707079772,young
-1.2545656494361206,1.2525737273156554,-0.5034279555987932,-0.128458240432681,0.061936143631318344,-0.699707018463561,1.3380784886691008,0.9184771676276685,0.4493264750927811,-0.3036857334050418,-0.7659772668958664,0.6116127764393787,0.5676451374361121,0.4608306801939211,0.1337104553845832,-0.7049259983890863,0.14694918044361782,2.3348689263480744,-0.8233178906068351,-0.19601428307463395,1.5275252316519468,other
-0.45902623952101557,-0.24085722530286463,-0.5034279555987932,-0.128458240432681,-0.09579115670824903,-0.699707018463561,0.5100596219184197,-0.8701833340815202,-0.963649861676971,-0.3036857334050418,1.0469866784197936,-1.2937229757082183,0.39174022964679944,0.4608306801939211,-1.7495353951025054,-0.7049259983890863,0.14694918044361782,-0.42828956637154025,-0.8233178906068351,-0.19601428307463395,-0.6546536707079772,other
1.1320525803091945,1.2525737273156554,-0.5034279555987932,-0.1783643167468539,-0.06814457372738103,1.8331690664724063,-0.3179592448322615,0.9184771676276685,0.4493264750927811,-0.3036857334050418,1.0469866784197936,-1.2937229757082183,0.039930414068173783,0.4608306801939211,0.1337104553845832,-0.7049259983890863,0.14694918044361782,-0.42828956637154025,-0.8233178906068351,-0.19601428307463395,-0.6546536707079772,other
1.1320525803091945,-0.24085722530286463,1.3440140832958607,-0.10350520227559457,0.991995550577441,-0.699707018463561,1.3380784886691008,0.024146916773074067,0.4493264750927811,-0.3036857334050418,1.0469866784197936,0.6116127764393787,-0.22392694761579526,0.4608306801939211,0.1337104553845832,1.027078911657809,0.14694918044361782,-0.42828956637154025,1.2145976802021625,-0.19601428307463395,-0.6546536707079772,other
1.1320525803091945,-0.90460431535554,1.3440140832958607,-0.128458240432681,-0.39884023938314794,-0.699707018463561,-1.1459781115829426,-1.7645135849361144,-0.963649861676971,-0.3036857334050418,0.14050470576196358,-1.2937229757082183,-1.1034514865623593,0.4608306801939211,-1.7495353951025054,1.027078911657809,0.14694918044361782,-0.42828956637154025,-0.8233178906068351,-0.19601428307463395,-0.6546536707079772,young
1.1320525803091945,3.243814997473682,1.3440140832958607,-0.1783643167468539,3.716247304307586,1.8331690664724063,1.3380784886691008,-0.8701833340815202,0.4493264750927811,-0.3036857334050418,1.0469866784197936,1.5642806525131776,2.414646669223896,-2.3750504286917473,2.016956305871672,-0.7049259983890863,1.6776698100646354,-0.42828956637154025,1.2145976802021625,-0.19601428307463395,-0.6546536707079772,other
-0.45902623952101557,3.243814997473682,-1.4271489750461201,9.054259801375132,4.0799062035174645,-0.06648799722956913,1.3380784886691008,0.024146916773074067,-0.963649861676971,-0.3036857334050418,1.0469866784197936,1.5642806525131776,2.150789307539927,-2.3750504286917473,2.016956305871672,1.027078911657809,1.6776698100646354,-0.42828956637154025,1.2145976802021625,-0.19601428307463395,1.5275252316519468,other
-1.2545656494361206,2.2481943623946687,-1.4271489750461201,0.046213026666924124,1.564421595630028,-0.699707018463561,0.5100596219184197,-0.8701833340815202,-0.963649861676971,3.8850830032162245,1.0469866784197936,0.6116127764393787,0.1278828679628304,0.4608306801939211,-1.7495353951025054,-0.7049259983890863,0.14694918044361782,-0.42828956637154025,-0.8233178906068351,-0.19601428307463395,1.5275252316519468,other
1.1320525803091945,-0.24085722530286463,0.4202930638485338,-0.10350520227559457,-0.3371670927335194,-0.699707018463561,-1.973996978333624,-0.8701833340815202,1.8623028118625335,-0.3036857334050418,0.14050470576196358,-1.2937229757082183,-0.13597449372113893,0.4608306801939211,0.1337104553845832,1.027078911657809,0.14694918044361782,-0.42828956637154025,-0.8233178906068351,-0.19601428307463395,-0.6546536707079772,other
1.1320525803091945,-1.1535094741252934,0.4202930638485338,-0.10350520227559457,-0.859616622397614,1.8331690664724063,1.3380784886691008,0.024146916773074067,0.4493264750927811,-0.3036857334050418,1.0469866784197936,1.5642806525131776,0.039930414068173783,0.4608306801939211,2.016956305871672,-0.7049259983890863,0.14694918044361782,-0.42828956637154025,-0.8233178906068351,-0.19601428307463395,-0.6546536707079772,other
-0.45902623952101557,1.2525737273156554,-0.5034279555987932,-0.1783643167468539,3.915444479118455,-0.699707018463561,1.3380784886691008,0.9184771676276685,0.4493264750927811,-0.3036857334050418,-0.7659772668958664,1.5642806525131776,1.8869319458559581,0.4608306801939211,2.016956305871672,-0.7049259983890863,1.6776698100646354,-0.42828956637154025,1.2145976802021625,-0.19601428307463395,1.5275252316519468,other
1.1320525803091945,-1.2364778603818778,1.3440140832958607,-0.1783643167468539,-1.0311672142276156,-0.06648799722956913,-0.3179592448322615,0.9184771676276685,-0.963649861676971,-0.3036857334050418,1.0469866784197936,0.6116127764393787,1.4471696763826762,0.4608306801939211,0.1337104553845832,1.027078911657809,-1.3837714491773996,-0.42828956637154025,-0.8233178906068351,-0.19601428307463395,-0.6546536707079772,other
-1.2545656494361206,-0.0749204527896957,-0.5034279555987932,-0.128458240432681,-0.3754469768608751,1.8331690664724063,0.5100596219184197,0.9184771676276685,0.4493264750927811,-0.3036857334050418,1.0469866784197936,0.6116127764393787,0.3037877757521431,0.4608306801939211,0.1337104553845832,-0.7049259983890863,0.14694918044361782,-0.42828956637154025,1.2145976802021625,-0.19601428307463395,-0.6546536707079772,other
-0.45902623952101557,-0.24085722530286463,-0.5034279555987932,-0.15341127858976747,3.4397814744989064,-0.699707018463561,-1.973996978333624,0.024146916773074067,-0.963649861676971,-0.3036857334050418,1.0469866784197936,1.5642806525131776,0.21583532185748674,0.4608306801939211,2.016956305871672,-0.7049259983890863,1.6776698100646354,-0.42828956637154025,1.2145976802021625,-0.19601428307463395,1.5275252316519468,other
1.1320525803091945,0.09101631972347322,-0.5034279555987932,-0.1783643167468539,-0.7047248690304436,1.8331690664724063,0.5100596219184197,0.9184771676276685,-0.963649861676971,-0.3036857334050418,1.0469866784197936,-0.34105509963441977,-0.9275465787730464,0.4608306801939211,-1.7495353951025054,-0.7049259983890863,0.14694918044361782,-0.42828956637154025,-0.8233178906068351,-0.19601428307463395,-0.6546536707079772,young
0.33651317039408946,-0.7386675428423712,-0.5034279555987932,-0.1783643167468539,-0.688066030567613,-0.699707018463561,-1.1459781115829426,0.9184771676276685,0.4493264750927811,-0.3036857334050418,-1.6724592395536964,-1.2937229757082183,-0.83959412487839,0.4608306801939211,0.1337104553845832,-0.7049259983890863,0.14694918044361782,-0.42828956637154025,-0.8233178906068351,-0.19601428307463395,-0.6546536707079772,other
1.1320525803091945,0.7547634097761486,0.4202930638485338,0.046213026666924124,0.3547063685312792,-0.06648799722956913,-0.3179592448322615,-0.8701833340815202,0.4493264750927811,-0.3036857334050418,-0.7659772668958664,-0.34105509963441977,-0.83959412487839,0.4608306801939211,0.1337104553845832,1.027078911657809,-1.3837714491773996,-0.42828956637154025,-0.8233178906068351,-0.19601428307463395,-0.6546536707079772,other
1.1320525803091945,-0.24085722530286463,1.3440140832958607,-0.10350520227559457,-0.3662314492005857,-0.699707018463561,-0.3179592448322615,-0.8701833340815202,-0.963649861676971,-0.3036857334050418,-1.6724592395536964,0.6116127764393787,-0.9275465787730464,0.4608306801939211,0.1337104553845832,1.027078911657809,0.14694918044361782,-0.42828956637154025,-0.8233178906068351,-0.19601428307463395,-0.6546536707079772,young
1.1320525803091945,-0.24085722530286463,-0.5034279555987932,-0.10350520227559457,-0.7603724783637292,1.8331690664724063,-1.1459781115829426,0.9184771676276685,-0.963649861676971,-0.3036857334050418,-0.7659772668958664,-1.2937229757082183,-1.279356394351672,0.4608306801939211,-1.7495353951025054,-0.7049259983890863,0.14694918044361782,-0.42828956637154025,1.2145976802021625,-0.19601428307463395,-0.6546536707079772,young
-0.45902623952101557,-0.24085722530286463,1.3440140832958607,-0.128458240432681,1.4541897070781058,-0.699707018463561,-1.973996978333624,0.9184771676276685,0.4493264750927811,-0.3036857334050418,1.0469866784197936,-0.34105509963441977,0.39174022964679944,-0.9571098742489133,0.1337104553845832,1.027078911657809,1.6776698100646354,-0.42828956637154025,1.2145976802021625,-0.19601428307463395,-0.6546536707079772,other
-0.45902623952101557,-0.48976238407261785,1.3440140832958607,0.046213026666924124,-0.33504043250422183,0.5667310240044227,-0.3179592448322615,-0.8701833340815202,0.4493264750927811,-0.3036857334050418,1.0469866784197936,0.6116127764393787,-0.7516416709837337,-2.3750504286917473,0.1337104553845832,-0.7049259983890863,0.14694918044361782,-0.42828956637154025,-0.8233178906068351,-0.19601428307463395,-0.6546536707079772,other
1.1320525803091945,-0.9875727016121244,-0.5034279555987932,0.046213026666924124,-0.6458872693532118,-0.699707018463561,0.5100596219184197,0.024146916773074067,-0.963649861676971,-0.3036857334050418,-0.7659772668958664,0.6116127764393787,-0.7516416709837337,0.4608306801939211,0.1337104553845832,1.027078911657809,0.14694918044361782,-0.42828956637154025,-0.8233178906068351,-0.19601428307463395,-0.6546536707079772,other
1.1320525803091945,-0.24085722530286463,-0.5034279555987932,-0.1783643167468539,-0.5143887785083141,-0.699707018463561,-0.3179592448322615,-0.8701833340815202,1.8623028118625335,-0.3036857334050418,-0.7659772668958664,-0.34105509963441977,-0.48778430929976446,0.4608306801939211,0.1337104553845832,-0.7049259983890863,1.6776698100646354,-0.42828956637154025,1.2145976802021625,-0.19601428307463395,-0.6546536707079772,other
-0.45902623952101557,-0.7386675428423712,-0.5034279555987932,-0.128458240432681,-0.8110578804953206,1.1999500452384144,-1.1459781115829426,-1.7645135849361144,-0.963649861676971,-0.3036857334050418,1.0469866784197936,-1.2937229757082183,-1.4552613021409848,0.4608306801939211,-1.7495353951025054,-0.7049259983890863,-1.3837714491773996,-0.42828956637154025,-0.8233178906068351,-0.19601428307463395,-0.6546536707079772,young
-1.2545656494361206,1.2525737273156554,-0.5034279555987932,-0.1783643167468539,-0.007889200563950746,-0.699707018463561,0.5100596219184197,-0.8701833340815202,0.4493264750927811,-0.3036857334050418,1.0469866784197936,1.5642806525131776,0.3037877757521431,-2.3750504286917473,2.016956305871672,-0.7049259983890863,1.6776698100646354,2.3348689263480744,1.2145976802021625,-0.19601428307463395,-0.6546536707079772,other
-1.2545656494361206,-1.2364778603818778,1.3440140832958607,-0.10350520227559457,-0.46583003660602035,-0.699707018463561,0.5100596219184197,-1.7645135849361144,-0.963649861676971,-0.3036857334050418,1.0469866784197936,0.6116127764393787,-0.3998318554051081,0.4608306801939211,0.1337104553845832,-0.7049259983890863,0.14694918044361782,-0.42828956637154025,-0.8233178906068351,-0.19601428307463395,-0.6546536707079772,other
1.1320525803091945,-0.9875727016121244,1.3440140832958607,-0.128458240432681,-0.30668496278025464,-0.699707018463561,-1.973996978333624,-0.8701833340815202,0.4493264750927811,-0.3036857334050418,0.14050470576196358,0.6116127764393787,-0.3998318554051081,0.4608306801939211,0.1337104553845832,-0.7049259983890863,1.6776698100646354,-0.42828956637154025,-0.8233178906068351,-0.19601428307463395,-0.6546536707079772,other
-0.45902623952101557,1.5014788860854085,0.4202930638485338,-0.02864608780433522,3.008778334694605,-0.06648799722956913,0.5100596219184197,-0.8701833340815202,0.4493264750927811,-0.3036857334050418,0.14050470576196358,1.5642806525131776,-0.3118794015104516,0.4608306801939211,-1.7495353951025054,-0.7049259983890863,0.14694918044361782,-0.42828956637154025,1.2145976802021625,-0.19601428307463395,-0.6546536707079772,other
-1.2545656494361206,-0.7386675428423712,-0.5034279555987932,-0.128458240432681,-0.24572070287372538,-0.699707018463561,-1.973996978333624,0.024146916773074067,-0.963649861676971,-0.3036857334050418,1.0469866784197936,1.5642806525131776,1.7110270380666455,0.4608306801939211,2.016956305871672,-0.7049259983890863,1.6776698100646354,-0.42828956637154025,-0.8233178906068351,-0.19601428307463395,-0.6546536707079772,other
-1.2545656494361206,1.2525737273156554,1.3440140832958607,-0.128458240432681,-0.3272426783301308,-0.699707018463561,-0.3179592448322615,0.024146916773074067,1.8623028118625335,-0.3036857334050418,-0.7659772668958664,-0.34105509963441977,0.9194549530147378,0.4608306801939211,0.1337104553845832,1.027078911657809,0.14694918044361782,-0.42828956637154025,1.2145976802021625,-0.19601428307463395,-0.6546536707079772,other
-0.45902623952101557,-0.7386675428423712,-0.5034279555987932,-0.1783643167468539,-0.725991471323419,-0.699707018463561,1.3380784886691008,-1.7645135849361144,-2.376626198446723,-0.3036857334050418,-1.6724592395536964,-1.2937229757082183,0.9194549530147378,0.4608306801939211,-1.7495353951025054,1.027078911657809,0.14694918044361782,-0.42828956637154025,-0.8233178906068351,-0.19601428307463395,1.5275252316519468,other
1.1320525803091945,0.25695309223664214,1.3440140832958607,-0.10350520227559457,-0.6221395634593894,1.1999500452384144,-0.3179592448322615,0.9184771676276685,-0.963649861676971,-0.3036857334050418,-1.6724592395536964,-1.2937229757082183,0.6555975913307684,0.4608306801939211,0.1337104553845832,1.027078911657809,-1.3837714491773996,-0.42828956637154025,-0.8233178906068351,-0.19601428307463395,-0.6546536707079772,other
1.1320525803091945,-0.24085722530286463,-0.5034279555987932,-0.10350520227559457,-0.6373806284360216,-0.699707018463561,-1.1459781115829426,0.024146916773074067,1.8623028118625335,-0.3036857334050418,1.0469866784197936,-1.2937229757082183,0.3037877757521431,0.4608306801939211,0.1337104553845832,-0.7049259983890863,0.14694918044361782,-0.42828956637154025,1.2145976802021625,-0.19601428307463395,-0.6546536707079772,other
-0.45902623952101557,-0.24085722530286463,1.3440140832958607,0.046213026666924124,-0.4906410726144916,1.8331690664724063,-0.3179592448322615,0.9184771676276685,1.8623028118625335,-0.3036857334050418,1.0469866784197936,-1.2937229757082183,-0.6636892170890771,-2.3750504286917473,0.1337104553845832,1.027078911657809,0.14694918044361782,-0.42828956637154025,-0.8233178906068351,-0.19601428307463395,-0.6546536707079772,other
1.1320525803091945,0.25695309223664214,0.4202930638485338,0.046213026666924124,1.9057505624322824,-0.699707018463561,-1.1459781115829426,-0.8701833340815202,0.4493264750927811,-0.3036857334050418,-0.7659772668958664,0.6116127764393787,-0.7516416709837337,-2.3750504286917473,0.1337104553845832,1.027078911657809,0.14694918044361782,-0.42828956637154025,1.2145976802021625,-0.19601428307463395,1.5275252316519468,other
1.1320525803091945,-0.5727307703292023,0.4202930638485338,-0.1783643167468539,-0.8752121307457962,-0.699707018463561,-0.3179592448322615,0.9184771676276685,0.4493264750927811,-0.3036857334050418,-0.7659772668958664,0.6116127764393787,-0.7516416709837337,0.4608306801939211,0.1337104553845832,1.027078911657809,-1.3837714491773996,-0.42828956637154025,-0.8233178906068351,-0.19601428307463395,-0.6546536707079772,other
-0.45902623952101557,-0.24085722530286463,0.4202930638485338,-0.1783643167468539,-0.13194438060630706,1.8331690664724063,1.3380784886691008,0.9184771676276685,0.4493264750927811,-0.3036857334050418,1.0469866784197936,0.6116127764393787,0.6555975913307684,0.4608306801939211,0.1337104553845832,-0.7049259983890863,0.14694918044361782,2.3348689263480744,-0.8233178906068351,-0.19601428307463395,-0.6546536707079772,other
-0.45902623952101557,0.25695309223664214,-0.5034279555987932,-0.10350520227559457,-0.43676568013895406,-0.699707018463561,-1.1459781115829426,-1.7645135849361144,1.8623028118625335,-0.3036857334050418,-1.6724592395536964,-0.34105509963441977,-1.1914039404570156,0.4608306801939211,0.1337104553845832,-0.7049259983890863,0.14694918044361782,-0.42828956637154025,1.2145976802021625,-0.19601428307463395,1.5275252316519468,young
1.1320525803091945,0.25695309223664214,1.3440140832958607,-0.15341127858976747,-0.38076362743411885,1.8331690664724063,0.5100596219184197,0.9184771676276685,0.4493264750927811,-0.3036857334050418,1.0469866784197936,0.6116127764393787,0.6555975913307684,0.4608306801939211,0.1337104553845832,1.027078911657809,0.14694918044361782,2.3348689263480744,1.2145976802021625,-0.19601428307463395,-0.6546536707079772,other
-1.2545656494361206,-0.48976238407261785,-0.5034279555987932,-0.10350520227559457,-0.7862468444868492,-0.699707018463561,-1.1459781115829426,0.9184771676276685,1.8623028118625335,-0.3036857334050418,-0.7659772668958664,-1.2937229757082183,-0.7516416709837337,0.4608306801939211,0.1337104553845832,-0.7049259983890863,0.14694918044361782,-0.42828956637154025,-0.8233178906068351,5.101669043266824,-0.6546536707079772,other
1.1320525803091945,0.25695309223664214,-0.5034279555987932,-0.10350520227559457,-0.012851407765645034,0.5667310240044227,1.3380784886691008,0.024146916773074067,-2.376626198446723,-0.3036857334050418,-0.7659772668958664,0.6116127764393787,-0.83959412487839,0.4608306801939211,0.1337104553845832,-0.7049259983890863,1.6776698100646354,-0.42828956637154025,1.2145976802021625,-0.19601428307463395,-0.6546536707079772,other
0.33651317039408946,-0.7386675428423712,1.3440140832958607,-0.1783643167468539,-0.8266533888435024,0.5667310240044227,0.5100596219184197,0.9184771676276685,1.8623028118625335,-0.3036857334050418,-0.7659772668958664,-1.2937229757082183,-0.6636892170890771,0.4608306801939211,0.1337104553845832,2.759083821704704,0.14694918044361782,-0.42828956637154025,1.2145976802021625,-0.19601428307463395,1.5275252316519468,other
-0.45902623952101557,0.25695309223664214,-0.5034279555987932,-0.10350520227559457,-0.4622856028905245,-0.699707018463561,1.3380784886691008,0.9184771676276685,-0.963649861676971,-0.3036857334050418,1.0469866784197936,0.6116127764393787,-1.3673088482463283,0.4608306801939211,0.1337104553845832,-0.7049259983890863,0.14694918044361782,-0.42828956637154025,1.2145976802021625,-0.19601428307463395,-0.6546536707079772,young
1.1320525803091945,1.003668568545902,1.3440140832958607,-0.15341127858976747,1.4113020591206054,-0.699707018463561,0.5100596219184197,0.024146916773074067,0.4493264750927811,-0.3036857334050418,-0.7659772668958664,0.6116127764393787,-0.048022039826482565,0.4608306801939211,0.1337104553845832,1.027078911657809,1.6776698100646354,-0.42828956637154025,1.2145976802021625,-0.19601428307463395,-0.6546536707079772,other
1.1320525803091945,-0.7386675428423712,1.3440140832958607,0.046213026666924124,-0.3470915071369079,-0.699707018463561,-1.973996978333624,0.9184771676276685,0.4493264750927811,-0.3036857334050418,-0.7659772668958664,0.6116127764393787,0.5676451374361121,-0.9571098742489133,0.1337104553845832,1.027078911657809,1.6776698100646354,-0.42828956637154025,1.2145976802021625,-0.19601428307463395,1.5275252316519468,other
1.1320525803091945,-0.90460431535554,-0.5034279555987932,-0.1783643167468539,-0.5934296503638725,0.5667310240044227,-0.3179592448322615,0.024146916773074067,0.4493264750927811,-0.3036857334050418,-0.7659772668958664,1.5642806525131776,0.39174022964679944,0.4608306801939211,-1.7495353951025054,-0.7049259983890863,-1.3837714491773996,2.3348689263480744,-0.8233178906068351,5.101669043266824,-0.6546536707079772,other
-1.2545656494361206,0.25695309223664214,-0.5034279555987932,-0.1783643167468539,-0.6699894186185839,1.8331690664724063,-0.3179592448322615,0.9184771676276685,-0.963649861676971,-0.3036857334050418,-0.7659772668958664,-0.34105509963441977,-0.048022039826482565,0.4608306801939211,0.1337104553845832,-0.7049259983890863,0.14694918044361782,-0.42828956637154025,-0.8233178906068351,-0.19601428307463395,1.5275252316519468,other
1.1320525803091945,1.2525737273156554,1.3440140832958607,-0.15341127858976747,0.9111824618641348,-0.699707018463561,1.3380784886691008,-0.8701833340815202,0.4493264750927811,-0.3036857334050418,-0.7659772668958664,-0.34105509963441977,-0.048022039826482565,0.4608306801939211,0.1337104553845832,1.027078911657809,0.14694918044361782,2.3348689263480744,1.2145976802021625,-0.19601428307463395,-0.6546536707079772,other
-1.2545656494361206,-0.7386675428423712,-0.5034279555987932,-0.1783643167468539,-0.24536625950217578,-0.699707018463561,-1.1459781115829426,0.9184771676276685,0.4493264750927811,-0.3036857334050418,-1.6724592395536964,-1.2937229757082183,-0.22392694761579526,0.4608306801939211,0.1337104553845832,-0.7049259983890863,-1.3837714491773996,2.3348689263480744,-0.8233178906068351,-0.19601428307463395,1.5275252316519468,other
-1.2545656494361206,-0.24085722530286463,0.4202930638485338,-0.02864608780433522,1.843014085668005,1.8331690664724063,-0.3179592448322615,-1.7645135849361144,-0.963649861676971,-0.3036857334050418,-0.7659772668958664,0.6116127764393787,-1.1034514865623593,0.4608306801939211,-1.7495353951025054,1.027078911657809,0.14694918044361782,-0.42828956637154025,1.2145976802021625,-0.19601428307463395,-0.6546536707079772,young
1.1320525803091945,0.008047933466888762,-0.5034279555987932,-0.1783643167468539,-0.17341425507760913,0.5667310240044227,0.5100596219184197,-1.7645135849361144,-0.963649861676971,-0.3036857334050418,-0.7659772668958664,0.6116127764393787,-0.3998318554051081,-2.3750504286917473,0.1337104553845832,-0.7049259983890863,1.6776698100646354,-0.42828956637154025,-0.8233178906068351,-0.19601428307463395,-0.6546536707079772,other
-0.45902623952101557,-0.24085722530286463,-0.5034279555987932,-0.1783643167468539,-0.7901457215738947,1.8331690664724063,-0.3179592448322615,0.9184771676276685,-0.963649861676971,-0.3036857334050418,-0.7659772668958664,-0.34105509963441977,-0.22392694761579526,0.4608306801939211,0.1337104553845832,-0.7049259983890863,0.14694918044361782,-0.42828956637154025,-0.8233178906068351,-0.19601428307463395,1.5275252316519468,other
1.1320525803091945,-0.48976238407261785,-0.5034279555987932,-0.1783643167468539,-0.030219132971574865,1.1999500452384144,0.5100596219184197,-0.8701833340815202,-0.963649861676971,-0.3036857334050418,0.14050470576196358,0.6116127764393787,-1.3673088482463283,0.4608306801939211,-1.7495353951025054,-0.7049259983890863,0.14694918044361782,-0.42828956637154025,-0.8233178906068351,-0.19601428307463395,-0.6546536707079772,young
-0.45902623952101557,-0.7386675428423712,-0.5034279555987932,-0.15341127858976747,-0.44066455722599945,1.8331690664724063,-0.3179592448322615,0.9184771676276685,0.4493264750927811,-0.3036857334050418,-0.7659772668958664,0.6116127764393787,-0.48778430929976446,0.4608306801939211,0.1337104553845832,-0.7049259983890863,0.14694918044361782,-0.42828956637154025,-0.8233178906068351,-0.19601428307463395,-0.6546536707079772,other
-0.45902623952101557,-0.7386675428423712,1.3440140832958607,-0.1783643167468539,-0.8199189647840601,-0.699707018463561,0.5100596219184197,-0.8701833340815202,0.4493264750927811,-0.3036857334050418,0.14050470576196358,-1.2937229757082183,1.0074074069093941,0.4608306801939211,0.1337104553845832,1.027078911657809,-1.3837714491773996,2.3348689263480744,-0.8233178906068351,-0.19601428307463395,-0.6546536707079772,other
1.1320525803091945,0.008047933466888762,0.4202930638485338,-0.128458240432681,-0.5955563105931702,-0.06648799722956913,0.5100596219184197,0.9184771676276685,0.4493264750927811,-0.3036857334050418,0.14050470576196358,-1.2937229757082183,-0.13597449372113893,0.4608306801939211,0.1337104553845832,1.027078911657809,1.6776698100646354,-0.42828956637154025,-0.8233178906068351,-0.19601428307463395,-0.6546536707079772,other
-0.45902623952101557,-0.7386675428423712,-0.5034279555987932,-0.128458240432681,-0.18050312250860082,1.8331690664724063,1.3380784886691008,-1.7645135849361144,-0.963649861676971,-0.3036857334050418,-0.7659772668958664,-0.34105509963441977,-0.9275465787730464,-2.3750504286917473,0.1337104553845832,-0.7049259983890863,0.14694918044361782,-0.42828956637154025,1.2145976802021625,-0.19601428307463395,1.5275252316519468,young
-0.45902623952101557,-0.24085722530286463,-0.5034279555987932,-0.15341127858976747,-0.17447758519225773,-0.699707018463561,-0.3179592448322615,-1.7645135849361144,1.8623028118625335,-0.3036857334050418,0.14050470576196358,0.6116127764393787,-1.279356394351672,0.4608306801939211,-1.7495353951025054,-0.7049259983890863,0.14694918044361782,-0.42828956637154025,1.2145976802021625,-0.19601428307463395,-0.6546536707079772,young
1.1320525803091945,0.58882663726298,1.3440140832958607,-0.10350520227559457,-0.18723754656804306,-0.699707018463561,1.3380784886691008,0.9184771676276685,0.4493264750927811,-0.3036857334050418,-0.7659772668958664,0.6116127764393787,-0.5757367631944208,0.4608306801939211,0.1337104553845832,1.027078911657809,0.14694918044361782,-0.42828956637154025,-0.8233178906068351,-0.19601428307463395,-0.6546536707079772,other
1.1320525803091945,-0.24085722530286463,1.3440140832958607,-0.10350520227559457,-0.7522202808180886,1.1999500452384144,-0.3179592448322615,0.9184771676276685,0.4493264750927811,-0.3036857334050418,0.14050470576196358,-1.2937229757082183,0.9194549530147378,0.4608306801939211,0.1337104553845832,1.027078911657809,0.14694918044361782,-0.42828956637154025,-0.8233178906068351,-0.19601428307463395,-0.6546536707079772,other
1.1320525803091945,-0.9875727016121244,-0.5034279555987932,-0.128458240432681,-0.6940915678839559,-0.699707018463561,1.3380784886691008,-1.7645135849361144,0.4493264750927811,-0.3036857334050418,1.0469866784197936,0.6116127764393787,-1.3673088482463283,0.4608306801939211,0.1337104553845832,-0.7049259983890863,0.14694918044361782,-0.42828956637154025,-0.8233178906068351,-0.19601428307463395,-0.6546536707079772,young
-1.2545656494361206,-0.24085722530286463,1.3440140832958607,-0.05359912596142167,-0.7376881025845554,-0.699707018463561,-1.973996978333624,-0.8701833340815202,-0.963649861676971,-0.3036857334050418,1.0469866784197936,1.5642806525131776,1.7110270380666455,0.4608306801939211,2.016956305871672,2.759083821704704,-2.9144920787984168,2.3348689263480744,-0.8233178906068351,-0.19601428307463395,1.5275252316519468,other
1.1320525803091945,-1.3194462466384622,-0.5034279555987932,0.046213026666924124,0.06264503037441753,-0.699707018463561,0.5100596219184197,-1.7645135849361144,0.4493264750927811,-0.3036857334050418,1.0469866784197936,-1.2937229757082183,3.3821236620651165,0.4608306801939211,0.1337104553845832,-0.7049259983890863,-1.3837714491773996,-0.42828956637154025,-0.8233178906068351,-0.19601428307463395,-0.6546536707079772,other
-0.45902623952101557,0.25695309223664214,-0.5034279555987932,9.054259801375132,2.8556587981851824,-0.699707018463561,-0.3179592448322615,-0.8701833340815202,0.4493264750927811,1.7906986349055911,0.14050470576196358,0.6116127764393787,-0.5757367631944208,-2.3750504286917473,0.1337104553845832,1.027078911657809,1.6776698100646354,-0.42828956637154025,1.2145976802021625,-0.19601428307463395,1.5275252316519468,other
-1.2545656494361206,-1.2364778603818778,1.3440140832958607,-0.128458240432681,-0.49595772318773546,-0.699707018463561,-1.973996978333624,0.9184771676276685,0.4493264750927811,-0.3036857334050418,1.0469866784197936,1.5642806525131776,0.039930414068173783,0.4608306801939211,2.016956305871672,2.759083821704704,1.6776698100646354,-0.42828956637154025,1.2145976802021625,-0.19601428307463395,-0.6546536707079772,other
1.1320525803091945,0.25695309223664214,1.3440140832958607,-0.05359912596142167,-0.4300312560795118,-0.699707018463561,-0.3179592448322615,0.9184771676276685,-2.376626198446723,-0.3036857334050418,-0.7659772668958664,-1.2937229757082183,-0.22392694761579526,0.4608306801939211,0.1337104553845832,1.027078911657809,0.14694918044361782,-0.42828956637154025,1.2145976802021625,-0.19601428307463395,-0.6546536707079772,other
-1.2545656494361206,-0.9875727016121244,-0.5034279555987932,-0.128458240432681,-0.4023846730986438,-0.699707018463561,-0.3179592448322615,0.024146916773074067,0.4493264750927811,-0.3036857334050418,-0.7659772668958664,-1.2937229757082183,-0.9275465787730464,0.4608306801939211,0.1337104553845832,-0.7049259983890863,0.14694918044361782,-0.42828956637154025,-0.8233178906068351,-0.19601428307463395,-0.6546536707079772,young
-0.45902623952101557,-0.7386675428423712,-0.5034279555987932,-0.10350520227559457,-0.6334817513489762,1.8331690664724063,-0.3179592448322615,-0.8701833340815202,1.8623028118625335,-0.3036857334050418,-1.6724592395536964,-1.2937229757082183,-0.9275465787730464,0.4608306801939211,0.1337104553845832,-0.7049259983890863,0.14694918044361782,-0.42828956637154025,1.2145976802021625,-0.19601428307463395,1.5275252316519468,young
1.1320525803091945,-1.2364778603818778,-0.5034279555987932,-0.05359912596142167,-0.9255430895058379,0.5667310240044227,0.5100596219184197,-0.8701833340815202,1.8623028118625335,-0.3036857334050418,1.0469866784197936,-1.2937229757082183,-1.1034514865623593,0.4608306801939211,-1.7495353951025054,-0.7049259983890863,-1.3837714491773996,-0.42828956637154025,-0.8233178906068351,-0.19601428307463395,-0.6546536707079772,young
1.1320525803091945,0.25695309223664214,1.3440140832958607,-0.1783643167468539,-0.7033070955442453,1.1999500452384144,1.3380784886691008,0.9184771676276685,-0.963649861676971,-0.3036857334050418,1.0469866784197936,-1.2937229757082183,0.1278828679628304,0.4608306801939211,0.1337104553845832,1.027078911657809,0.14694918044361782,-0.42828956637154025,1.2145976802021625,-0.19601428307463395,-0.6546536707079772,other
-1.2545656494361206,1.7503840448551622,1.3440140832958607,-0.05359912596142167,0.04350508831073974,-0.699707018463561,-1.973996978333624,0.9184771676276685,0.4493264750927811,1.7906986349055911,1.0469866784197936,0.6116127764393787,2.590551577013209,0.4608306801939211,0.1337104553845832,1.027078911657809,-2.9144920787984168,-0.42828956637154025,-0.8233178906068351,-0.19601428307463395,-0.6546536707079772,other
0.33651317039408946,-0.7386675428423712,-1.4271489750461201,0.046213026666924124,-0.9436197014548668,-0.699707018463561,-1.1459781115829426,0.9184771676276685,-0.963649861676971,-0.3036857334050418,-1.6724592395536964,-1.2937229757082183,-0.83959412487839,0.4608306801939211,0.1337104553845832,-0.7049259983890863,-2.9144920787984168,-0.42828956637154025,-0.8233178906068351,-0.19601428307463395,1.5275252316519468,other
1.1320525803091945,-0.7386675428423712,-0.5034279555987932,-0.1783643167468539,-0.49170440272914034,-0.699707018463561,1.3380784886691008,0.9184771676276685,0.4493264750927811,-0.3036857334050418,1.0469866784197936,0.6116127764393787,0.3037877757521431,0.4608306801939211,0.1337104553845832,-0.7049259983890863,1.6776698100646354,-0.42828956637154025,1.2145976802021625,-0.19601428307463395,-0.6546536707079772,other
-1.2545656494361206,-0.7386675428423712,-0.5034279555987932,-0.128458240432681,-0.5852774528182321,-0.699707018463561,-0.3179592448322615,-0.8701833340815202,-0.963649861676971,1.7906986349055911,0.14050470576196358,-0.34105509963441977,-0.48778430929976446,0.4608306801939211,0.1337104553845832,-0.7049259983890863,0.14694918044361782,-0.42828956637154025,-0.8233178906068351,-0.19601428307463395,-0.6546536707079772,other
-0.45902623952101557,-0.0749204527896957,0.4202930638485338,9.054259801375132,-0.22764409092469617,-0.699707018463561,-0.3179592448322615,-0.8701833340815202,0.4493264750927811,-0.3036857334050418,0.14050470576196358,0.6116127764393787,-0.5757367631944208,-2.3750504286917473,0.1337104553845832,1.027078911657809,0.14694918044361782,-0.42828956637154025,1.2145976802021625,-0.19601428307463395,-0.6546536707079772,other
1.1320525803091945,-0.7386675428423712,-0.5034279555987932,-0.02864608780433522,-0.9046309305844121,-0.699707018463561,1.3380784886691008,0.9184771676276685,0.4493264750927811,-0.3036857334050418,1.0469866784197936,0.6116127764393787,0.4796926835414558,-2.3750504286917473,0.1337104553845832,-0.7049259983890863,-1.3837714491773996,2.3348689263480744,-0.8233178906068351,-0.19601428307463395,1.5275252316519468,other
-0.45902623952101557,2.2481943623946687,1.3440140832958607,-0.128458240432681,0.6467677066881409,-0.699707018463561,-0.3179592448322615,-0.8701833340815202,-0.963649861676971,-0.3036857334050418,0.14050470576196358,0.6116127764393787,-0.48778430929976446,0.4608306801939211,0.1337104553845832,-0.7049259983890863,1.6776698100646354,-0.42828956637154025,1.2145976802021625,-0.19601428307463395,1.5275252316519468,other
1.1320525803091945,-0.9875727016121244,1.3440140832958607,-0.02864608780433522,-0.7185481605208776,1.8331690664724063,1.3380784886691008,0.9184771676276685,-0.963649861676971,-0.3036857334050418,1.0469866784197936,-0.34105509963441977,0.4796926835414558,0.4608306801939211,-1.7495353951025054,1.027078911657809,-1.3837714491773996,-0.42828956637154025,-0.8233178906068351,-0.19601428307463395,-0.6546536707079772,other
-1.2545656494361206,1.2525737273156554,-0.5034279555987932,-0.1783643167468539,-0.5065910243342231,-0.699707018463561,-1.1459781115829426,0.9184771676276685,-0.963649861676971,-0.3036857334050418,1.0469866784197936,0.6116127764393787,-0.13597449372113893,0.4608306801939211,0.1337104553845832,-0.7049259983890863,0.14694918044361782,-0.42828956637154025,1.2145976802021625,-0.19601428307463395,1.5275252316519468,other
-0.45902623952101557,-1.1535094741252934,-0.5034279555987932,-0.10350520227559457,-0.24642958961682457,-0.699707018463561,-0.3179592448322615,-0.8701833340815202,0.4493264750927811,3.8850830032162245,-0.7659772668958664,-1.2937229757082183,-0.048022039826482565,0.4608306801939211,0.1337104553845832,-0.7049259983890863,0.14694918044361782,-0.42828956637154025,-0.8233178906068351,-0.19601428307463395,-0.6546536707079772,other
0.33651317039408946,-0.7386675428423712,-0.5034279555987932,-0.128458240432681,-0.6547483536419515,1.8331690664724063,1.3380784886691008,0.024146916773074067,-0.963649861676971,-0.3036857334050418,1.0469866784197936,-1.2937229757082183,1.7110270380666455,0.4608306801939211,0.1337104553845832,-0.7049259983890863,1.6776698100646354,-0.42828956637154025,1.2145976802021625,-0.19601428307463395,-0.6546536707079772,other
-0.45902623952101557,-0.48976238407261785,0.4202930638485338,-0.05359912596142167,-0.6235573369455876,1.1999500452384144,-0.3179592448322615,0.024146916773074067,1.8623028118625335,-0.3036857334050418,0.14050470576196358,-0.34105509963441977,2.2387417614345835,-0.9571098742489133,0.1337104553845832,1.027078911657809,0.14694918044361782,-0.42828956637154025,-0.8233178906068351,-0.19601428307463395,1.5275252316519468,other
1.1320525803091945,1.2525737273156554,1.3440140832958607,-0.15341127858976747,2.7585413143805946,1.8331690664724063,-0.3179592448322615,0.9184771676276685,0.4493264750927811,-0.3036857334050418,-0.7659772668958664,0.6116127764393787,-0.48778430929976446,0.4608306801939211,0.1337104553845832,-0.7049259983890863,1.6776698100646354,-0.42828956637154025,1.2145976802021625,-0.19601428307463395,-0.6546536707079772,other
1.1320525803091945,-1.2364778603818778,-0.5034279555987932,-0.10350520227559457,-0.9758740482658795,-0.699707018463561,-0.3179592448322615,0.024146916773074067,-0.963649861676971,-0.3036857334050418,-1.6724592395536964,-1.2937229757082183,-0.5757367631944208,0.4608306801939211,0.1337104553845832,-0.7049259983890863,0.14694918044361782,-0.42828956637154025,-0.8233178906068351,-0.19601428307463395,-0.6546536707079772,other
1.1320525803091945,-0.7386675428423712,-2.350869994493447,-0.128458240432681,-0.18156645262324958,-0.699707018463561,1.3380784886691008,-0.8701833340815202,0.4493264750927811,-0.3036857334050418,1.0469866784197936,-0.34105509963441977,-0.13597449372113893,0.4608306801939211,0.1337104553845832,1.027078911657809,0.14694918044361782,-0.42828956637154025,-0.8233178906068351,-0.19601428307463395,-0.6546536707079772,other
1.1320525803091945,0.25695309223664214,-0.5034279555987932,-0.15341127858976747,-0.21311191269116309,-0.699707018463561,1.3380784886691008,0.9184771676276685,0.4493264750927811,-0.3036857334050418,1.0469866784197936,0.6116127764393787,-0.048022039826482565,0.4608306801939211,0.1337104553845832,-0.7049259983890863,1.6776698100646354,-0.42828956637154025,1.2145976802021625,-0.19601428307463395,-0.6546536707079772,other
-1.2545656494361206,0.25695309223664214,-0.5034279555987932,-0.1783643167468539,0.5478780060258056,-0.699707018463561,0.5100596219184197,-0.8701833340815202,0.4493264750927811,1.7906986349055911,0.14050470576196358,-0.34105509963441977,-0.3998318554051081,0.4608306801939211,0.1337104553845832,-0.7049259983890863,0.14694918044361782,-0.42828956637154025,1.2145976802021625,-0.19601428307463395,1.5275252316519468,other
1.1320525803091945,0.25695309223664214,-0.5034279555987932,-0.15341127858976747,-0.20992192234721677,-0.699707018463561,-1.1459781115829426,0.9184771676276685,-0.963649861676971,-0.3036857334050418,-1.6724592395536964,1.5642806525131776,-0.5757367631944208,0.4608306801939211,0.1337104553845832,-0.7049259983890863,1.6776698100646354,-0.42828956637154025,1.2145976802021625,-0.19601428307463395,-0.6546536707079772,other
-1.2545656494361206,-0.8216359290989557,1.3440140832958607,-0.1783643167468539,0.22462565117257982,-0.699707018463561,-0.3179592448322615,-0.8701833340815202,0.4493264750927811,-0.3036857334050418,-0.7659772668958664,-1.2937229757082183,0.039930414068173783,0.4608306801939211,-1.7495353951025054,1.027078911657809,0.14694918044361782,2.3348689263480744,-0.8233178906068351,-0.19601428307463395,-0.6546536707079772,other
-1.2545656494361206,-0.7386675428423712,-0.5034279555987932,-0.15341127858976747,0.040669541338343,-0.699707018463561,1.3380784886691008,0.024146916773074067,0.4493264750927811,-0.3036857334050418,1.0469866784197936,1.5642806525131776,-0.048022039826482565,0.4608306801939211,2.016956305871672,-0.7049259983890863,0.14694918044361782,-0.42828956637154025,1.2145976802021625,-0.19601428307463395,1.5275252316519468,other
-1.2545656494361206,-1.2364778603818778,-0.5034279555987932,-0.07855216411850811,-1.0379016382870576,-0.699707018463561,-1.1459781115829426,0.9184771676276685,-0.963649861676971,-0.3036857334050418,-1.6724592395536964,-1.2937229757082183,-0.7516416709837337,0.4608306801939211,0.1337104553845832,-0.7049259983890863,0.14694918044361782,-0.42828956637154025,-0.8233178906068351,-0.19601428307463395,-0.6546536707079772,other
1.1320525803091945,-0.24085722530286463,-0.5034279555987932,-0.10350520227559457,0.4688371341702469,-0.699707018463561,-1.1459781115829426,0.024146916773074067,0.4493264750927811,-0.3036857334050418,-0.7659772668958664,0.6116127764393787,-0.3118794015104516,0.4608306801939211,0.1337104553845832,-0.7049259983890863,0.14694918044361782,-0.42828956637154025,1.2145976802021625,-0.19601428307463395,-0.6546536707079772,other
-1.2545656494361206,1.2525737273156554,-0.5034279555987932,-0.128458240432681,0.12360929028094682,-0.699707018463561,-0.3179592448322615,-1.7645135849361144,0.4493264750927811,3.8850830032162245,-0.7659772668958664,-0.34105509963441977,0.1278828679628304,0.4608306801939211,0.1337104553845832,-0.7049259983890863,0.14694918044361782,2.3348689263480744,-0.8233178906068351,-0.19601428307463395,-0.6546536707079772,other
-1.2545656494361206,-0.48976238407261785,-0.5034279555987932,-0.1783643167468539,-0.5494786722917234,-0.699707018463561,-1.1459781115829426,-0.8701833340815202,0.4493264750927811,-0.3036857334050418,0.14050470576196358,-1.2937229757082183,0.039930414068173783,0.4608306801939211,0.1337104553845832,-0.7049259983890863,0.14694918044361782,-0.42828956637154025,-0.8233178906068351,-0.19601428307463395,-0.6546536707079772,other
-0.45902623952101557,-0.7386675428423712,-0.5034279555987932,-0.128458240432681,-0.09012006276345556,-0.699707018463561,-1.1459781115829426,0.024146916773074067,-0.963649861676971,-0.3036857334050418,-1.6724592395536964,-1.2937229757082183,-0.13597449372113893,0.4608306801939211,-1.7495353951025054,-0.7049259983890863,1.6776698100646354,-0.42828956637154025,-0.8233178906068351,-0.19601428307463395,-0.6546536707079772,other
-0.45902623952101557,-0.7386675428423712,-0.5034279555987932,0.021259988509837676,-0.8922254125801764,1.8331690664724063,1.3380784886691008,0.9184771676276685,0.4493264750927811,-0.3036857334050418,1.0469866784197936,-0.34105509963441977,0.21583532185748674,0.4608306801939211,0.1337104553845832,1.027078911657809,0.14694918044361782,-0.42828956637154025,-0.8233178906068351,-0.19601428307463395,-0.6546536707079772,other
1.1320525803091945,-0.24085722530286463,-0.5034279555987932,0.046213026666924124,-0.4683111402068675,-0.699707018463561,0.5100596219184197,0.9184771676276685,0.4493264750927811,-0.3036857334050418,-1.6724592395536964,0.6116127764393787,-0.13597449372113893,-0.9571098742489133,0.1337104553845832,1.027078911657809,0.14694918044361782,-0.42828956637154025,1.2145976802021625,-0.19601428307463395,-0.6546536707079772,other
-1.2545656494361206,0.25695309223664214,-0.5034279555987932,-0.15341127858976747,-0.12308329631756744,-0.699707018463561,-0.3179592448322615,0.024146916773074067,0.4493264750927811,3.8850830032162245,1.0469866784197936,1.5642806525131776,2.414646669223896,-2.3750504286917473,0.1337104553845832,-0.7049259983890863,0.14694918044361782,2.3348689263480744,1.2145976802021625,-0.19601428307463395,-0.6546536707079772,other
-1.2545656494361206,0.25695309223664214,0.4202930638485338,-0.10350520227559457,-0.571454161327798,-0.699707018463561,-1.1459781115829426,0.9184771676276685,-0.963649861676971,-0.3036857334050418,-0.7659772668958664,0.6116127764393787,-0.5757367631944208,0.4608306801939211,-1.7495353951025054,-0.7049259983890863,-1.3837714491773996,-0.42828956637154025,1.2145976802021625,-0.19601428307463395,1.5275252316519468,other
1.1320525803091945,2.2481943623946687,0.4202930638485338,-0.10350520227559457,1.4059854085473615,1.8331690664724063,1.3380784886691008,0.024146916773074067,0.4493264750927811,-0.3036857334050418,0.14050470576196358,0.6116127764393787,-0.3118794015104516,-2.3750504286917473,0.1337104553845832,1.027078911657809,0.14694918044361782,2.3348689263480744,-0.8233178906068351,-0.19601428307463395,-0.6546536707079772,other
1.1320525803091945,1.003668568545902,0.4202930638485338,0.046213026666924124,-0.17979423576550163,-0.699707018463561,-0.3179592448322615,-0.8701833340815202,-0.963649861676971,-0.3036857334050418,-0.7659772668958664,0.6116127764393787,-0.83959412487839,0.4608306801939211,0.1337104553845832,1.027078911657809,0.14694918044361782,-0.42828956637154025,1.2145976802021625,-0.19601428307463395,-0.6546536707079772,other
1.1320525803091945,0.25695309223664214,0.4202930638485338,-0.15341127858976747,0.4989648207519621,-0.699707018463561,0.5100596219184197,0.024146916773074067,0.4493264750927811,-0.3036857334050418,0.14050470576196358,0.6116127764393787,-0.048022039826482565,0.4608306801939211,0.1337104553845832,1.027078911657809,-1.3837714491773996,-0.42828956637154025,1.2145976802021625,-0.19601428307463395,-0.6546536707079772,other
-0.45902623952101557,0.25695309223664214,-0.5034279555987932,-0.10350520227559457,-0.06353680989723634,-0.06648799722956913,-1.1459781115829426,0.024146916773074067,1.8623028118625335,-0.3036857334050418,-0.7659772668958664,0.6116127764393787,-1.1914039404570156,0.4608306801939211,-1.7495353951025054,-0.7049259983890863,0.14694918044361782,-0.42828956637154025,1.2145976802021625,-0.19601428307463395,1.5275252316519468,young
-1.2545656494361206,-1.2364778603818778,-0.5034279555987932,-0.02864608780433522,-1.0006850842743509,-0.699707018463561,-1.1459781115829426,0.9184771676276685,-0.963649861676971,-0.3036857334050418,1.0469866784197936,-0.34105509963441977,-1.1034514865623593,0.4608306801939211,0.1337104553845832,-0.7049259983890863,0.14694918044361782,-0.42828956637154025,-0.8233178906068351,-0.19601428307463395,1.5275252316519468,young
-1.2545656494361206,-0.9875727016121244,-0.5034279555987932,-0.1783643167468539,-0.9276697497351354,-0.699707018463561,-0.3179592448322615,0.9184771676276685,0.4493264750927811,-0.3036857334050418,0.14050470576196358,0.6116127764393787,-0.6636892170890771,0.4608306801939211,0.1337104553845832,-0.7049259983890863,-1.3837714491773996,-0.42828956637154025,-0.8233178906068351,-0.19601428307463395,1.5275252316519468,other
1.1320525803091945,-1.2364778603818778,-0.5034279555987932,0.021259988509837676,-0.7206748207501751,1.8331690664724063,-1.973996978333624,0.9184771676276685,0.4493264750927811,-0.3036857334050418,1.0469866784197936,-0.34105509963441977,0.039930414068173783,0.4608306801939211,0.1337104553845832,-0.7049259983890863,1.6776698100646354,2.3348689263480744,1.2145976802021625,-0.19601428307463395,-0.6546536707079772,other
-0.45902623952101557,-0.24085722530286463,1.3440140832958607,-0.10350520227559457,-0.718193717149328,-0.699707018463561,-0.3179592448322615,0.9184771676276685,1.8623028118625335,-0.3036857334050418,-0.7659772668958664,0.6116127764393787,-0.22392694761579526,0.4608306801939211,0.1337104553845832,-0.7049259983890863,0.14694918044361782,-0.42828956637154025,-0.8233178906068351,-0.19601428307463395,1.5275252316519468,other
-1.2545656494361206,-0.24085722530286463,-2.350869994493447,-0.128458240432681,-0.05573905572314531,-0.699707018463561,-1.1459781115829426,-1.7645135849361144,-0.963649861676971,-0.3036857334050418,1.0469866784197936,-0.34105509963441977,-0.83959412487839,0.4608306801939211,-1.7495353951025054,-0.7049259983890863,0.14694918044361782,-0.42828956637154025,-0.8233178906068351,-0.19601428307463395,1.5275252316519468,other
1.1320525803091945,1.5014788860854085,-0.5034279555987932,-0.15341127858976747,-0.24891069321767154,0.5667310240044227,-0.3179592448322615,0.9184771676276685,0.4493264750927811,-0.3036857334050418,1.0469866784197936,0.6116127764393787,-1.0154990326677027,0.4608306801939211,0.1337104553845832,-0.7049259983890863,0.14694918044361782,-0.42828956637154025,-0.8233178906068351,-0.19601428307463395,-0.6546536707079772,young
0.33651317039408946,0.25695309223664214,-0.5034279555987932,-0.10350520227559457,0.6666165354949181,-0.699707018463561,0.5100596219184197,0.9184771676276685,0.4493264750927811,-0.3036857334050418,-0.7659772668958664,0.6116127764393787,-0.9275465787730464,-2.3750504286917473,0.1337104553845832,-0.7049259983890863,0.14694918044361782,-0.42828956637154025,-0.8233178906068351,-0.19601428307463395,-0.6546536707079772,young
-0.45902623952101557,-0.7386675428423712,-0.5034279555987932,0.046213026666924124,-0.7919179384316426,-0.06648799722956913,0.5100596219184197,0.024146916773074067,0.4493264750927811,-0.3036857334050418,1.0469866784197936,-1.2937229757082183,0.3037877757521431,0.4608306801939211,0.1337104553845832,-0.7049259983890863,-1.3837714491773996,-0.42828956637154025,-0.8233178906068351,-0.19601428307463395,-0.6546536707079772,other
-1.2545656494361206,-0.48976238407261785,1.3440140832958607,-0.128458240432681,-0.6356084115782736,-0.699707018463561,1.3380784886691008,0.9184771676276685,0.4493264750927811,-0.3036857334050418,1.0469866784197936,0.6116127764393787,0.7435500452254251,0.4608306801939211,0.1337104553845832,1.027078911657809,0.14694918044361782,2.3348689263480744,1.2145976802021625,-0.19601428307463395,-0.6546536707079772,other
-0.45902623952101557,-0.7386675428423712,1.3440140832958607,-0.10350520227559457,0.10695045181811617,-0.699707018463561,-0.3179592448322615,-1.7645135849361144,-0.963649861676971,-0.3036857334050418,-1.6724592395536964,-1.2937229757082183,-1.1034514865623593,0.4608306801939211,0.1337104553845832,-0.7049259983890863,-1.3837714491773996,-0.42828956637154025,-0.8233178906068351,-0.19601428307463395,-0.6546536707079772,young
-0.45902623952101557,0.25695309223664214,-0.5034279555987932,-0.1783643167468539,-0.73378922549751,-0.699707018463561,-1.1459781115829426,0.9184771676276685,0.4493264750927811,-0.3036857334050418,-1.6724592395536964,-0.34105509963441977,-0.83959412487839,0.4608306801939211,0.1337104553845832,-0.7049259983890863,0.14694918044361782,-0.42828956637154025,-0.8233178906068351,-0.19601428307463395,-0.6546536707079772,other
-1.2545656494361206,0.7547634097761486,-0.5034279555987932,-0.128458240432681,0.124318177024046,1.1999500452384144,1.3380784886691008,0.9184771676276685,-0.963649861676971,-0.3036857334050418,1.0469866784197936,-0.34105509963441977,1.8869319458559581,0.4608306801939211,-1.7495353951025054,1.027078911657809,0.14694918044361782,-0.42828956637154025,1.2145976802021625,-0.19601428307463395,-0.6546536707079772,other
1.1320525803091945,-0.48976238407261785,0.4202930638485338,-0.128458240432681,-0.819210078040961,1.1999500452384144,0.5100596219184197,0.024146916773074067,-0.963649861676971,-0.3036857334050418,-0.7659772668958664,-0.34105509963441977,-0.48778430929976446,0.4608306801939211,0.1337104553845832,1.027078911657809,0.14694918044361782,-0.42828956637154025,-0.8233178906068351,-0.19601428307463395,-0.6546536707079772,other
1.1320525803091945,-0.7386675428423712,1.3440140832958607,-0.1783643167468539,-0.7472580736163943,0.5667310240044227,-0.3179592448322615,0.9184771676276685,0.4493264750927811,-0.3036857334050418,1.0469866784197936,-1.2937229757082183,0.7435500452254251,0.4608306801939211,0.1337104553845832,-0.7049259983890863,0.14694918044361782,-0.42828956637154025,1.2145976802021625,-0.19601428307463395,-0.6546536707079772,other
-0.45902623952101557,-1.2364778603818778,0.4202930638485338,-0.1783643167468539,-0.7309536785251133,-0.699707018463561,-1.973996978333624,0.9184771676276685,0.4493264750927811,-0.3036857334050418,1.0469866784197936,-0.34105509963441977,1.0074074069093941,0.4608306801939211,0.1337104553845832,-0.7049259983890863,1.6776698100646354,-0.42828956637154025,1.2145976802021625,-0.19601428307463395,1.5275252316519468,other
1.1320525803091945,-0.7386675428423712,-0.5034279555987932,-0.10350520227559457,-0.06885346047048022,-0.699707018463561,-0.3179592448322615,-0.8701833340815202,0.4493264750927811,-0.3036857334050418,1.0469866784197936,0.6116127764393787,1.4471696763826762,0.4608306801939211,0.1337104553845832,-0.7049259983890863,0.14694918044361782,-0.42828956637154025,1.2145976802021625,-0.19601428307463395,-0.6546536707079772,other
1.1320525803091945,0.25695309223664214,-0.5034279555987932,-0.1783643167468539,0.17216803218324056,-0.699707018463561,1.3380784886691008,0.9184771676276685,-0.963649861676971,1.7906986349055911,1.0469866784197936,1.5642806525131776,2.32669421532924,0.4608306801939211,2.016956305871672,-0.7049259983890863,0.14694918044361782,-0.42828956637154025,1.2145976802021625,-0.19601428307463395,-0.6546536707079772,other
1.1320525803091945,-0.90460431535554,-0.5034279555987932,-0.1783643167468539,-0.656875013871249,-0.06648799722956913,-0.3179592448322615,0.024146916773074067,0.4493264750927811,-0.3036857334050418,-0.7659772668958664,-1.2937229757082183,-0.048022039826482565,0.4608306801939211,-1.7495353951025054,-0.7049259983890863,-1.3837714491773996,-0.42828956637154025,-0.8233178906068351,5.101669043266824,-0.6546536707079772,other
1.1320525803091945,-1.2364778603818778,-0.5034279555987932,-0.1783643167468539,0.08745606638288879,-0.699707018463561,-0.3179592448322615,-0.8701833340815202,0.4493264750927811,3.8850830032162245,0.14050470576196358,-0.34105509963441977,-0.83959412487839,0.4608306801939211,-1.7495353951025054,-0.7049259983890863,0.14694918044361782,-0.42828956637154025,-0.8233178906068351,-0.19601428307463395,-0.6546536707079772,other
1.1320525803091945,-0.7386675428423712,1.3440140832958607,-0.10350520227559457,-0.47398223415166096,-0.699707018463561,1.3380784886691008,-0.8701833340815202,0.4493264750927811,-0.3036857334050418,-0.7659772668958664,1.5642806525131776,-0.83959412487839,0.4608306801939211,0.1337104553845832,1.027078911657809,0.14694918044361782,-0.42828956637154025,-0.8233178906068351,-0.19601428307463395,-0.6546536707079772,other
-0.45902623952101557,0.5058582510063955,-2.350869994493447,0.046213026666924124,1.788784249820918,-0.699707018463561,1.3380784886691008,-0.8701833340815202,-0.963649861676971,-0.3036857334050418,1.0469866784197936,1.5642806525131776,0.5676451374361121,0.4608306801939211,2.016956305871672,1.027078911657809,1.6776698100646354,-0.42828956637154025,1.2145976802021625,-0.19601428307463395,1.5275252316519468,other
1.1320525803091945,-1.2364778603818778,1.3440140832958607,-0.10350520227559457,-0.7210292641217247,-0.06648799722956913,-0.3179592448322615,-1.7645135849361144,-0.963649861676971,-0.3036857334050418,-1.6724592395536964,-0.34105509963441977,-0.7516416709837337,0.4608306801939211,0.1337104553845832,1.027078911657809,0.14694918044361782,-0.42828956637154025,-0.8233178906068351,-0.19601428307463395,-0.6546536707079772,other
-0.45902623952101557,-1.2364778603818778,-0.5034279555987932,-0.10350520227559457,-1.029040553998318,1.8331690664724063,1.3380784886691008,0.9184771676276685,0.4493264750927811,-0.3036857334050418,1.0469866784197936,-0.34105509963441977,0.21583532185748674,0.4608306801939211,0.1337104553845832,-0.7049259983890863,0.14694918044361782,-0.42828956637154025,-0.8233178906068351,-0.19601428307463395,-0.6546536707079772,other
-1.2545656494361206,-0.7386675428423712,1.3440140832958607,-0.1783643167468539,-0.4073468803003381,-0.699707018463561,-0.3179592448322615,0.024146916773074067,0.4493264750927811,-0.3036857334050418,-0.7659772668958664,-1.2937229757082183,0.3037877757521431,0.4608306801939211,-1.7495353951025054,1.027078911657809,-1.3837714491773996,2.3348689263480744,-0.8233178906068351,5.101669043266824,-0.6546536707079772,other
-1.2545656494361206,0.25695309223664214,-0.5034279555987932,-0.128458240432681,-0.097563373565997,1.8331690664724063,-0.3179592448322615,-0.8701833340815202,1.8623028118625335,-0.3036857334050418,1.0469866784197936,0.6116127764393787,-1.3673088482463283,0.4608306801939211,0.1337104553845832,-0.7049259983890863,0.14694918044361782,-0.42828956637154025,-0.8233178906068351,-0.19601428307463395,1.5275252316519468,young
-0.45902623952101557,1.2525737273156554,-0.5034279555987932,-0.128458240432681,2.0425657038504244,-0.06648799722956913,-1.1459781115829426,0.9184771676276685,0.4493264750927811,1.7906986349055911,-1.6724592395536964,1.5642806525131776,-0.5757367631944208,0.4608306801939211,-1.7495353951025054,-0.7049259983890863,1.6776698100646354,-0.42828956637154025,1.2145976802021625,-0.19601428307463395,1.5275252316519468,other
1.1320525803091945,0.25695309223664214,1.3440140832958607,-0.128458240432681,-0.5976829708224676,-0.699707018463561,0.5100596219184197,0.9184771676276685,0.4493264750927811,-0.3036857334050418,0.14050470576196358,-0.34105509963441977,0.39174022964679944,0.4608306801939211,0.1337104553845832,1.027078911657809,0.14694918044361782,-0.42828956637154025,-0.8233178906068351,-0.19601428307463395,-0.6546536707079772,other
-0.45902623952101557,-0.24085722530286463,-0.5034279555987932,-0.10350520227559457,-0.698344888342551,-0.699707018463561,1.3380784886691008,0.9184771676276685,1.8623028118625335,3.8850830032162245,-0.7659772668958664,-1.2937229757082183,-0.3118794015104516,0.4608306801939211,0.1337104553845832,-0.7049259983890863,-1.3837714491773996,-0.42828956637154025,-0.8233178906068351,-0.19601428307463395,-0.6546536707079772,other
0.33651317039408946,-1.2364778603818778,1.3440140832958607,-0.1783643167468539,-0.69054713416846,-0.06648799722956913,1.3380784886691008,-0.8701833340815202,-2.376626198446723,-0.3036857334050418,1.0469866784197936,0.6116127764393787,-0.6636892170890771,0.4608306801939211,0.1337104553845832,1.027078911657809,0.14694918044361782,2.3348689263480744,1.2145976802021625,-0.19601428307463395,-0.6546536707079772,other
-1.2545656494361206,0.25695309223664214,-0.5034279555987932,-0.1783643167468539,-0.052549065379198984,-0.699707018463561,-1.1459781115829426,0.9184771676276685,-0.963649861676971,-0.3036857334050418,-1.6724592395536964,-0.34105509963441977,-0.7516416709837337,0.4608306801939211,0.1337104553845832,-0.7049259983890863,0.14694918044361782,-0.42828956637154025,-0.8233178906068351,-0.19601428307463395,1.5275252316519468,other
-1.2545656494361206,1.2525737273156554,-0.5034279555987932,-0.15341127858976747,0.787481725193328,-0.699707018463561,1.3380784886691008,-0.8701833340815202,0.4493264750927811,-0.3036857334050418,1.0469866784197936,1.5642806525131776,0.5676451374361121,0.4608306801939211,2.016956305871672,-0.7049259983890863,0.14694918044361782,2.3348689263480744,-0.8233178906068351,-0.19601428307463395,-0.6546536707079772,other
0.33651317039408946,-0.9875727016121244,-0.5034279555987932,-0.10350520227559457,-0.7603724783637292,-0.06648799722956913,1.3380784886691008,-0.8701833340815202,-2.376626198446723,-0.3036857334050418,1.0469866784197936,-1.2937229757082183,1.1833123146987068,0.4608306801939211,0.1337104553845832,-0.7049259983890863,0.14694918044361782,-0.42828956637154025,-0.8233178906068351,-0.19601428307463395,-0.6546536707079772,other
-0.45902623952101557,0.25695309223664214,1.3440140832958607,-0.10350520227559457,-0.7284725749242661,-0.06648799722956913,-1.1459781115829426,0.9184771676276685,0.4493264750927811,-0.3036857334050418,1.0469866784197936,1.5642806525131776,0.21583532185748674,-2.3750504286917473,0.1337104553845832,1.027078911657809,0.14694918044361782,2.3348689263480744,-0.8233178906068351,-0.19601428307463395,1.5275252316519468,other
-1.2545656494361206,0.25695309223664214,-0.5034279555987932,-0.1783643167468539,-0.7316625652682125,-0.699707018463561,-1.1459781115829426,0.9184771676276685,-0.963649861676971,-0.3036857334050418,1.0469866784197936,-0.34105509963441977,-1.0154990326677027,0.4608306801939211,-1.7495353951025054,-0.7049259983890863,0.14694918044361782,-0.42828956637154025,-0.8233178906068351,-0.19601428307463395,1.5275252316519468,young
1.1320525803091945,-0.90460431535554,-0.5034279555987932,-0.1783643167468539,-0.6955093413701543,1.8331690664724063,-0.3179592448322615,0.9184771676276685,0.4493264750927811,3.8850830032162245,1.0469866784197936,-0.34105509963441977,-0.7516416709837337,0.4608306801939211,0.1337104553845832,-0.7049259983890863,-1.3837714491773996,-0.42828956637154025,-0.8233178906068351,-0.19601428307463395,1.5275252316519468,other
0.33651317039408946,-0.48976238407261785,1.3440140832958607,-0.15341127858976747,-0.3229893578715358,0.5667310240044227,-0.3179592448322615,-0.8701833340815202,0.4493264750927811,-0.3036857334050418,-0.7659772668958664,0.6116127764393787,0.039930414068173783,0.4608306801939211,0.1337104553845832,-0.7049259983890863,0.14694918044361782,-0.42828956637154025,1.2145976802021625,-0.19601428307463395,-0.6546536707079772,other
-0.45902623952101557,-0.48976238407261785,-1.4271489750461201,-0.1783643167468539,1.2684613803861207,-0.06648799722956913,-1.973996978333624,-1.7645135849361144,0.4493264750927811,-0.3036857334050418,-0.7659772668958664,-0.34105509963441977,-0.13597449372113893,0.4608306801939211,0.1337104553845832,-0.7049259983890863,1.6776698100646354,2.3348689263480744,1.2145976802021625,-0.19601428307463395,1.5275252316519468,other
1.1320525803091945,0.25695309223664214,-0.5034279555987932,-0.10350520227559457,-0.658647230728997,-0.699707018463561,-0.3179592448322615,0.9184771676276685,1.8623028118625335,-0.3036857334050418,-0.7659772668958664,-0.34105509963441977,-0.6636892170890771,0.4608306801939211,0.1337104553845832,-0.7049259983890863,0.14694918044361782,-0.42828956637154025,-0.8233178906068351,-0.19601428307463395,-0.6546536707079772,other
1.1320525803091945,1.5014788860854085,-0.5034279555987932,-0.15341127858976747,1.8844839601393073,-0.06648799722956913,1.3380784886691008,0.9184771676276685,0.4493264750927811,-0.3036857334050418,-0.7659772668958664,0.6116127764393787,0.8315024991200815,0.4608306801939211,0.1337104553845832,-0.7049259983890863,1.6776698100646354,-0.42828956637154025,1.2145976802021625,-0.19601428307463395,-0.6546536707079772,other
-1.2545656494361206,-0.7386675428423712,-0.5034279555987932,-0.1783643167468539,-0.8904531957224284,-0.699707018463561,0.5100596219184197,0.9184771676276685,0.4493264750927811,-0.3036857334050418,-0.7659772668958664,-1.2937229757082183,-0.83959412487839,0.4608306801939211,0.1337104553845832,-0.7049259983890863,0.14694918044361782,-0.42828956637154025,-0.8233178906068351,-0.19601428307463395,1.5275252316519468,other
1.1320525803091945,1.2525737273156554,-0.5034279555987932,-0.15341127858976747,0.5014459243528092,-0.699707018463561,-0.3179592448322615,-0.8701833340815202,0.4493264750927811,-0.3036857334050418,-0.7659772668958664,1.5642806525131776,-0.3118794015104516,0.4608306801939211,2.016956305871672,-0.7049259983890863,1.6776698100646354,-0.42828956637154025,1.2145976802021625,-0.19601428307463395,-0.6546536707079772,other
0.33651317039408946,-0.48976238407261785,-0.5034279555987932,0.046213026666924124,-0.20708637537482003,-0.699707018463561,0.5100596219184197,-0.8701833340815202,0.4493264750927811,-0.3036857334050418,1.0469866784197936,-0.34105509963441977,-0.83959412487839,0.4608306801939211,-1.7495353951025054,-0.7049259983890863,0.14694918044361782,-0.42828956637154025,1.2145976802021625,-0.19601428307463395,-0.6546536707079772,other
-0.45902623952101557,-0.7386675428423712,0.4202930638485338,-0.10350520227559457,-0.9521263423720571,-0.699707018463561,-0.3179592448322615,0.9184771676276685,1.8623028118625335,1.7906986349055911,1.0469866784197936,-1.2937229757082183,-1.3673088482463283,0.4608306801939211,-1.7495353951025054,1.027078911657809,0.14694918044361782,-0.42828956637154025,-0.8233178906068351,-0.19601428307463395,-0.6546536707079772,young
1.1320525803091945,0.25695309223664214,-0.5034279555987932,-0.1783643167468539,-0.3602059118842427,1.8331690664724063,-1.1459781115829426,0.9184771676276685,0.4493264750927811,-0.3036857334050418,-1.6724592395536964,-0.34105509963441977,1.623074584171989,0.4608306801939211,0.1337104553845832,-0.7049259983890863,0.14694918044361782,-0.42828956637154025,-0.8233178906068351,-0.19601428307463395,-0.6546536707079772,other
-1.2545656494361206,-1.2364778603818778,1.3440140832958607,-0.1783643167468539,-0.9436197014548668,-0.699707018463561,0.5100596219184197,0.9184771676276685,-0.963649861676971,-0.3036857334050418,0.14050470576196358,-0.34105509963441977,0.1278828679628304,0.4608306801939211,0.1337104553845832,1.027078911657809,0.14694918044361782,-0.42828956637154025,-0.8233178906068351,5.101669043266824,-0.6546536707079772,other
-1.2545656494361206,-1.2364778603818778,1.3440140832958607,-0.1783643167468539,-0.6770782860495757,-0.699707018463561,-1.1459781115829426,-0.8701833340815202,0.4493264750927811,-0.3036857334050418,1.0469866784197936,-1.2937229757082183,0.39174022964679944,0.4608306801939211,0.1337104553845832,-0.7049259983890863,-1.3837714491773996,2.3348689263480744,-0.8233178906068351,5.101669043266824,-0.6546536707079772,other
1.1320525803091945,1.2525737273156554,1.3440140832958607,-0.128458240432681,1.366642194305357,-0.699707018463561,-1.1459781115829426,-0.8701833340815202,-0.963649861676971,-0.3036857334050418,1.0469866784197936,-0.34105509963441977,-1.1034514865623593,0.4608306801939211,-1.7495353951025054,1.027078911657809,0.14694918044361782,-0.42828956637154025,1.2145976802021625,-0.19601428307463395,1.5275252316519468,young
-1.2545656494361206,-1.2364778603818778,-0.5034279555987932,-0.1783643167468539,-0.7330803387544108,-0.06648799722956913,1.3380784886691008,0.024146916773074067,0.4493264750927811,-0.3036857334050418,-0.7659772668958664,-0.34105509963441977,0.6555975913307684,0.4608306801939211,0.1337104553845832,-0.7049259983890863,0.14694918044361782,-0.42828956637154025,1.2145976802021625,-0.19601428307463395,-0.6546536707079772,other
1.1320525803091945,-1.2364778603818778,1.3440140832958607,-0.10350520227559457,-0.9113653546438542,1.8331690664724063,1.3380784886691008,0.9184771676276685,0.4493264750927811,-0.3036857334050418,1.0469866784197936,1.5642806525131776,0.039930414068173783,0.4608306801939211,2.016956305871672,1.027078911657809,0.14694918044361782,-0.42828956637154025,-0.8233178906068351,-0.19601428307463395,-0.6546536707079772,other
1.1320525803091945,0.25695309223664214,1.3440140832958607,-0.05359912596142167,0.7924439323950223,-0.699707018463561,1.3380784886691008,0.024146916773074067,0.4493264750927811,-0.3036857334050418,1.0469866784197936,1.5642806525131776,0.7435500452254251,0.4608306801939211,2.016956305871672,1.027078911657809,0.14694918044361782,-0.42828956637154025,-0.8233178906068351,-0.19601428307463395,-0.6546536707079772,other
-1.2545656494361206,-0.24085722530286463,-0.5034279555987932,-0.10350520227559457,-0.028801359485376495,-0.699707018463561,-0.3179592448322615,-0.8701833340815202,-0.963649861676971,-0.3036857334050418,-0.7659772668958664,-1.2937229757082183,-1.0154990326677027,0.4608306801939211,0.1337104553845832,-0.7049259983890863,0.14694918044361782,-0.42828956637154025,-0.8233178906068351,-0.19601428307463395,1.5275252316519468,young
-1.2545656494361206,2.2481943623946687,-2.350869994493447,-0.128458240432681,1.3638066473329604,-0.699707018463561,-0.3179592448322615,0.024146916773074067,0.4493264750927811,-0.3036857334050418,1.0469866784197936,1.5642806525131776,1.5351221302773324,0.4608306801939211,2.016956305871672,1.027078911657809,0.14694918044361782,2.3348689263480744,-0.8233178906068351,-0.19601428307463395,1.5275252316519468,other
1.1320525803091945,0.25695309223664214,-0.5034279555987932,-0.15341127858976747,0.07682276523640102,-0.06648799722956913,0.5100596219184197,0.024146916773074067,-0.963649861676971,-0.3036857334050418,1.0469866784197936,0.6116127764393787,-1.1034514865623593,0.4608306801939211,0.1337104553845832,-0.7049259983890863,0.14694918044361782,-0.42828956637154025,-0.8233178906068351,-0.19601428307463395,-0.6546536707079772,young
-0.45902623952101557,-0.24085722530286463,-0.5034279555987932,-0.10350520227559457,-0.7649802421938738,-0.699707018463561,-0.3179592448322615,0.9184771676276685,-0.963649861676971,3.8850830032162245,1.0469866784197936,-1.2937229757082183,-0.83959412487839,0.4608306801939211,0.1337104553845832,-0.7049259983890863,-1.3837714491773996,2.3348689263480744,-0.8233178906068351,-0.19601428307463395,-0.6546536707079772,other
-0.45902623952101557,0.42288986474981105,-0.5034279555987932,-0.15341127858976747,1.6640201830354624,-0.699707018463561,-1.1459781115829426,-0.8701833340815202,0.4493264750927811,-0.3036857334050418,0.14050470576196358,0.6116127764393787,-0.48778430929976446,0.4608306801939211,0.1337104553845832,1.027078911657809,0.14694918044361782,-0.42828956637154025,-0.8233178906068351,-0.19601428307463395,-0.6546536707079772,other
1.1320525803091945,-0.48976238407261785,1.3440140832958607,-0.02864608780433522,-0.6164684695145959,-0.06648799722956913,-0.3179592448322615,0.9184771676276685,-0.963649861676971,-0.3036857334050418,0.14050470576196358,0.6116127764393787,-0.3998318554051081,0.4608306801939211,0.1337104553845832,-0.7049259983890863,0.14694918044361782,-0.42828956637154025,-0.8233178906068351,-0.19601428307463395,-0.6546536707079772,other
1.1320525803091945,-1.4024146328950466,1.3440140832958607,-0.10350520227559457,-0.626747327289534,-0.699707018463561,0.5100596219184197,-0.8701833340815202,0.4493264750927811,-0.3036857334050418,-1.6724592395536964,-1.2937229757082183,0.5676451374361121,0.4608306801939211,0.1337104553845832,1.027078911657809,-1.3837714491773996,2.3348689263480744,-0.8233178906068351,-0.19601428307463395,-0.6546536707079772,other
-1.2545656494361206,1.2525737273156554,-0.5034279555987932,-0.10350520227559457,-0.343547073421412,-0.699707018463561,-0.3179592448322615,0.9184771676276685,-2.376626198446723,-0.3036857334050418,1.0469866784197936,0.6116127764393787,-0.3998318554051081,0.4608306801939211,-1.7495353951025054,-0.7049259983890863,0.14694918044361782,-0.42828956637154025,-0.8233178906068351,-0.19601428307463395,1.5275252316519468,other
-1.2545656494361206,-1.2364778603818778,-0.5034279555987932,-0.1783643167468539,-0.9248342027627386,-0.699707018463561,-1.1459781115829426,0.024146916773074067,0.4493264750927811,-0.3036857334050418,1.0469866784197936,-1.2937229757082183,0.4796926835414558,0.4608306801939211,0.1337104553845832,-0.7049259983890863,-1.3837714491773996,2.3348689263480744,1.2145976802021625,-0.19601428307463395,-0.6546536707079772,other
-0.45902623952101557,1.2525737273156554,-0.5034279555987932,-0.02864608780433522,-0.35382593119635003,-0.699707018463561,0.5100596219184197,0.024146916773074067,0.4493264750927811,-0.3036857334050418,-1.6724592395536964,0.6116127764393787,-0.3118794015104516,0.4608306801939211,0.1337104553845832,1.027078911657809,0.14694918044361782,2.3348689263480744,-0.8233178906068351,-0.19601428307463395,-0.6546536707079772,other
-0.45902623952101557,-0.48976238407261785,-0.5034279555987932,-0.1783643167468539,-0.226935204181597,-0.06648799722956913,-0.3179592448322615,-0.8701833340815202,-0.963649861676971,-0.3036857334050418,1.0469866784197936,0.6116127764393787,-0.6636892170890771,0.4608306801939211,-1.7495353951025054,1.027078911657809,0.14694918044361782,-0.42828956637154025,1.2145976802021625,-0.19601428307463395,1.5275252316519468,other
1.1320525803091945,-0.7386675428423712,0.4202930638485338,-0.15341127858976747,-0.626747327289534,-0.699707018463561,-0.3179592448322615,0.9184771676276685,1.8623028118625335,-0.3036857334050418,1.0469866784197936,-1.2937229757082183,0.4796926835414558,0.4608306801939211,-1.7495353951025054,-0.7049259983890863,0.14694918044361782,-0.42828956637154025,-0.8233178906068351,-0.19601428307463395,-0.6546536707079772,other
1.1320525803091945,0.25695309223664214,-0.5034279555987932,-0.10350520227559457,-0.6948004546270551,-0.06648799722956913,0.5100596219184197,0.9184771676276685,1.8623028118625335,-0.3036857334050418,0.14050470576196358,-0.34105509963441977,-0.83959412487839,0.4608306801939211,0.1337104553845832,-0.7049259983890863,0.14694918044361782,-0.42828956637154025,1.2145976802021625,-0.19601428307463395,-0.6546536707079772,other
1.1320525803091945,0.25695309223664214,-0.5034279555987932,-0.10350520227559457,-0.05892904606709164,1.8331690664724063,-1.1459781115829426,0.9184771676276685,0.4493264750927811,-0.3036857334050418,-0.7659772668958664,0.6116127764393787,-0.9275465787730464,0.4608306801939211,0.1337104553845832,1.027078911657809,0.14694918044361782,-0.42828956637154025,-0.8233178906068351,-0.19601428307463395,-0.6546536707079772,young
0.33651317039408946,0.008047933466888762,1.3440140832958607,-0.02864608780433522,-0.337521536105069,-0.699707018463561,-1.1459781115829426,-0.8701833340815202,-2.376626198446723,-0.3036857334050418,-1.6724592395536964,0.6116127764393787,-0.22392694761579526,0.4608306801939211,-1.7495353951025054,-0.7049259983890863,0.14694918044361782,-0.42828956637154025,-0.8233178906068351,-0.19601428307463395,1.5275252316519468,other
-1.2545656494361206,-1.2364778603818778,-0.5034279555987932,-0.1783643167468539,-0.6724705222194309,1.8331690664724063,-1.973996978333624,0.9184771676276685,-0.963649861676971,-0.3036857334050418,0.14050470576196358,-0.34105509963441977,3.470076115959773,0.4608306801939211,0.1337104553845832,-0.7049259983890863,1.6776698100646354,-0.42828956637154025,1.2145976802021625,-0.19601428307463395,-0.6546536707079772,other
-0.45902623952101557,-0.24085722530286463,1.3440140832958607,-0.128458240432681,0.12077374330855026,-0.699707018463561,1.3380784886691008,0.024146916773074067,-0.963649861676971,-0.3036857334050418,1.0469866784197936,-0.34105509963441977,0.1278828679628304,0.4608306801939211,0.1337104553845832,-0.7049259983890863,0.14694918044361782,-0.42828956637154025,1.2145976802021625,-0.19601428307463395,-0.6546536707079772,other
-1.2545656494361206,2.2481943623946687,-0.5034279555987932,-0.1783643167468539,1.592068178610896,-0.699707018463561,1.3380784886691008,0.9184771676276685,0.4493264750927811,-0.3036857334050418,1.0469866784197936,1.5642806525131776,0.5676451374361121,-2.3750504286917473,2.016956305871672,-0.7049259983890863,1.6776698100646354,-0.42828956637154025,-0.8233178906068351,-0.19601428307463395,1.5275252316519468,other
0.33651317039408946,-0.24085722530286463,-0.5034279555987932,-0.128458240432681,-0.07877787487386861,-0.699707018463561,-1.1459781115829426,-1.7645135849361144,-0.963649861676971,-0.3036857334050418,-1.6724592395536964,-0.34105509963441977,0.8315024991200815,-0.9571098742489133,0.1337104553845832,-0.7049259983890863,-1.3837714491773996,-0.42828956637154025,-0.8233178906068351,-0.19601428307463395,-0.6546536707079772,other
-0.45902623952101557,-0.7386675428423712,-0.5034279555987932,-0.10350520227559457,-0.6157595827714967,-0.699707018463561,-1.1459781115829426,-1.7645135849361144,1.8623028118625335,-0.3036857334050418,-1.6724592395536964,-1.2937229757082183,-1.1034514865623593,0.4608306801939211,-1.7495353951025054,-0.7049259983890863,0.14694918044361782,-0.42828956637154025,-0.8233178906068351,-0.19601428307463395,1.5275252316519468,young
1.1320525803091945,0.25695309223664214,0.4202930638485338,-0.1783643167468539,-0.4392467837398011,-0.699707018463561,1.3380784886691008,0.9184771676276685,0.4493264750927811,-0.3036857334050418,1.0469866784197936,1.5642806525131776,2.150789307539927,0.4608306801939211,2.016956305871672,1.027078911657809,0.14694918044361782,-0.42828956637154025,1.2145976802021625,-0.19601428307463395,-0.6546536707079772,other
-1.2545656494361206,0.7547634097761486,-0.5034279555987932,-0.128458240432681,1.091239694611326,1.8331690664724063,1.3380784886691008,0.9184771676276685,0.4493264750927811,-0.3036857334050418,1.0469866784197936,-0.34105509963441977,-0.3998318554051081,0.4608306801939211,0.1337104553845832,-0.7049259983890863,0.14694918044361782,-0.42828956637154025,-0.8233178906068351,-0.19601428307463395,1.5275252316519468,other
0.33651317039408946,-0.24085722530286463,-0.5034279555987932,-0.128458240432681,-0.1443498986105428,-0.699707018463561,-0.3179592448322615,-0.8701833340815202,0.4493264750927811,-0.3036857334050418,-1.6724592395536964,-1.2937229757082183,-0.13597449372113893,0.4608306801939211,0.1337104553845832,-0.7049259983890863,-1.3837714491773996,2.3348689263480744,-0.8233178906068351,-0.19601428307463395,1.5275252316519468,other
1.1320525803091945,-0.7386675428423712,1.3440140832958607,-0.1783643167468539,-0.7146492834338322,-0.699707018463561,1.3380784886691008,0.9184771676276685,0.4493264750927811,-0.3036857334050418,1.0469866784197936,-1.2937229757082183,2.2387417614345835,0.4608306801939211,0.1337104553845832,1.027078911657809,-1.3837714491773996,-0.42828956637154025,-0.8233178906068351,-0.19601428307463395,-0.6546536707079772,other
-1.2545656494361206,0.25695309223664214,0.4202930638485338,-0.1783643167468539,-0.6870027004529641,-0.699707018463561,-1.973996978333624,0.9184771676276685,0.4493264750927811,-0.3036857334050418,-0.7659772668958664,-1.2937229757082183,0.6555975913307684,0.4608306801939211,2.016956305871672,1.027078911657809,0.14694918044361782,2.3348689263480744,-0.8233178906068351,-0.19601428307463395,1.5275252316519468,other
1.1320525803091945,0.25695309223664214,1.3440140832958607,-0.1783643167468539,-0.44279121745529704,-0.699707018463561,-0.3179592448322615,0.9184771676276685,-0.963649861676971,-0.3036857334050418,1.0469866784197936,0.6116127764393787,0.1278828679628304,0.4608306801939211,0.1337104553845832,-0.7049259983890863,0.14694918044361782,-0.42828956637154025,1.2145976802021625,-0.19601428307463395,-0.6546536707079772,other
1.1320525803091945,0.25695309223664214,-0.5034279555987932,-0.10350520227559457,-0.6093796020836041,-0.699707018463561,0.5100596219184197,0.024146916773074067,0.4493264750927811,-0.3036857334050418,-1.6724592395536964,0.6116127764393787,-0.3118794015104516,-2.3750504286917473,0.1337104553845832,-0.7049259983890863,0.14694918044361782,2.3348689263480744,-0.8233178906068351,-0.19601428307463395,-0.6546536707079772,other
-1.2545656494361206,-0.7386675428423712,-1.4271489750461201,-0.10350520227559457,-0.9375941641385238,-0.699707018463561,-0.3179592448322615,0.9184771676276685,-0.963649861676971,-0.3036857334050418,1.0469866784197936,-1.2937229757082183,-1.0154990326677027,-2.3750504286917473,0.1337104553845832,-0.7049259983890863,-1.3837714491773996,-0.42828956637154025,-0.8233178906068351,-0.19601428307463395,1.5275252316519468,young
1.1320525803091945,2.2481943623946687,1.3440140832958607,-0.15341127858976747,1.9801836704576965,1.8331690664724063,0.5100596219184197,-0.8701833340815202,0.4493264750927811,-0.3036857334050418,-1.6724592395536964,1.5642806525131776,-0.048022039826482565,0.4608306801939211,2.016956305871672,1.027078911657809,0.14694918044361782,-0.42828956637154025,1.2145976802021625,-0.19601428307463395,-0.6546536707079772,other
1.1320525803091945,-0.7386675428423712,1.3440140832958607,-0.05359912596142167,-0.8064501166651759,1.8331690664724063,0.5100596219184197,0.9184771676276685,-0.963649861676971,-0.3036857334050418,1.0469866784197936,-1.2937229757082183,-1.1034514865623593,0.4608306801939211,0.1337104553845832,1.027078911657809,0.14694918044361782,-0.42828956637154025,-0.8233178906068351,-0.19601428307463395,-0.6546536707079772,young
1.1320525803091945,-1.2364778603818778,-1.4271489750461201,-0.10350520227559457,-0.5391998145167853,0.5667310240044227,1.3380784886691008,-0.8701833340815202,0.4493264750927811,-0.3036857334050418,1.0469866784197936,-0.34105509963441977,0.8315024991200815,-2.3750504286917473,0.1337104553845832,-0.7049259983890863,-1.3837714491773996,2.3348689263480744,-0.8233178906068351,-0.19601428307463395,-0.6546536707079772,other
-1.2545656494361206,2.2481943623946687,-0.5034279555987932,-0.10350520227559457,1.3212734427470096,-0.699707018463561,0.5100596219184197,-1.7645135849361144,1.8623028118625335,3.8850830032162245,-1.6724592395536964,-1.2937229757082183,-0.13597449372113893,0.4608306801939211,0.1337104553845832,1.027078911657809,0.14694918044361782,-0.42828956637154025,1.2145976802021625,-0.19601428307463395,1.5275252316519468,other
-0.45902623952101557,-0.7386675428423712,1.3440140832958607,-0.1783643167468539,-0.4523611884871359,-0.06648799722956913,-1.1459781115829426,0.9184771676276685,0.4493264750927811,-0.3036857334050418,-1.6724592395536964,0.6116127764393787,-0.7516416709837337,0.4608306801939211,0.1337104553845832,-0.7049259983890863,0.14694918044361782,-0.42828956637154025,-0.8233178906068351,-0.19601428307463395,-0.6546536707079772,other
-0.45902623952101557,-0.9875727016121244,-0.5034279555987932,-0.02864608780433522,-0.7344981122406092,-0.699707018463561,0.5100596219184197,0.9184771676276685,-0.963649861676971,-0.3036857334050418,1.0469866784197936,-0.34105509963441977,2.766456484802522,0.4608306801939211,0.1337104553845832,1.027078911657809,1.6776698100646354,-0.42828956637154025,1.2145976802021625,-0.19601428307463395,-0.6546536707079772,other
-0.45902623952101557,-0.7386675428423712,-0.5034279555987932,-0.10350520227559457,-0.6877115871960633,-0.699707018463561,-1.1459781115829426,-0.8701833340815202,0.4493264750927811,-0.3036857334050418,-1.6724592395536964,0.6116127764393787,-1.1914039404570156,-0.9571098742489133,0.1337104553845832,-0.7049259983890863,0.14694918044361782,-0.42828956637154025,-0.8233178906068351,-0.19601428307463395,1.5275252316519468,young
-0.45902623952101557,-0.24085722530286463,-2.350869994493447,-0.1783643167468539,-0.3520537143386021,-0.06648799722956913,-1.1459781115829426,0.024146916773074067,-0.963649861676971,-0.3036857334050418,0.14050470576196358,0.6116127764393787,-0.6636892170890771,0.4608306801939211,0.1337104553845832,1.027078911657809,0.14694918044361782,-0.42828956637154025,-0.8233178906068351,-0.19601428307463395,1.5275252316519468,other
1.1320525803091945,0.008047933466888762,-2.350869994493447,-0.1783643167468539,0.613804473134029,1.8331690664724063,-0.3179592448322615,-1.7645135849361144,-0.963649861676971,-0.3036857334050418,1.0469866784197936,-0.34105509963441977,-0.5757367631944208,-2.3750504286917473,0.1337104553845832,1.027078911657809,0.14694918044361782,-0.42828956637154025,1.2145976802021625,-0.19601428307463395,1.5275252316519468,other
-1.2545656494361206,0.25695309223664214,-1.4271489750461201,-0.128458240432681,0.09950714101557474,-0.699707018463561,0.5100596219184197,0.024146916773074067,0.4493264750927811,-0.3036857334050418,1.0469866784197936,0.6116127764393787,-0.7516416709837337,-2.3750504286917473,0.1337104553845832,-0.7049259983890863,0.14694918044361782,-0.42828956637154025,-0.8233178906068351,-0.19601428307463395,1.5275252316519468,other
-0.45902623952101557,-0.24085722530286463,1.3440140832958607,-0.128458240432681,-0.4761088943809584,-0.699707018463561,-1.1459781115829426,-0.8701833340815202,0.4493264750927811,-0.3036857334050418,-0.7659772668958664,-1.2937229757082183,-0.3998318554051081,0.4608306801939211,0.1337104553845832,1.027078911657809,-1.3837714491773996,-0.42828956637154025,-0.8233178906068351,-0.19601428307463395,1.5275252316519468,other
-1.2545656494361206,0.25695309223664214,-0.5034279555987932,-0.15341127858976747,-0.10890556145558375,1.8331690664724063,1.3380784886691008,0.9184771676276685,0.4493264750927811,-0.3036857334050418,1.0469866784197936,1.5642806525131776,1.1833123146987068,-2.3750504286917473,2.016956305871672,-0.7049259983890863,0.14694918044361782,2.3348689263480744,1.2145976802021625,-0.19601428307463395,-0.6546536707079772,other
-1.2545656494361206,0.25695309223664214,-1.4271489750461201,-0.10350520227559457,-0.6115062623129016,-0.699707018463561,0.5100596219184197,0.9184771676276685,0.4493264750927811,3.8850830032162245,1.0469866784197936,0.6116127764393787,-1.0154990326677027,-2.3750504286917473,-1.7495353951025054,-0.7049259983890863,-1.3837714491773996,-0.42828956637154025,-0.8233178906068351,-0.19601428307463395,1.5275252316519468,young
0.33651317039408946,-1.2364778603818778,0.4202930638485338,-0.10350520227559457,-0.9173908919601973,-0.699707018463561,-1.1459781115829426,-0.8701833340815202,-0.963649861676971,-0.3036857334050418,-1.6724592395536964,-0.34105509963441977,-0.5757367631944208,-2.3750504286917473,0.1337104553845832,-0.7049259983890863,0.14694918044361782,-0.42828956637154025,-0.8233178906068351,-0.19601428307463395,-0.6546536707079772,other
-0.45902623952101557,1.2525737273156554,-0.5034279555987932,-0.1783643167468539,3.231723215399297,1.8331690664724063,-0.3179592448322615,-1.7645135849361144,0.4493264750927811,-0.3036857334050418,1.0469866784197936,1.5642806525131776,0.1278828679628304,0.4608306801939211,2.016956305871672,-0.7049259983890863,0.14694918044361782,-0.42828956637154025,1.2145976802021625,-0.19601428307463395,1.5275252316519468,other
-0.45902623952101557,0.25695309223664214,0.4202930638485338,0.046213026666924124,0.5106614520130986,1.8331690664724063,-0.3179592448322615,0.9184771676276685,0.4493264750927811,-0.3036857334050418,-0.7659772668958664,-0.34105509963441977,0.1278828679628304,-2.3750504286917473,0.1337104553845832,1.027078911657809,1.6776698100646354,-0.42828956637154025,1.2145976802021625,-0.19601428307463395,-0.6546536707079772,other
-0.45902623952101557,0.25695309223664214,0.4202930638485338,-0.10350520227559457,-0.6090251587120545,-0.06648799722956913,0.5100596219184197,0.024146916773074067,-0.963649861676971,-0.3036857334050418,-0.7659772668958664,-0.34105509963441977,-1.1034514865623593,0.4608306801939211,-1.7495353951025054,1.027078911657809,0.14694918044361782,-0.42828956637154025,1.2145976802021625,-0.19601428307463395,-0.6546536707079772,young
-1.2545656494361206,-0.7386675428423712,-0.5034279555987932,-0.1783643167468539,-0.6731794089625301,-0.699707018463561,0.5100596219184197,-0.8701833340815202,-2.376626198446723,-0.3036857334050418,0.14050470576196358,0.6116127764393787,0.039930414068173783,0.4608306801939211,0.1337104553845832,-0.7049259983890863,0.14694918044361782,-0.42828956637154025,-0.8233178906068351,-0.19601428307463395,1.5275252316519468,other
1.1320525803091945,0.25695309223664214,1.3440140832958607,-0.10350520227559457,-0.24572070287372538,1.1999500452384144,1.3380784886691008,-0.8701833340815202,0.4493264750927811,-0.3036857334050418,-0.7659772668958664,0.6116127764393787,-0.13597449372113893,0.4608306801939211,0.1337104553845832,-0.7049259983890863,0.14694918044361782,-0.42828956637154025,-0.8233178906068351,-0.19601428307463395,-0.6546536707079772,other
-0.45902623952101557,2.2481943623946687,-0.5034279555987932,-0.10350520227559457,0.2508544606672495,1.8331690664724063,0.5100596219184197,0.9184771676276685,0.4493264750927811,-0.3036857334050418,-1.6724592395536964,0.6116127764393787,0.4796926835414558,0.4608306801939211,0.1337104553845832,1.027078911657809,0.14694918044361782,2.3348689263480744,1.2145976802021625,-0.19601428307463395,-0.6546536707079772,other
-1.2545656494361206,2.2481943623946687,-0.5034279555987932,-0.10350520227559457,1.2358525902035584,-0.699707018463561,-0.3179592448322615,0.024146916773074067,-0.963649861676971,-0.3036857334050418,-0.7659772668958664,0.6116127764393787,-0.3998318554051081,0.4608306801939211,0.1337104553845832,-0.7049259983890863,0.14694918044361782,-0.42828956637154025,1.2145976802021625,-0.19601428307463395,1.5275252316519468,other
-1.2545656494361206,0.25695309223664214,-0.5034279555987932,-0.128458240432681,-0.013205851137194627,-0.699707018463561,-1.1459781115829426,0.9184771676276685,-0.963649861676971,-0.3036857334050418,1.0469866784197936,-1.2937229757082183,-1.1034514865623593,0.4608306801939211,-1.7495353951025054,-0.7049259983890863,-1.3837714491773996,-0.42828956637154025,1.2145976802021625,-0.19601428307463395,1.5275252316519468,young
1.1320525803091945,0.7547634097761486,1.3440140832958607,-0.10350520227559457,0.9508801194776887,-0.699707018463561,0.5100596219184197,0.024146916773074067,0.4493264750927811,1.7906986349055911,-0.7659772668958664,0.6116127764393787,0.21583532185748674,0.4608306801939211,0.1337104553845832,-0.7049259983890863,0.14694918044361782,-0.42828956637154025,-0.8233178906068351,-0.19601428307463395,-0.6546536707079772,other
1.1320525803091945,0.25695309223664214,-0.5034279555987932,-0.15341127858976747,0.7662151229003525,1.8331690664724063,-1.973996978333624,-0.8701833340815202,-0.963649861676971,-0.3036857334050418,1.0469866784197936,-0.34105509963441977,-0.83959412487839,0.4608306801939211,-1.7495353951025054,-0.7049259983890863,1.6776698100646354,-0.42828956637154025,1.2145976802021625,-0.19601428307463395,-0.6546536707079772,other
-1.2545656494361206,-0.48976238407261785,-0.5034279555987932,0.046213026666924124,-0.8737943572595978,-0.699707018463561,-0.3179592448322615,0.9184771676276685,-0.963649861676971,-0.3036857334050418,1.0469866784197936,-0.34105509963441977,-1.1914039404570156,0.4608306801939211,0.1337104553845832,-0.7049259983890863,-1.3837714491773996,-0.42828956637154025,-0.8233178906068351,-0.19601428307463395,-0.6546536707079772,young
-0.45902623952101557,-0.9875727016121244,-0.5034279555987932,-0.10350520227559457,-0.7759679867119111,-0.699707018463561,1.3380784886691008,0.9184771676276685,0.4493264750927811,-0.3036857334050418,1.0469866784197936,0.6116127764393787,-0.7516416709837337,0.4608306801939211,0.1337104553845832,1.027078911657809,-1.3837714491773996,-0.42828956637154025,-0.8233178906068351,-0.19601428307463395,-0.6546536707079772,other
1.1320525803091945,-0.48976238407261785,1.3440140832958607,-0.128458240432681,-0.1712875948483116,-0.699707018463561,0.5100596219184197,-0.8701833340815202,-0.963649861676971,1.7906986349055911,0.14050470576196358,0.6116127764393787,-1.0154990326677027,-2.3750504286917473,0.1337104553845832,1.027078911657809,0.14694918044361782,-0.42828956637154025,-0.8233178906068351,-0.19601428307463395,-0.6546536707079772,young
-0.45902623952101557,-0.7386675428423712,-0.5034279555987932,-0.10350520227559457,-0.12095663608826988,-0.699707018463561,0.5100596219184197,-0.8701833340815202,-0.963649861676971,-0.3036857334050418,-1.6724592395536964,-1.2937229757082183,-0.7516416709837337,0.4608306801939211,0.1337104553845832,-0.7049259983890863,0.14694918044361782,-0.42828956637154025,-0.8233178906068351,-0.19601428307463395,-0.6546536707079772,other
1.1320525803091945,0.25695309223664214,1.3440140832958607,-0.02864608780433522,-0.476463337752508,1.8331690664724063,-0.3179592448322615,0.024146916773074067,-0.963649861676971,-0.3036857334050418,-0.7659772668958664,0.6116127764393787,-0.22392694761579526,0.4608306801939211,0.1337104553845832,1.027078911657809,0.14694918044361782,-0.42828956637154025,1.2145976802021625,-0.19601428307463395,-0.6546536707079772,other
-0.45902623952101557,1.2525737273156554,1.3440140832958607,-0.1783643167468539,-0.15994540695872464,-0.699707018463561,-1.1459781115829426,0.9184771676276685,-2.376626198446723,-0.3036857334050418,1.0469866784197936,0.6116127764393787,-0.7516416709837337,0.4608306801939211,0.1337104553845832,1.027078911657809,0.14694918044361782,-0.42828956637154025,-0.8233178906068351,-0.19601428307463395,1.5275252316519468,other
1.1320525803091945,0.25695309223664214,-0.5034279555987932,0.021259988509837676,-0.8273622755866016,-0.699707018463561,-1.1459781115829426,0.9184771676276685,1.8623028118625335,-0.3036857334050418,0.14050470576196358,0.6116127764393787,-0.7516416709837337,0.4608306801939211,0.1337104553845832,1.027078911657809,-1.3837714491773996,-0.42828956637154025,-0.8233178906068351,-0.19601428307463395,-0.6546536707079772,other
-0.45902623952101557,-0.24085722530286463,1.3440140832958607,-0.1783643167468539,-0.7851835143722004,-0.699707018463561,1.3380784886691008,0.024146916773074067,0.4493264750927811,3.8850830032162245,0.14050470576196358,-1.2937229757082183,-0.48778430929976446,-2.3750504286917473,0.1337104553845832,1.027078911657809,0.14694918044361782,-0.42828956637154025,-0.8233178906068351,-0.19601428307463395,1.5275252316519468,other
-0.45902623952101557,-0.7386675428423712,1.3440140832958607,-0.1783643167468539,-0.05219462200764939,-0.699707018463561,-1.1459781115829426,-1.7645135849361144,0.4493264750927811,-0.3036857334050418,0.14050470576196358,-1.2937229757082183,1.1833123146987068,-2.3750504286917473,0.1337104553845832,1.027078911657809,-1.3837714491773996,2.3348689263480744,-0.8233178906068351,-0.19601428307463395,-0.6546536707079772,other
1.1320525803091945,-0.9875727016121244,-0.5034279555987932,-0.128458240432681,-0.6675083150177368,-0.699707018463561,-0.3179592448322615,0.9184771676276685,-0.963649861676971,-0.3036857334050418,-0.7659772668958664,-1.2937229757082183,-0.83959412487839,0.4608306801939211,-1.7495353951025054,-0.7049259983890863,0.14694918044361782,-0.42828956637154025,-0.8233178906068351,-0.19601428307463395,-0.6546536707079772,other
-0.45902623952101557,1.2525737273156554,-0.5034279555987932,-0.05359912596142167,-0.3144827169543457,-0.699707018463561,-1.1459781115829426,0.9184771676276685,0.4493264750927811,-0.3036857334050418,-1.6724592395536964,1.5642806525131776,-0.22392694761579526,0.4608306801939211,-1.7495353951025054,-0.7049259983890863,-1.3837714491773996,-0.42828956637154025,-0.8233178906068351,-0.19601428307463395,1.5275252316519468,other
1.1320525803091945,-0.7386675428423712,-0.5034279555987932,-0.1783643167468539,-0.40344800321329255,1.8331690664724063,1.3380784886691008,0.9184771676276685,-0.963649861676971,-0.3036857334050418,1.0469866784197936,1.5642806525131776,1.4471696763826762,0.4608306801939211,2.016956305871672,-0.7049259983890863,1.6776698100646354,-0.42828956637154025,1.2145976802021625,-0.19601428307463395,-0.6546536707079772,other
-1.2545656494361206,-0.24085722530286463,-0.5034279555987932,-0.128458240432681,-0.43676568013895406,-0.699707018463561,-0.3179592448322615,-1.7645135849361144,-0.963649861676971,-0.3036857334050418,1.0469866784197936,-1.2937229757082183,-1.3673088482463283,-2.3750504286917473,-1.7495353951025054,-0.7049259983890863,0.14694918044361782,-0.42828956637154025,-0.8233178906068351,-0.19601428307463395,1.5275252316519468,young
-1.2545656494361206,-0.9875727016121244,1.3440140832958607,-0.1783643167468539,-0.16738871776126607,-0.699707018463561,-0.3179592448322615,-0.8701833340815202,0.4493264750927811,-0.3036857334050418,-0.7659772668958664,-1.2937229757082183,0.039930414068173783,0.4608306801939211,-1.7495353951025054,1.027078911657809,0.14694918044361782,2.3348689263480744,-0.8233178906068351,-0.19601428307463395,-0.6546536707079772,other
-1.2545656494361206,-0.7386675428423712,-0.5034279555987932,-0.128458240432681,-0.7025982088011461,-0.699707018463561,-0.3179592448322615,0.9184771676276685,0.4493264750927811,3.8850830032162245,-1.6724592395536964,-0.34105509963441977,-1.279356394351672,0.4608306801939211,0.1337104553845832,-0.7049259983890863,-1.3837714491773996,-0.42828956637154025,-0.8233178906068351,-0.19601428307463395,-0.6546536707079772,young
-1.2545656494361206,-0.24085722530286463,-0.5034279555987932,-0.07855216411850811,-0.7281181315527165,-0.699707018463561,-0.3179592448322615,0.9184771676276685,1.8623028118625335,-0.3036857334050418,0.14050470576196358,-1.2937229757082183,1.0074074069093941,0.4608306801939211,0.1337104553845832,-0.7049259983890863,-1.3837714491773996,-0.42828956637154025,1.2145976802021625,-0.19601428307463395,1.5275252316519468,other
-1.2545656494361206,-0.7386675428423712,1.3440140832958607,-0.128458240432681,-0.363395902228189,-0.699707018463561,1.3380784886691008,0.024146916773074067,0.4493264750927811,-0.3036857334050418,0.14050470576196358,-0.34105509963441977,2.150789307539927,0.4608306801939211,0.1337104553845832,1.027078911657809,0.14694918044361782,-0.42828956637154025,-0.8233178906068351,-0.19601428307463395,1.5275252316519468,other
-1.2545656494361206,-0.7386675428423712,1.3440140832958607,-0.10350520227559457,-1.023015016681975,-0.699707018463561,0.5100596219184197,0.9184771676276685,-0.963649861676971,-0.3036857334050418,0.14050470576196358,-1.2937229757082183,1.9748843997506143,0.4608306801939211,0.1337104553845832,4.4910887317516,-1.3837714491773996,-0.42828956637154025,1.2145976802021625,-0.19601428307463395,-0.6546536707079772,other
-0.45902623952101557,0.25695309223664214,0.4202930638485338,-0.1783643167468539,-0.4629944896336236,1.8331690664724063,-0.3179592448322615,0.9184771676276685,-0.963649861676971,-0.3036857334050418,1.0469866784197936,0.6116127764393787,0.5676451374361121,0.4608306801939211,-1.7495353951025054,1.027078911657809,0.14694918044361782,-0.42828956637154025,1.2145976802021625,-0.19601428307463395,-0.6546536707079772,other
1.1320525803091945,0.008047933466888762,-0.5034279555987932,0.046213026666924124,-0.6022907346526123,1.1999500452384144,1.3380784886691008,0.9184771676276685,-0.963649861676971,-0.3036857334050418,1.0469866784197936,-1.2937229757082183,0.039930414068173783,-2.3750504286917473,0.1337104553845832,-0.7049259983890863,-1.3837714491773996,-0.42828956637154025,-0.8233178906068351,-0.19601428307463395,-0.6546536707079772,other
-0.45902623952101557,0.25695309223664214,-0.5034279555987932,-0.1783643167468539,-0.19609863085678286,-0.699707018463561,-0.3179592448322615,0.024146916773074067,-0.963649861676971,-0.3036857334050418,1.0469866784197936,-0.34105509963441977,-1.3673088482463283,0.4608306801939211,-1.7495353951025054,-0.7049259983890863,-1.3837714491773996,-0.42828956637154025,1.2145976802021625,-0.19601428307463395,1.5275252316519468,young
-1.2545656494361206,0.25695309223664214,-1.4271489750461201,9.054259801375132,-0.6781416161642244,1.8331690664724063,1.3380784886691008,0.9184771676276685,0.4493264750927811,-0.3036857334050418,0.14050470576196358,0.6116127764393787,0.39174022964679944,-0.9571098742489133,0.1337104553845832,-0.7049259983890863,1.6776698100646354,-0.42828956637154025,1.2145976802021625,-0.19601428307463395,1.5275252316519468,other
-0.45902623952101557,-1.2364778603818778,-1.4271489750461201,-0.1783643167468539,-0.8294889358158991,-0.06648799722956913,-1.1459781115829426,-1.7645135849361144,-0.963649861676971,-0.3036857334050418,-1.6724592395536964,-0.34105509963441977,-0.3118794015104516,-0.9571098742489133,0.1337104553845832,-0.7049259983890863,-1.3837714491773996,-0.42828956637154025,-0.8233178906068351,-0.19601428307463395,1.5275252316519468,other
-1.2545656494361206,0.25695309223664214,-0.5034279555987932,-0.1783643167468539,-0.6483683729540589,-0.699707018463561,0.5100596219184197,0.9184771676276685,-0.963649861676971,-0.3036857334050418,1.0469866784197936,0.6116127764393787,-1.1034514865623593,0.4608306801939211,-1.7495353951025054,1.027078911657809,0.14694918044361782,-0.42828956637154025,-0.8233178906068351,-0.19601428307463395,1.5275252316519468,young
-0.45902623952101557,0.25695309223664214,-2.350869994493447,0.046213026666924124,0.3437186240132418,-0.699707018463561,-0.3179592448322615,-1.7645135849361144,0.4493264750927811,-0.3036857334050418,1.0469866784197936,-1.2937229757082183,0.039930414068173783,0.4608306801939211,0.1337104553845832,2.759083821704704,-1.3837714491773996,-0.42828956637154025,1.2145976802021625,-0.19601428307463395,1.5275252316519468,other
1.1320525803091945,-0.24085722530286463,1.3440140832958607,-0.1783643167468539,-0.1758953586784561,-0.699707018463561,0.5100596219184197,-0.8701833340815202,0.4493264750927811,-0.3036857334050418,-0.7659772668958664,-0.34105509963441977,-0.3998318554051081,-2.3750504286917473,0.1337104553845832,1.027078911657809,0.14694918044361782,-0.42828956637154025,-0.8233178906068351,-0.19601428307463395,1.5275252316519468,other
1.1320525803091945,0.25695309223664214,0.4202930638485338,0.046213026666924124,0.20973902956749715,-0.699707018463561,-0.3179592448322615,-1.7645135849361144,0.4493264750927811,-0.3036857334050418,-0.7659772668958664,1.5642806525131776,-0.3118794015104516,0.4608306801939211,2.016956305871672,-0.7049259983890863,0.14694918044361782,-0.42828956637154025,-0.8233178906068351,-0.19601428307463395,-0.6546536707079772,other
-0.45902623952101557,-1.1535094741252934,-0.5034279555987932,-0.10350520227559457,-0.33397710238957307,-0.699707018463561,-1.1459781115829426,-1.7645135849361144,-0.963649861676971,3.8850830032162245,-1.6724592395536964,-1.2937229757082183,0.8315024991200815,0.4608306801939211,0.1337104553845832,-0.7049259983890863,0.14694918044361782,-0.42828956637154025,-0.8233178906068351,-0.19601428307463395,-0.6546536707079772,other
-0.45902623952101557,-0.9875727016121244,-0.5034279555987932,-0.128458240432681,-0.8340966996460438,-0.699707018463561,-0.3179592448322615,0.9184771676276685,-0.963649861676971,-0.3036857334050418,-1.6724592395536964,-0.34105509963441977,-0.48778430929976446,0.4608306801939211,0.1337104553845832,-0.7049259983890863,0.14694918044361782,-0.42828956637154025,-0.8233178906068351,-0.19601428307463395,1.5275252316519468,other
-0.45902623952101557,0.25695309223664214,-1.4271489750461201,-0.02864608780433522,-0.5083632411919711,-0.699707018463561,0.5100596219184197,0.9184771676276685,-0.963649861676971,-0.3036857334050418,1.0469866784197936,1.5642806525131776,-0.13597449372113893,-2.3750504286917473,2.016956305871672,-0.7049259983890863,-1.3837714491773996,-0.42828956637154025,-0.8233178906068351,-0.19601428307463395,1.5275252316519468,other
1.1320525803091945,1.2525737273156554,-0.5034279555987932,-0.128458240432681,0.027555136591008098,-0.699707018463561,-0.3179592448322615,0.9184771676276685,-0.963649861676971,-0.3036857334050418,-0.7659772668958664,0.6116127764393787,-0.6636892170890771,0.4608306801939211,0.1337104553845832,-0.7049259983890863,1.6776698100646354,-0.42828956637154025,1.2145976802021625,-0.19601428307463395,1.5275252316519468,other
0.33651317039408946,-0.90460431535554,-0.5034279555987932,-0.128458240432681,-0.7075604160028404,-0.699707018463561,-1.1459781115829426,0.9184771676276685,-0.963649861676971,-0.3036857334050418,-0.7659772668958664,-0.34105509963441977,-1.1034514865623593,0.4608306801939211,0.1337104553845832,-0.7049259983890863,0.14694918044361782,-0.42828956637154025,-0.8233178906068351,-0.19601428307463395,-0.6546536707079772,young
-1.2545656494361206,0.25695309223664214,-1.4271489750461201,-0.128458240432681,-0.1571098599863279,0.5667310240044227,-0.3179592448322615,0.9184771676276685,0.4493264750927811,-0.3036857334050418,1.0469866784197936,-1.2937229757082183,-1.1914039404570156,-0.9571098742489133,0.1337104553845832,-0.7049259983890863,0.14694918044361782,-0.42828956637154025,1.2145976802021625,-0.19601428307463395,-0.6546536707079772,young
1.1320525803091945,0.25695309223664214,1.3440140832958607,0.046213026666924124,0.44473498490487484,-0.699707018463561,-0.3179592448322615,0.024146916773074067,0.4493264750927811,-0.3036857334050418,-0.7659772668958664,-1.2937229757082183,3.3821236620651165,0.4608306801939211,0.1337104553845832,-0.7049259983890863,1.6776698100646354,-0.42828956637154025,1.2145976802021625,-0.19601428307463395,-0.6546536707079772,other
-0.45902623952101557,1.2525737273156554,-0.5034279555987932,-0.10350520227559457,-0.2127574693196135,-0.06648799722956913,-0.3179592448322615,0.9184771676276685,-0.963649861676971,1.7906986349055911,1.0469866784197936,1.5642806525131776,1.2712647685933636,0.4608306801939211,2.016956305871672,-0.7049259983890863,0.14694918044361782,-0.42828956637154025,-0.8233178906068351,-0.19601428307463395,1.5275252316519468,other
1.1320525803091945,-0.24085722530286463,-0.5034279555987932,-0.10350520227559457,-0.43251235968035895,-0.699707018463561,-1.1459781115829426,0.9184771676276685,0.4493264750927811,-0.3036857334050418,-1.6724592395536964,-1.2937229757082183,-0.22392694761579526,0.4608306801939211,0.1337104553845832,-0.7049259983890863,0.14694918044361782,-0.42828956637154025,-0.8233178906068351,-0.19601428307463395,-0.6546536707079772,other
1.1320525803091945,-0.48976238407261785,-0.5034279555987932,-0.15341127858976747,-0.6986993317141006,1.8331690664724063,1.3380784886691008,0.9184771676276685,0.4493264750927811,-0.3036857334050418,1.0469866784197936,1.5642806525131776,0.8315024991200815,-2.3750504286917473,2.016956305871672,-0.7049259983890863,0.14694918044361782,2.3348689263480744,-0.8233178906068351,-0.19601428307463395,-0.6546536707079772,other
-1.2545656494361206,-0.7386675428423712,-0.5034279555987932,-0.07855216411850811,-0.8968331764103211,-0.06648799722956913,-1.973996978333624,0.9184771676276685,-0.963649861676971,-0.3036857334050418,0.14050470576196358,-0.34105509963441977,-1.1914039404570156,0.4608306801939211,0.1337104553845832,-0.7049259983890863,0.14694918044361782,-0.42828956637154025,-0.8233178906068351,-0.19601428307463395,1.5275252316519468,young
0.33651317039408946,-0.90460431535554,-0.5034279555987932,-0.1783643167468539,-0.7199659340070759,-0.06648799722956913,1.3380784886691008,-1.7645135849361144,-0.963649861676971,-0.3036857334050418,1.0469866784197936,1.5642806525131776,1.095359860804051,0.4608306801939211,2.016956305871672,-0.7049259983890863,-1.3837714491773996,2.3348689263480744,-0.8233178906068351,-0.19601428307463395,1.5275252316519468,other
-1.2545656494361206,0.008047933466888762,-0.5034279555987932,-0.10350520227559457,0.030390683563404835,1.1999500452384144,-1.1459781115829426,0.9184771676276685,-0.963649861676971,-0.3036857334050418,-0.7659772668958664,0.6116127764393787,-0.5757367631944208,-2.3750504286917473,0.1337104553845832,-0.7049259983890863,0.14694918044361782,-0.42828956637154025,-0.8233178906068351,-0.19601428307463395,-0.6546536707079772,other
-1.2545656494361206,0.25695309223664214,-1.4271489750461201,-0.15341127858976747,0.12786261073954192,-0.699707018463561,-0.3179592448322615,-1.7645135849361144,-0.963649861676971,3.8850830032162245,1.0469866784197936,0.6116127764393787,-1.1914039404570156,-2.3750504286917473,-1.7495353951025054,-0.7049259983890863,0.14694918044361782,-0.42828956637154025,-0.8233178906068351,5.101669043266824,-0.6546536707079772,young
1.1320525803091945,-0.24085722530286463,0.4202930638485338,-0.128458240432681,-0.5186420989669092,-0.699707018463561,0.5100596219184197,0.9184771676276685,-0.963649861676971,-0.3036857334050418,-1.6724592395536964,-1.2937229757082183,-1.1914039404570156,0.4608306801939211,0.1337104553845832,-0.7049259983890863,0.14694918044361782,-0.42828956637154025,-0.8233178906068351,-0.19601428307463395,1.5275252316519468,young
-0.45902623952101557,2.2481943623946687,-2.350869994493447,0.046213026666924124,3.1661511916626224,1.8331690664724063,-0.3179592448322615,-0.8701833340815202,0.4493264750927811,-0.3036857334050418,-0.7659772668958664,0.6116127764393787,1.095359860804051,-2.3750504286917473,0.1337104553845832,-0.7049259983890863,1.6776698100646354,-0.42828956637154025,1.2145976802021625,-0.19601428307463395,-0.6546536707079772,other
-0.45902623952101557,3.243814997473682,0.4202930638485338,-0.10350520227559457,2.0861622385510237,1.8331690664724063,-0.3179592448322615,-0.8701833340815202,0.4493264750927811,-0.3036857334050418,-0.7659772668958664,1.5642806525131776,-0.7516416709837337,0.4608306801939211,2.016956305871672,-0.7049259983890863,1.6776698100646354,-0.42828956637154025,-0.8233178906068351,-0.19601428307463395,-0.6546536707079772,other
-1.2545656494361206,-1.2364778603818778,1.3440140832958607,-0.1783643167468539,0.14345811908772396,-0.699707018463561,-0.3179592448322615,-1.7645135849361144,0.4493264750927811,-0.3036857334050418,0.14050470576196358,-1.2937229757082183,0.1278828679628304,0.4608306801939211,-1.7495353951025054,2.759083821704704,0.14694918044361782,2.3348689263480744,-0.8233178906068351,-0.19601428307463395,-0.6546536707079772,other
-0.45902623952101557,0.7547634097761486,-0.5034279555987932,-0.128458240432681,0.06016392677357039,-0.06648799722956913,-0.3179592448322615,-0.8701833340815202,-0.963649861676971,1.7906986349055911,1.0469866784197936,0.6116127764393787,-1.279356394351672,0.4608306801939211,-1.7495353951025054,-0.7049259983890863,0.14694918044361782,-0.42828956637154025,-0.8233178906068351,-0.19601428307463395,1.5275252316519468,young
1.1320525803091945,-0.7386675428423712,-0.5034279555987932,-0.1783643167468539,-0.9326319569368297,-0.699707018463561,-0.3179592448322615,0.9184771676276685,-2.376626198446723,-0.3036857334050418,-0.7659772668958664,-1.2937229757082183,1.1833123146987068,0.4608306801939211,0.1337104553845832,-0.7049259983890863,-1.3837714491773996,-0.42828956637154025,-0.8233178906068351,-0.19601428307463395,-0.6546536707079772,other
-0.45902623952101557,0.008047933466888762,1.3440140832958607,0.046213026666924124,0.13495147817053377,-0.699707018463561,0.5100596219184197,-0.8701833340815202,0.4493264750927811,-0.3036857334050418,0.14050470576196358,-0.34105509963441977,-0.7516416709837337,0.4608306801939211,0.1337104553845832,1.027078911657809,0.14694918044361782,-0.42828956637154025,-0.8233178906068351,-0.19601428307463395,-0.6546536707079772,other
1.1320525803091945,-0.24085722530286463,1.3440140832958607,-0.1783643167468539,-0.617177356257695,-0.699707018463561,-0.3179592448322615,0.024146916773074067,0.4493264750927811,-0.3036857334050418,-0.7659772668958664,-0.34105509963441977,-0.3118794015104516,-2.3750504286917473,0.1337104553845832,1.027078911657809,0.14694918044361782,-0.42828956637154025,-0.8233178906068351,-0.19601428307463395,1.5275252316519468,other
1.1320525803091945,2.2481943623946687,-0.5034279555987932,0.046213026666924124,0.22781564151652617,1.8331690664724063,-0.3179592448322615,0.9184771676276685,-2.376626198446723,-0.3036857334050418,-0.7659772668958664,-1.2937229757082183,0.21583532185748674,-2.3750504286917473,0.1337104553845832,-0.7049259983890863,0.14694918044361782,-0.42828956637154025,-0.8233178906068351,-0.19601428307463395,1.5275252316519468,other
-1.2545656494361206,-0.7386675428423712,-0.5034279555987932,-0.128458240432681,-0.5009199303894296,-0.699707018463561,-1.1459781115829426,0.9184771676276685,-0.963649861676971,-0.3036857334050418,-1.6724592395536964,0.6116127764393787,-1.1914039404570156,0.4608306801939211,-1.7495353951025054,-0.7049259983890863,0.14694918044361782,-0.42828956637154025,-0.8233178906068351,-0.19601428307463395,-0.6546536707079772,young
-1.2545656494361206,-0.24085722530286463,-0.5034279555987932,-0.10350520227559457,-0.23792294869963435,-0.699707018463561,-0.3179592448322615,0.9184771676276685,0.4493264750927811,-0.3036857334050418,1.0469866784197936,1.5642806525131776,2.590551577013209,0.4608306801939211,2.016956305871672,1.027078911657809,0.14694918044361782,-0.42828956637154025,-0.8233178906068351,-0.19601428307463395,1.5275252316519468,other
1.1320525803091945,-0.48976238407261785,-0.5034279555987932,-0.10350520227559457,-0.4580322824319294,1.8331690664724063,1.3380784886691008,0.9184771676276685,0.4493264750927811,-0.3036857334050418,-0.7659772668958664,0.6116127764393787,-0.048022039826482565,0.4608306801939211,0.1337104553845832,-0.7049259983890863,0.14694918044361782,-0.42828956637154025,-0.8233178906068351,-0.19601428307463395,-0.6546536707079772,other
0.33651317039408946,-1.2364778603818778,-0.5034279555987932,-0.128458240432681,-0.40947354052963564,-0.699707018463561,-0.3179592448322615,-0.8701833340815202,0.4493264750927811,-0.3036857334050418,-0.7659772668958664,-1.2937229757082183,0.4796926835414558,0.4608306801939211,0.1337104553845832,-0.7049259983890863,0.14694918044361782,-0.42828956637154025,1.2145976802021625,-0.19601428307463395,-0.6546536707079772,other
-0.45902623952101557,-0.9875727016121244,-1.4271489750461201,-0.1783643167468539,-0.6501405898118068,-0.06648799722956913,0.5100596219184197,-0.8701833340815202,0.4493264750927811,-0.3036857334050418,0.14050470576196358,1.5642806525131776,-0.5757367631944208,0.4608306801939211,0.1337104553845832,-0.7049259983890863,0.14694918044361782,-0.42828956637154025,-0.8233178906068351,-0.19601428307463395,1.5275252316519468,other
1.1320525803091945,1.7503840448551622,1.3440140832958607,-0.128458240432681,0.2731843930748736,0.5667310240044227,-0.3179592448322615,0.9184771676276685,0.4493264750927811,-0.3036857334050418,1.0469866784197936,-1.2937229757082183,0.039930414068173783,0.4608306801939211,0.1337104553845832,1.027078911657809,0.14694918044361782,-0.42828956637154025,1.2145976802021625,-0.19601428307463395,-0.6546536707079772,other
1.1320525803091945,-0.9875727016121244,-0.5034279555987932,-0.02864608780433522,0.1987512850494598,1.8331690664724063,1.3380784886691008,-1.7645135849361144,0.4493264750927811,-0.3036857334050418,1.0469866784197936,-1.2937229757082183,2.502599123118553,0.4608306801939211,0.1337104553845832,-0.7049259983890863,-1.3837714491773996,-0.42828956637154025,-0.8233178906068351,-0.19601428307463395,-0.6546536707079772,other
-1.2545656494361206,0.25695309223664214,-0.5034279555987932,-0.10350520227559457,0.1377870251429305,-0.699707018463561,-0.3179592448322615,-0.8701833340815202,-0.963649861676971,-0.3036857334050418,1.0469866784197936,0.6116127764393787,-0.6636892170890771,0.4608306801939211,0.1337104553845832,-0.7049259983890863,0.14694918044361782,-0.42828956637154025,-0.8233178906068351,-0.19601428307463395,-0.6546536707079772,other
-1.2545656494361206,-0.24085722530286463,-1.4271489750461201,-0.128458240432681,-0.6090251587120545,-0.699707018463561,-0.3179592448322615,0.9184771676276685,0.4493264750927811,-0.3036857334050418,0.14050470576196358,0.6116127764393787,0.7435500452254251,-2.3750504286917473,0.1337104553845832,-0.7049259983890863,0.14694918044361782,-0.42828956637154025,-0.8233178906068351,-0.19601428307463395,1.5275252316519468,other
-0.45902623952101557,-0.48976238407261785,-0.5034279555987932,-0.10350520227559457,-0.6476594862109597,1.8331690664724063,-1.1459781115829426,0.9184771676276685,0.4493264750927811,-0.3036857334050418,-1.6724592395536964,-0.34105509963441977,-1.1034514865623593,0.4608306801939211,0.1337104553845832,-0.7049259983890863,0.14694918044361782,-0.42828956637154025,-0.8233178906068351,-0.19601428307463395,-0.6546536707079772,young
1.1320525803091945,-0.9875727016121244,-0.5034279555987932,-0.128458240432681,-0.4576778390603798,-0.699707018463561,-1.1459781115829426,-0.8701833340815202,-0.963649861676971,1.7906986349055911,-0.7659772668958664,0.6116127764393787,-1.4552613021409848,0.4608306801939211,-1.7495353951025054,1.027078911657809,0.14694918044361782,-0.42828956637154025,-0.8233178906068351,-0.19601428307463395,1.5275252316519468,young
-0.45902623952101557,0.25695309223664214,-0.5034279555987932,-0.1783643167468539,-0.6792049462788732,-0.699707018463561,-1.1459781115829426,0.024146916773074067,-0.963649861676971,-0.3036857334050418,1.0469866784197936,0.6116127764393787,-0.9275465787730464,0.4608306801939211,0.1337104553845832,-0.7049259983890863,-1.3837714491773996,-0.42828956637154025,1.2145976802021625,-0.19601428307463395,1.5275252316519468,young
1.1320525803091945,-0.7386675428423712,-0.5034279555987932,-0.02864608780433522,-0.6657360981599888,-0.699707018463561,1.3380784886691008,0.9184771676276685,0.4493264750927811,-0.3036857334050418,1.0469866784197936,-0.34105509963441977,1.0074074069093941,-2.3750504286917473,0.1337104553845832,2.759083821704704,0.14694918044361782,2.3348689263480744,1.2145976802021625,-0.19601428307463395,-0.6546536707079772,other
1.1320525803091945,0.25695309223664214,-0.5034279555987932,-0.10350520227559457,-0.6717616354763317,0.5667310240044227,0.5100596219184197,0.9184771676276685,-0.963649861676971,-0.3036857334050418,-1.6724592395536964,0.6116127764393787,-0.6636892170890771,0.4608306801939211,0.1337104553845832,-0.7049259983890863,0.14694918044361782,-0.42828956637154025,-0.8233178906068351,-0.19601428307463395,-0.6546536707079772,other
1.1320525803091945,3.243814997473682,0.4202930638485338,-0.10350520227559457,4.388626380137157,-0.699707018463561,0.5100596219184197,-0.8701833340815202,0.4493264750927811,-0.3036857334050418,1.0469866784197936,0.6116127764393787,-1.279356394351672,0.4608306801939211,0.1337104553845832,1.027078911657809,0.14694918044361782,-0.42828956637154025,1.2145976802021625,-0.19601428307463395,-0.6546536707079772,young
1.1320525803091945,-0.7386675428423712,-0.5034279555987932,-0.10350520227559457,-0.6302917610050298,-0.699707018463561,-1.1459781115829426,0.9184771676276685,-0.963649861676971,-0.3036857334050418,0.14050470576196358,0.6116127764393787,-0.13597449372113893,0.4608306801939211,0.1337104553845832,-0.7049259983890863,0.14694918044361782,2.3348689263480744,-0.8233178906068351,-0.19601428307463395,-0.6546536707079772,other
-1.2545656494361206,1.7503840448551622,0.4202930638485338,-0.10350520227559457,0.38944181894313906,-0.699707018463561,0.5100596219184197,0.024146916773074067,0.4493264750927811,-0.3036857334050418,-0.7659772668958664,-0.34105509963441977,-0.83959412487839,-2.3750504286917473,0.1337104553845832,1.027078911657809,0.14694918044361782,2.3348689263480744,1.2145976802021625,-0.19601428307463395,1.5275252316519468,other
-1.2545656494361206,-0.24085722530286463,-0.5034279555987932,-0.02864608780433522,-0.8936431860663747,-0.699707018463561,-1.973996978333624,0.9184771676276685,-0.963649861676971,-0.3036857334050418,-1.6724592395536964,-1.2937229757082183,-0.7516416709837337,0.4608306801939211,0.1337104553845832,-0.7049259983890863,-2.9144920787984168,-0.42828956637154025,-0.8233178906068351,-0.19601428307463395,1.5275252316519468,other
-0.45902623952101557,-0.48976238407261785,-0.5034279555987932,-0.05359912596142167,-0.6958637847417039,-0.699707018463561,1.3380784886691008,0.9184771676276685,0.4493264750927811,-0.3036857334050418,1.0469866784197936,0.6116127764393787,0.21583532185748674,0.4608306801939211,0.1337104553845832,1.027078911657809,-1.3837714491773996,-0.42828956637154025,-0.8233178906068351,-0.19601428307463395,-0.6546536707079772,other
1.1320525803091945,-0.48976238407261785,-0.5034279555987932,-0.02864608780433522,0.4791159919451851,-0.06648799722956913,-0.3179592448322615,0.024146916773074067,0.4493264750927811,-0.3036857334050418,-0.7659772668958664,-0.34105509963441977,0.39174022964679944,0.4608306801939211,0.1337104553845832,-0.7049259983890863,1.6776698100646354,-0.42828956637154025,1.2145976802021625,-0.19601428307463395,1.5275252316519468,other
1.1320525803091945,0.25695309223664214,1.3440140832958607,-0.10350520227559457,-0.5034010339902768,-0.699707018463561,0.5100596219184197,0.9184771676276685,1.8623028118625335,3.8850830032162245,-0.7659772668958664,0.6116127764393787,-0.22392694761579526,0.4608306801939211,0.1337104553845832,1.027078911657809,0.14694918044361782,-0.42828956637154025,1.2145976802021625,-0.19601428307463395,-0.6546536707079772,other
-1.2545656494361206,-0.24085722530286463,1.3440140832958607,-0.10350520227559457,-0.4931221762153387,-0.699707018463561,0.5100596219184197,0.9184771676276685,1.8623028118625335,-0.3036857334050418,-1.6724592395536964,-0.34105509963441977,-0.3118794015104516,0.4608306801939211,0.1337104553845832,1.027078911657809,1.6776698100646354,-0.42828956637154025,1.2145976802021625,-0.19601428307463395,-0.6546536707079772,other
1.1320525803091945,1.2525737273156554,0.4202930638485338,0.046213026666924124,1.6689823902371568,1.8331690664724063,-1.1459781115829426,0.9184771676276685,0.4493264750927811,-0.3036857334050418,1.0469866784197936,0.6116127764393787,-0.7516416709837337,0.4608306801939211,-1.7495353951025054,1.027078911657809,0.14694918044361782,-0.42828956637154025,1.2145976802021625,-0.19601428307463395,1.5275252316519468,other
-1.2545656494361206,0.7547634097761486,-2.350869994493447,-0.128458240432681,0.46493825708320163,-0.699707018463561,-0.3179592448322615,-0.8701833340815202,-2.376626198446723,3.8850830032162245,-0.7659772668958664,-1.2937229757082183,-0.3118794015104516,0.4608306801939211,0.1337104553845832,1.027078911657809,0.14694918044361782,-0.42828956637154025,-0.8233178906068351,-0.19601428307463395,-0.6546536707079772,other
1.1320525803091945,-0.7386675428423712,-0.5034279555987932,-0.1783643167468539,-0.668217201760836,0.5667310240044227,-0.3179592448322615,-0.8701833340815202,-0.963649861676971,-0.3036857334050418,-0.7659772668958664,-0.34105509963441977,-0.83959412487839,0.4608306801939211,0.1337104553845832,-0.7049259983890863,0.14694918044361782,-0.42828956637154025,-0.8233178906068351,-0.19601428307463395,1.5275252316519468,other
0.33651317039408946,0.25695309223664214,-0.5034279555987932,-0.1783643167468539,-0.8238178418711056,-0.699707018463561,0.5100596219184197,0.9184771676276685,0.4493264750927811,-0.3036857334050418,0.14050470576196358,1.5642806525131776,0.21583532185748674,-2.3750504286917473,2.016956305871672,-0.7049259983890863,0.14694918044361782,2.3348689263480744,-0.8233178906068351,-0.19601428307463395,1.5275252316519468,other
-1.2545656494361206,-0.7386675428423712,-0.5034279555987932,-0.02864608780433522,-0.9170364485886476,-0.699707018463561,-0.3179592448322615,0.9184771676276685,0.4493264750927811,-0.3036857334050418,1.0469866784197936,0.6116127764393787,0.39174022964679944,0.4608306801939211,-1.7495353951025054,-0.7049259983890863,-1.3837714491773996,2.3348689263480744,-0.8233178906068351,-0.19601428307463395,1.5275252316519468,other
-1.2545656494361206,2.2481943623946687,-0.5034279555987932,-0.02864608780433522,1.4903429309761638,-0.699707018463561,0.5100596219184197,0.9184771676276685,0.4493264750927811,-0.3036857334050418,-1.6724592395536964,1.5642806525131776,1.2712647685933636,0.4608306801939211,2.016956305871672,-0.7049259983890863,1.6776698100646354,-0.42828956637154025,1.2145976802021625,-0.19601428307463395,-0.6546536707079772,other
-0.45902623952101557,-0.7386675428423712,-0.5034279555987932,-0.128458240432681,-0.47823555461025596,-0.699707018463561,-0.3179592448322615,0.9184771676276685,0.4493264750927811,-0.3036857334050418,-0.7659772668958664,-0.34105509963441977,0.1278828679628304,0.4608306801939211,0.1337104553845832,-0.7049259983890863,-1.3837714491773996,-0.42828956637154025,-0.8233178906068351,-0.19601428307463395,1.5275252316519468,other
-1.2545656494361206,0.25695309223664214,-0.5034279555987932,-0.1783643167468539,-0.3431926300498624,-0.699707018463561,1.3380784886691008,0.9184771676276685,0.4493264750927811,1.7906986349055911,-1.6724592395536964,-1.2937229757082183,0.8315024991200815,0.4608306801939211,0.1337104553845832,-0.7049259983890863,0.14694918044361782,-0.42828956637154025,-0.8233178906068351,-0.19601428307463395,1.5275252316519468,other
-0.45902623952101557,1.2525737273156554,0.4202930638485338,-0.1783643167468539,1.7065533876214134,-0.06648799722956913,1.3380784886691008,-0.8701833340815202,0.4493264750927811,-0.3036857334050418,1.0469866784197936,0.6116127764393787,0.5676451374361121,0.4608306801939211,0.1337104553845832,4.4910887317516,1.6776698100646354,-0.42828956637154025,1.2145976802021625,-0.19601428307463395,1.5275252316519468,other
1.1320525803091945,0.25695309223664214,1.3440140832958607,-0.15341127858976747,-0.32795156507323003,-0.699707018463561,0.5100596219184197,0.9184771676276685,0.4493264750927811,-0.3036857334050418,0.14050470576196358,0.6116127764393787,-0.048022039826482565,0.4608306801939211,0.1337104553845832,1.027078911657809,0.14694918044361782,-0.42828956637154025,1.2145976802021625,-0.19601428307463395,-0.6546536707079772,other
-1.2545656494361206,-0.5727307703292023,-0.5034279555987932,-0.1783643167468539,0.2487278004379519,-0.699707018463561,-1.973996978333624,-1.7645135849361144,0.4493264750927811,-0.3036857334050418,1.0469866784197936,1.5642806525131776,-1.1914039404570156,0.4608306801939211,2.016956305871672,-0.7049259983890863,0.14694918044361782,-0.42828956637154025,-0.8233178906068351,-0.19601428307463395,-0.6546536707079772,young
-0.45902623952101557,-0.7386675428423712,-0.5034279555987932,-0.1783643167468539,-0.8447300007925315,-0.699707018463561,1.3380784886691008,0.9184771676276685,0.4493264750927811,-0.3036857334050418,1.0469866784197936,0.6116127764393787,0.4796926835414558,-2.3750504286917473,0.1337104553845832,-0.7049259983890863,-1.3837714491773996,2.3348689263480744,-0.8233178906068351,-0.19601428307463395,1.5275252316519468,other
1.1320525803091945,2.2481943623946687,-0.5034279555987932,-0.10350520227559457,2.463644429251336,1.8331690664724063,0.5100596219184197,0.9184771676276685,0.4493264750927811,-0.3036857334050418,0.14050470576196358,0.6116127764393787,0.1278828679628304,-0.9571098742489133,0.1337104553845832,-0.7049259983890863,0.14694918044361782,-0.42828956637154025,1.2145976802021625,-0.19601428307463395,-0.6546536707079772,other
-0.45902623952101557,0.7547634097761486,-2.350869994493447,0.046213026666924124,0.3366297565822502,-0.699707018463561,-0.3179592448322615,-0.8701833340815202,-0.963649861676971,-0.3036857334050418,-1.6724592395536964,0.6116127764393787,-0.6636892170890771,0.4608306801939211,0.1337104553845832,1.027078911657809,0.14694918044361782,-0.42828956637154025,-0.8233178906068351,-0.19601428307463395,-0.6546536707079772,other
-0.45902623952101557,-0.24085722530286463,1.3440140832958607,-0.128458240432681,1.0951385716983715,-0.699707018463561,1.3380784886691008,-0.8701833340815202,0.4493264750927811,-0.3036857334050418,-1.6724592395536964,1.5642806525131776,0.4796926835414558,0.4608306801939211,0.1337104553845832,-0.7049259983890863,0.14694918044361782,-0.42828956637154025,1.2145976802021625,-0.19601428307463395,-0.6546536707079772,other
0.33651317039408946,-0.7386675428423712,-0.5034279555987932,-0.10350520227559457,-0.6997626618287494,-0.699707018463561,-0.3179592448322615,0.024146916773074067,1.8623028118625335,-0.3036857334050418,1.0469866784197936,-1.2937229757082183,-1.1034514865623593,0.4608306801939211,-1.7495353951025054,-0.7049259983890863,0.14694918044361782,-0.42828956637154025,-0.8233178906068351,-0.19601428307463395,-0.6546536707079772,young
-1.2545656494361206,-0.7386675428423712,-0.5034279555987932,-0.1783643167468539,-0.8404766803339363,1.8331690664724063,-0.3179592448322615,0.9184771676276685,1.8623028118625335,-0.3036857334050418,-0.7659772668958664,0.6116127764393787,-1.1034514865623593,0.4608306801939211,0.1337104553845832,-0.7049259983890863,0.14694918044361782,-0.42828956637154025,-0.8233178906068351,-0.19601428307463395,1.5275252316519468,young
1.1320525803091945,0.008047933466888762,-0.5034279555987932,-0.128458240432681,-0.3651681190859369,-0.699707018463561,1.3380784886691008,0.9184771676276685,0.4493264750927811,-0.3036857334050418,-0.7659772668958664,-1.2937229757082183,1.2712647685933636,0.4608306801939211,0.1337104553845832,1.027078911657809,0.14694918044361782,-0.42828956637154025,-0.8233178906068351,-0.19601428307463395,-0.6546536707079772,other
-0.45902623952101557,-1.2364778603818778,0.4202930638485338,-0.128458240432681,-0.787310174601498,-0.699707018463561,-1.973996978333624,0.9184771676276685,0.4493264750927811,-0.3036857334050418,-1.6724592395536964,-0.34105509963441977,-0.048022039826482565,-0.9571098742489133,0.1337104553845832,1.027078911657809,1.6776698100646354,-0.42828956637154025,1.2145976802021625,-0.19601428307463395,-0.6546536707079772,other
0.33651317039408946,-1.2364778603818778,1.3440140832958607,-0.02864608780433522,-0.7883735047161468,-0.699707018463561,-0.3179592448322615,-0.8701833340815202,-0.963649861676971,-0.3036857334050418,1.0469866784197936,-0.34105509963441977,1.2712647685933636,0.4608306801939211,0.1337104553845832,-0.7049259983890863,-1.3837714491773996,-0.42828956637154025,-0.8233178906068351,-0.19601428307463395,-0.6546536707079772,other
1.1320525803091945,0.25695309223664214,1.3440140832958607,9.054259801375132,1.0784797332355407,-0.699707018463561,-1.973996978333624,0.9184771676276685,0.4493264750927811,1.7906986349055911,-0.7659772668958664,1.5642806525131776,-0.7516416709837337,-2.3750504286917473,0.1337104553845832,1.027078911657809,1.6776698100646354,-0.42828956637154025,1.2145976802021625,-0.19601428307463395,-0.6546536707079772,other
-0.45902623952101557,0.7547634097761486,-1.4271489750461201,-0.128458240432681,0.07965831220879777,1.1999500452384144,-0.3179592448322615,0.9184771676276685,0.4493264750927811,-0.3036857334050418,-0.7659772668958664,0.6116127764393787,-0.13597449372113893,-0.9571098742489133,0.1337104553845832,-0.7049259983890863,0.14694918044361782,2.3348689263480744,1.2145976802021625,-0.19601428307463395,-0.6546536707079772,other
1.1320525803091945,2.2481943623946687,-1.4271489750461201,0.046213026666924124,0.11971041319390148,-0.699707018463561,-0.3179592448322615,-1.7645135849361144,-0.963649861676971,-0.3036857334050418,-1.6724592395536964,-1.2937229757082183,-0.7516416709837337,-0.9571098742489133,0.1337104553845832,-0.7049259983890863,0.14694918044361782,-0.42828956637154025,-0.8233178906068351,-0.19601428307463395,-0.6546536707079772,other
-1.2545656494361206,-0.7386675428423712,1.3440140832958607,-0.1783643167468539,0.5570935336860946,-0.699707018463561,1.3380784886691008,0.024146916773074067,0.4493264750927811,1.7906986349055911,1.0469866784197936,-0.34105509963441977,0.6555975913307684,0.4608306801939211,-1.7495353951025054,1.027078911657809,0.14694918044361782,-0.42828956637154025,1.2145976802021625,-0.19601428307463395,1.5275252316519468,other
0.33651317039408946,0.7547634097761486,1.3440140832958607,-0.10350520227559457,-0.09012006276345556,-0.699707018463561,1.3380784886691008,0.9184771676276685,0.4493264750927811,-0.3036857334050418,1.0469866784197936,-0.34105509963441977,1.0074074069093941,0.4608306801939211,0.1337104553845832,-0.7049259983890863,0.14694918044361782,-0.42828956637154025,-0.8233178906068351,-0.19601428307463395,-0.6546536707079772,other
1.1320525803091945,0.25695309223664214,1.3440140832958607,0.046213026666924124,0.30756540011518385,-0.06648799722956913,-0.3179592448322615,0.024146916773074067,0.4493264750927811,-0.3036857334050418,0.14050470576196358,-0.34105509963441977,-0.7516416709837337,0.4608306801939211,0.1337104553845832,1.027078911657809,-1.3837714491773996,-0.42828956637154025,1.2145976802021625,-0.19601428307463395,-0.6546536707079772,other
1.1320525803091945,1.2525737273156554,-0.5034279555987932,0.046213026666924124,0.8757381247091756,-0.06648799722956913,0.5100596219184197,-0.8701833340815202,0.4493264750927811,-0.3036857334050418,-0.7659772668958664,0.6116127764393787,-0.3998318554051081,0.4608306801939211,0.1337104553845832,1.027078911657809,0.14694918044361782,-0.42828956637154025,1.2145976802021625,-0.19601428307463395,-0.6546536707079772,other
1.1320525803091945,3.243814997473682,-0.5034279555987932,-0.1783643167468539,2.5146842747544778,-0.699707018463561,1.3380784886691008,-0.8701833340815202,0.4493264750927811,-0.3036857334050418,1.0469866784197936,-0.34105509963441977,0.5676451374361121,0.4608306801939211,0.1337104553845832,-0.7049259983890863,1.6776698100646354,-0.42828956637154025,1.2145976802021625,-0.19601428307463395,-0.6546536707079772,other
1.1320525803091945,-1.2364778603818778,1.3440140832958607,-0.1783643167468539,-0.42223350190542086,0.5667310240044227,-0.3179592448322615,-1.7645135849361144,1.8623028118625335,-0.3036857334050418,-0.7659772668958664,0.6116127764393787,-1.0154990326677027,0.4608306801939211,0.1337104553845832,-0.7049259983890863,0.14694918044361782,-0.42828956637154025,-0.8233178906068351,-0.19601428307463395,-0.6546536707079772,young
1.1320525803091945,0.008047933466888762,0.4202930638485338,0.046213026666924124,-0.2450118161306262,0.5667310240044227,-1.1459781115829426,0.9184771676276685,0.4493264750927811,-0.3036857334050418,-0.7659772668958664,-1.2937229757082183,0.4796926835414558,-2.3750504286917473,0.1337104553845832,-0.7049259983890863,-1.3837714491773996,2.3348689263480744,-0.8233178906068351,-0.19601428307463395,1.5275252316519468,other
1.1320525803091945,0.7547634097761486,1.3440140832958607,-0.10350520227559457,0.4461527583910732,-0.699707018463561,0.5100596219184197,0.9184771676276685,-0.963649861676971,-0.3036857334050418,1.0469866784197936,0.6116127764393787,-0.83959412487839,0.4608306801939211,-1.7495353951025054,-0.7049259983890863,1.6776698100646354,-0.42828956637154025,1.2145976802021625,-0.19601428307463395,-0.6546536707079772,other
1.1320525803091945,0.25695309223664214,1.3440140832958607,-0.128458240432681,0.6659076487518188,-0.699707018463561,1.3380784886691008,0.9184771676276685,0.4493264750927811,-0.3036857334050418,1.0469866784197936,0.6116127764393787,-0.22392694761579526,0.4608306801939211,0.1337104553845832,-0.7049259983890863,0.14694918044361782,-0.42828956637154025,1.2145976802021625,-0.19601428307463395,-0.6546536707079772,other
-0.45902623952101557,4.239435632552695,-0.5034279555987932,-0.10350520227559457,0.823634949091386,-0.06648799722956913,-0.3179592448322615,-0.8701833340815202,1.8623028118625335,-0.3036857334050418,-0.7659772668958664,0.6116127764393787,-1.0154990326677027,0.4608306801939211,0.1337104553845832,-0.7049259983890863,0.14694918044361782,-0.42828956637154025,-0.8233178906068351,-0.19601428307463395,1.5275252316519468,young
-1.2545656494361206,0.25695309223664214,-0.5034279555987932,-0.10350520227559457,-0.3144827169543457,-0.699707018463561,1.3380784886691008,0.9184771676276685,0.4493264750927811,-0.3036857334050418,1.0469866784197936,-1.2937229757082183,2.502599123118553,-2.3750504286917473,-1.7495353951025054,-0.7049259983890863,-1.3837714491773996,-0.42828956637154025,-0.8233178906068351,-0.19601428307463395,-0.6546536707079772,other
1.1320525803091945,-0.24085722530286463,-0.5034279555987932,-0.10350520227559457,-0.6444694958670134,-0.699707018463561,-1.1459781115829426,0.024146916773074067,-0.963649861676971,-0.3036857334050418,-1.6724592395536964,-1.2937229757082183,-0.83959412487839,0.4608306801939211,0.1337104553845832,-0.7049259983890863,0.14694918044361782,-0.42828956637154025,-0.8233178906068351,-0.19601428307463395,-0.6546536707079772,other
1.1320525803091945,-1.2364778603818778,-0.5034279555987932,-0.02864608780433522,-0.6143418092852984,-0.699707018463561,-1.1459781115829426,-1.7645135849361144,-0.963649861676971,-0.3036857334050418,-0.7659772668958664,1.5642806525131776,1.7989794919613016,0.4608306801939211,0.1337104553845832,-0.7049259983890863,0.14694918044361782,-0.42828956637154025,-0.8233178906068351,-0.19601428307463395,-0.6546536707079772,other
1.1320525803091945,-0.7386675428423712,-0.5034279555987932,-0.10350520227559457,-0.3516992709670526,1.8331690664724063,-0.3179592448322615,0.9184771676276685,0.4493264750927811,-0.3036857334050418,1.0469866784197936,1.5642806525131776,0.1278828679628304,0.4608306801939211,2.016956305871672,-0.7049259983890863,0.14694918044361782,-0.42828956637154025,1.2145976802021625,-0.19601428307463395,-0.6546536707079772,other
1.1320525803091945,-0.48976238407261785,0.4202930638485338,-0.10350520227559457,-0.6356084115782736,-0.699707018463561,-0.3179592448322615,0.9184771676276685,1.8623028118625335,-0.3036857334050418,0.14050470576196358,-1.2937229757082183,-0.22392694761579526,-2.3750504286917473,0.1337104553845832,1.027078911657809,0.14694918044361782,-0.42828956637154025,-0.8233178906068351,-0.19601428307463395,-0.6546536707079772,other
1.1320525803091945,0.25695309223664214,1.3440140832958607,-0.10350520227559457,0.6492488102889882,-0.699707018463561,-1.1459781115829426,0.024146916773074067,1.8623028118625335,-0.3036857334050418,0.14050470576196358,1.5642806525131776,1.0074074069093941,0.4608306801939211,2.016956305871672,2.759083821704704,0.14694918044361782,-0.42828956637154025,1.2145976802021625,-0.19601428307463395,-0.6546536707079772,other
-0.45902623952101557,1.2525737273156554,0.4202930638485338,0.046213026666924124,2.334272598635736,-0.06648799722956913,0.5100596219184197,-1.7645135849361144,0.4493264750927811,-0.3036857334050418,0.14050470576196358,-0.34105509963441977,-0.3998318554051081,0.4608306801939211,0.1337104553845832,1.027078911657809,-1.3837714491773996,2.3348689263480744,1.2145976802021625,-0.19601428307463395,-0.6546536707079772,other
1.1320525803091945,3.243814997473682,-0.5034279555987932,-0.1783643167468539,1.1539761713756034,1.8331690664724063,-0.3179592448322615,0.9184771676276685,0.4493264750927811,-0.3036857334050418,1.0469866784197936,1.5642806525131776,-0.13597449372113893,0.4608306801939211,2.016956305871672,-0.7049259983890863,0.14694918044361782,2.3348689263480744,1.2145976802021625,-0.19601428307463395,-0.6546536707079772,other
0.33651317039408946,-0.90460431535554,1.3440140832958607,-0.10350520227559457,-0.6820404932512699,1.8331690664724063,0.5100596219184197,0.9184771676276685,0.4493264750927811,-0.3036857334050418,-0.7659772668958664,-0.34105509963441977,-0.7516416709837337,0.4608306801939211,0.1337104553845832,1.027078911657809,0.14694918044361782,-0.42828956637154025,1.2145976802021625,-0.19601428307463395,-0.6546536707079772,other
-0.45902623952101557,1.2525737273156554,0.4202930638485338,-0.1783643167468539,-0.14505878535364197,-0.06648799722956913,1.3380784886691008,0.9184771676276685,0.4493264750927811,-0.3036857334050418,0.14050470576196358,1.5642806525131776,-0.48778430929976446,0.4608306801939211,2.016956305871672,-0.7049259983890863,0.14694918044361782,-0.42828956637154025,-0.8233178906068351,-0.19601428307463395,-0.6546536707079772,other
1.1320525803091945,-0.9875727016121244,-0.5034279555987932,-0.10350520227559457,-0.18369311285254714,-0.06648799722956913,1.3380784886691008,0.024146916773074067,0.4493264750927811,1.7906986349055911,1.0469866784197936,0.6116127764393787,-0.048022039826482565,0.4608306801939211,0.1337104553845832,-0.7049259983890863,0.14694918044361782,-0.42828956637154025,1.2145976802021625,-0.19601428307463395,-0.6546536707079772,other
-1.2545656494361206,-0.7386675428423712,-0.5034279555987932,-0.1783643167468539,0.13459703479898416,1.1999500452384144,-0.3179592448322615,-1.7645135849361144,0.4493264750927811,-0.3036857334050418,0.14050470576196358,-0.34105509963441977,-0.3998318554051081,0.4608306801939211,0.1337104553845832,-0.7049259983890863,0.14694918044361782,2.3348689263480744,-0.8233178906068351,-0.19601428307463395,-0.6546536707079772,other
-1.2545656494361206,-0.48976238407261785,1.3440140832958607,-0.128458240432681,-0.8138934274677173,-0.699707018463561,-0.3179592448322615,-0.8701833340815202,-2.376626198446723,-0.3036857334050418,0.14050470576196358,-0.34105509963441977,-0.9275465787730464,0.4608306801939211,0.1337104553845832,1.027078911657809,0.14694918044361782,-0.42828956637154025,-0.8233178906068351,-0.19601428307463395,-0.6546536707079772,young
-0.45902623952101557,-0.48976238407261785,-0.5034279555987932,-0.05359912596142167,-0.226935204181597,-0.06648799722956913,-0.3179592448322615,0.024146916773074067,-0.963649861676971,-0.3036857334050418,-0.7659772668958664,-1.2937229757082183,-0.9275465787730464,0.4608306801939211,0.1337104553845832,-0.7049259983890863,-1.3837714491773996,-0.42828956637154025,-0.8233178906068351,-0.19601428307463395,-0.6546536707079772,young
-0.45902623952101557,0.25695309223664214,-0.5034279555987932,-0.10350520227559457,-0.13300771072095582,-0.06648799722956913,-1.1459781115829426,-0.8701833340815202,0.4493264750927811,-0.3036857334050418,-1.6724592395536964,0.6116127764393787,-0.5757367631944208,0.4608306801939211,0.1337104553845832,-0.7049259983890863,0.14694918044361782,-0.42828956637154025,-0.8233178906068351,-0.19601428307463395,-0.6546536707079772,other
-1.2545656494361206,-1.2364778603818778,1.3440140832958607,-0.1783643167468539,0.512079225499297,1.8331690664724063,-1.1459781115829426,-1.7645135849361144,0.4493264750927811,-0.3036857334050418,0.14050470576196358,-1.2937229757082183,0.7435500452254251,0.4608306801939211,0.1337104553845832,1.027078911657809,-1.3837714491773996,2.3348689263480744,-0.8233178906068351,-0.19601428307463395,-0.6546536707079772,other
1.1320525803091945,0.25695309223664214,-0.5034279555987932,-0.10350520227559457,-0.34992705410930464,-0.699707018463561,0.5100596219184197,0.9184771676276685,0.4493264750927811,-0.3036857334050418,-0.7659772668958664,0.6116127764393787,-0.6636892170890771,0.4608306801939211,0.1337104553845832,-0.7049259983890863,0.14694918044361782,-0.42828956637154025,1.2145976802021625,-0.19601428307463395,-0.6546536707079772,other
1.1320525803091945,-1.2364778603818778,-0.5034279555987932,-0.15341127858976747,-0.7213837074932743,0.5667310240044227,-0.3179592448322615,-0.8701833340815202,0.4493264750927811,-0.3036857334050418,1.0469866784197936,-0.34105509963441977,1.2712647685933636,0.4608306801939211,-1.7495353951025054,-0.7049259983890863,0.14694918044361782,-0.42828956637154025,-0.8233178906068351,-0.19601428307463395,-0.6546536707079772,other
-0.45902623952101557,-0.7386675428423712,-0.5034279555987932,-0.10350520227559457,-0.7685246759093697,-0.699707018463561,0.5100596219184197,0.9184771676276685,0.4493264750927811,3.8850830032162245,0.14050470576196358,-1.2937229757082183,-0.5757367631944208,0.4608306801939211,0.1337104553845832,1.027078911657809,0.14694918044361782,-0.42828956637154025,-0.8233178906068351,5.101669043266824,-0.6546536707079772,other
1.1320525803091945,-0.7386675428423712,1.3440140832958607,-0.1783643167468539,-0.8312611526736471,-0.699707018463561,-1.973996978333624,-1.7645135849361144,-0.963649861676971,-0.3036857334050418,-0.7659772668958664,-0.34105509963441977,0.21583532185748674,0.4608306801939211,0.1337104553845832,-0.7049259983890863,-2.9144920787984168,-0.42828956637154025,-0.8233178906068351,-0.19601428307463395,-0.6546536707079772,other
1.1320525803091945,-0.24085722530286463,1.3440140832958607,-0.10350520227559457,-0.5214776459393059,-0.699707018463561,-0.3179592448322615,0.9184771676276685,0.4493264750927811,-0.3036857334050418,-0.7659772668958664,0.6116127764393787,-1.0154990326677027,0.4608306801939211,0.1337104553845832,1.027078911657809,0.14694918044361782,-0.42828956637154025,-0.8233178906068351,-0.19601428307463395,-0.6546536707079772,young
0.33651317039408946,-0.48976238407261785,-0.5034279555987932,-0.02864608780433522,-0.484261091926599,-0.699707018463561,1.3380784886691008,0.9184771676276685,0.4493264750927811,-0.3036857334050418,1.0469866784197936,0.6116127764393787,0.39174022964679944,0.4608306801939211,-1.7495353951025054,-0.7049259983890863,1.6776698100646354,-0.42828956637154025,1.2145976802021625,-0.19601428307463395,-0.6546536707079772,other
1.1320525803091945,-0.7386675428423712,-0.5034279555987932,-0.128458240432681,-0.7614358084783779,0.5667310240044227,-0.3179592448322615,0.9184771676276685,-0.963649861676971,-0.3036857334050418,1.0469866784197936,0.6116127764393787,-0.5757367631944208,0.4608306801939211,-1.7495353951025054,-0.7049259983890863,-1.3837714491773996,-0.42828956637154025,-0.8233178906068351,-0.19601428307463395,1.5275252316519468,other
-1.2545656494361206,2.2481943623946687,1.3440140832958607,-0.15341127858976747,1.084505270551884,-0.699707018463561,1.3380784886691008,0.9184771676276685,0.4493264750927811,-0.3036857334050418,1.0469866784197936,1.5642806525131776,0.9194549530147378,0.4608306801939211,2.016956305871672,1.027078911657809,0.14694918044361782,-0.42828956637154025,1.2145976802021625,-0.19601428307463395,1.5275252316519468,other
0.33651317039408946,0.25695309223664214,-0.5034279555987932,-0.10350520227559457,-0.6714071921047822,-0.06648799722956913,1.3380784886691008,0.9184771676276685,-0.963649861676971,-0.3036857334050418,-0.7659772668958664,1.5642806525131776,1.0074074069093941,0.4608306801939211,2.016956305871672,-0.7049259983890863,0.14694918044361782,-0.42828956637154025,1.2145976802021625,-0.19601428307463395,-0.6546536707079772,other
-0.45902623952101557,0.7547634097761486,0.4202930638485338,0.046213026666924124,-0.27230395573994454,-0.06648799722956913,1.3380784886691008,0.9184771676276685,0.4493264750927811,-0.3036857334050418,-0.7659772668958664,-0.34105509963441977,0.4796926835414558,-0.9571098742489133,0.1337104553845832,1.027078911657809,0.14694918044361782,-0.42828956637154025,-0.8233178906068351,-0.19601428307463395,-0.6546536707079772,other
-0.45902623952101557,0.5058582510063955,-0.5034279555987932,0.046213026666924124,-0.2634428714512048,-0.699707018463561,-1.1459781115829426,0.9184771676276685,-0.963649861676971,-0.3036857334050418,-1.6724592395536964,-0.34105509963441977,-0.3118794015104516,0.4608306801939211,0.1337104553845832,-0.7049259983890863,0.14694918044361782,2.3348689263480744,1.2145976802021625,-0.19601428307463395,-0.6546536707079772,other
1.1320525803091945,-0.48976238407261785,-0.5034279555987932,-0.1783643167468539,0.7275807954014472,0.5667310240044227,1.3380784886691008,-1.7645135849361144,-0.963649861676971,-0.3036857334050418,1.0469866784197936,1.5642806525131776,-0.048022039826482565,0.4608306801939211,2.016956305871672,-0.7049259983890863,0.14694918044361782,-0.42828956637154025,-0.8233178906068351,-0.19601428307463395,-0.6546536707079772,other
-0.45902623952101557,2.2481943623946687,-0.5034279555987932,-0.1783643167468539,1.16567280263674,-0.06648799722956913,0.5100596219184197,0.024146916773074067,0.4493264750927811,-0.3036857334050418,-0.7659772668958664,-0.34105509963441977,-1.0154990326677027,0.4608306801939211,0.1337104553845832,-0.7049259983890863,0.14694918044361782,-0.42828956637154025,-0.8233178906068351,-0.19601428307463395,1.5275252316519468,young
-0.45902623952101557,-0.7386675428423712,-2.350869994493447,-0.128458240432681,-0.1071333445978358,-0.699707018463561,-1.1459781115829426,0.9184771676276685,-0.963649861676971,-0.3036857334050418,0.14050470576196358,-0.34105509963441977,-0.9275465787730464,0.4608306801939211,-1.7495353951025054,1.027078911657809,0.14694918044361782,-0.42828956637154025,-0.8233178906068351,-0.19601428307463395,1.5275252316519468,young
-0.45902623952101557,-0.9875727016121244,-0.5034279555987932,-0.10350520227559457,-0.732017008639762,-0.699707018463561,1.3380784886691008,0.9184771676276685,-0.963649861676971,-0.3036857334050418,1.0469866784197936,-1.2937229757082183,-0.9275465787730464,0.4608306801939211,0.1337104553845832,-0.7049259983890863,0.14694918044361782,-0.42828956637154025,-0.8233178906068351,-0.19601428307463395,-0.6546536707079772,young
-0.45902623952101557,-0.9875727016121244,-0.5034279555987932,-0.10350520227559457,-0.4087646537865365,-0.699707018463561,-0.3179592448322615,-0.8701833340815202,0.4493264750927811,-0.3036857334050418,-0.7659772668958664,-1.2937229757082183,0.1278828679628304,0.4608306801939211,0.1337104553845832,-0.7049259983890863,-1.3837714491773996,2.3348689263480744,-0.8233178906068351,-0.19601428307463395,-0.6546536707079772,other
1.1320525803091945,-0.24085722530286463,1.3440140832958607,-0.10350520227559457,-0.936530834023875,0.5667310240044227,1.3380784886691008,0.9184771676276685,0.4493264750927811,-0.3036857334050418,0.14050470576196358,-0.34105509963441977,-0.3118794015104516,-2.3750504286917473,0.1337104553845832,1.027078911657809,1.6776698100646354,-0.42828956637154025,1.2145976802021625,-0.19601428307463395,-0.6546536707079772,other
-1.2545656494361206,-1.2364778603818778,-1.4271489750461201,-0.02864608780433522,-0.7348525556121588,-0.699707018463561,1.3380784886691008,0.9184771676276685,-0.963649861676971,-0.3036857334050418,1.0469866784197936,1.5642806525131776,-0.048022039826482565,0.4608306801939211,2.016956305871672,-0.7049259983890863,0.14694918044361782,-0.42828956637154025,-0.8233178906068351,-0.19601428307463395,1.5275252316519468,other
1.1320525803091945,0.008047933466888762,-0.5034279555987932,-0.15341127858976747,-0.2818739267717834,1.8331690664724063,1.3380784886691008,0.9184771676276685,0.4493264750927811,-0.3036857334050418,1.0469866784197936,-1.2937229757082183,0.9194549530147378,0.4608306801939211,0.1337104553845832,-0.7049259983890863,1.6776698100646354,-0.42828956637154025,1.2145976802021625,-0.19601428307463395,-0.6546536707079772,other
-1.2545656494361206,-0.9875727016121244,1.3440140832958607,-0.10350520227559457,-0.7561191579051342,-0.699707018463561,-0.3179592448322615,0.9184771676276685,0.4493264750927811,-0.3036857334050418,1.0469866784197936,-1.2937229757082183,-0.9275465787730464,0.4608306801939211,0.1337104553845832,1.027078911657809,-1.3837714491773996,-0.42828956637154025,-0.8233178906068351,-0.19601428307463395,-0.6546536707079772,young
-0.45902623952101557,3.243814997473682,-0.5034279555987932,-0.1783643167468539,3.812301457997525,-0.699707018463561,0.5100596219184197,0.9184771676276685,0.4493264750927811,-0.3036857334050418,-0.7659772668958664,1.5642806525131776,-0.7516416709837337,0.4608306801939211,0.1337104553845832,-0.7049259983890863,1.6776698100646354,-0.42828956637154025,1.2145976802021625,-0.19601428307463395,1.5275252316519468,other
1.1320525803091945,0.7547634097761486,1.3440140832958607,-0.15341127858976747,1.5328761355621146,1.8331690664724063,1.3380784886691008,-1.7645135849361144,0.4493264750927811,-0.3036857334050418,1.0469866784197936,0.6116127764393787,2.414646669223896,0.4608306801939211,0.1337104553845832,1.027078911657809,0.14694918044361782,-0.42828956637154025,-0.8233178906068351,-0.19601428307463395,-0.6546536707079772,other
1.1320525803091945,0.7547634097761486,1.3440140832958607,-0.10350520227559457,-0.06885346047048022,1.8331690664724063,1.3380784886691008,0.024146916773074067,0.4493264750927811,-0.3036857334050418,-0.7659772668958664,0.6116127764393787,0.39174022964679944,0.4608306801939211,0.1337104553845832,1.027078911657809,0.14694918044361782,2.3348689263480744,1.2145976802021625,-0.19601428307463395,-0.6546536707079772,other
1.1320525803091945,-0.24085722530286463,-0.5034279555987932,-0.10350520227559457,-0.6260384405464348,-0.699707018463561,-0.3179592448322615,0.9184771676276685,0.4493264750927811,-0.3036857334050418,-0.7659772668958664,1.5642806525131776,-0.3118794015104516,0.4608306801939211,2.016956305871672,-0.7049259983890863,1.6776698100646354,-0.42828956637154025,1.2145976802021625,-0.19601428307463395,-0.6546536707079772,other
0.33651317039408946,0.25695309223664214,1.3440140832958607,-0.10350520227559457,-0.04368798109045936,1.8331690664724063,-0.3179592448322615,0.024146916773074067,0.4493264750927811,-0.3036857334050418,-0.7659772668958664,0.6116127764393787,-0.3998318554051081,0.4608306801939211,0.1337104553845832,1.027078911657809,0.14694918044361782,-0.42828956637154025,1.2145976802021625,-0.19601428307463395,-0.6546536707079772,other
-0.45902623952101557,-0.0749204527896957,-2.350869994493447,-0.15341127858976747,1.0196421335583088,-0.06648799722956913,1.3380784886691008,0.024146916773074067,1.8623028118625335,-0.3036857334050418,1.0469866784197936,0.6116127764393787,-0.3998318554051081,-2.3750504286917473,0.1337104553845832,1.027078911657809,0.14694918044361782,-0.42828956637154025,1.2145976802021625,-0.19601428307463395,-0.6546536707079772,other
0.33651317039408946,-0.9875727016121244,-2.350869994493447,-0.10350520227559457,-0.6855849269667659,-0.699707018463561,-1.1459781115829426,0.9184771676276685,0.4493264750927811,-0.3036857334050418,-0.7659772668958664,0.6116127764393787,-0.13597449372113893,0.4608306801939211,0.1337104553845832,1.027078911657809,1.6776698100646354,-0.42828956637154025,1.2145976802021625,-0.19601428307463395,1.5275252316519468,other
-0.45902623952101557,-1.2364778603818778,-1.4271489750461201,-0.02864608780433522,-1.0060017348475947,1.1999500452384144,-1.1459781115829426,0.9184771676276685,-0.963649861676971,-0.3036857334050418,-0.7659772668958664,-0.34105509963441977,-1.0154990326677027,-2.3750504286917473,-1.7495353951025054,-0.7049259983890863,0.14694918044361782,2.3348689263480744,-0.8233178906068351,-0.19601428307463395,1.5275252316519468,young
-1.2545656494361206,-0.7386675428423712,-0.5034279555987932,-0.1783643167468539,-0.724219254465671,-0.699707018463561,-0.3179592448322615,0.9184771676276685,-0.963649861676971,-0.3036857334050418,-0.7659772668958664,-1.2937229757082183,-1.0154990326677027,0.4608306801939211,0.1337104553845832,-0.7049259983890863,-1.3837714491773996,-0.42828956637154025,-0.8233178906068351,-0.19601428307463395,1.5275252316519468,young
-0.45902623952101557,-0.9875727016121244,-0.5034279555987932,-0.10350520227559457,-0.8794654512043912,0.5667310240044227,-0.3179592448322615,0.9184771676276685,-0.963649861676971,-0.3036857334050418,0.14050470576196358,-1.2937229757082183,2.678504030907866,0.4608306801939211,0.1337104553845832,-0.7049259983890863,-1.3837714491773996,-0.42828956637154025,-0.8233178906068351,-0.19601428307463395,-0.6546536707079772,other
1.1320525803091945,0.5058582510063955,-0.5034279555987932,-0.1783643167468539,-0.24855624984612193,-0.699707018463561,-0.3179592448322615,0.024146916773074067,-0.963649861676971,-0.3036857334050418,0.14050470576196358,-1.2937229757082183,-1.279356394351672,0.4608306801939211,-1.7495353951025054,-0.7049259983890863,0.14694918044361782,-0.42828956637154025,-0.8233178906068351,-0.19601428307463395,1.5275252316519468,young
1.1320525803091945,-1.2364778603818778,1.3440140832958607,-0.1783643167468539,-1.0708648718411695,1.1999500452384144,-0.3179592448322615,-0.8701833340815202,-0.963649861676971,-0.3036857334050418,-0.7659772668958664,-1.2937229757082183,0.4796926835414558,-2.3750504286917473,0.1337104553845832,1.027078911657809,-1.3837714491773996,-0.42828956637154025,-0.8233178906068351,-0.19601428307463395,-0.6546536707079772,other
1.1320525803091945,-0.48976238407261785,1.3440140832958607,-0.10350520227559457,-0.6930282377693071,0.5667310240044227,-0.3179592448322615,-0.8701833340815202,1.8623028118625335,-0.3036857334050418,-0.7659772668958664,-0.34105509963441977,1.0074074069093941,0.4608306801939211,0.1337104553845832,1.027078911657809,-1.3837714491773996,-0.42828956637154025,-0.8233178906068351,-0.19601428307463395,-0.6546536707079772,other
-1.2545656494361206,-0.24085722530286463,-0.5034279555987932,-0.10350520227559457,-0.49241328947223956,-0.699707018463561,-0.3179592448322615,0.9184771676276685,-0.963649861676971,-0.3036857334050418,1.0469866784197936,0.6116127764393787,-0.9275465787730464,-2.3750504286917473,-1.7495353951025054,1.027078911657809,0.14694918044361782,-0.42828956637154025,-0.8233178906068351,-0.19601428307463395,1.5275252316519468,young
-0.45902623952101557,2.2481943623946687,-1.4271489750461201,0.046213026666924124,1.1146329571335991,-0.699707018463561,1.3380784886691008,0.9184771676276685,-0.963649861676971,-0.3036857334050418,0.14050470576196358,1.5642806525131776,2.062836853645271,0.4608306801939211,-1.7495353951025054,-0.7049259983890863,0.14694918044361782,-0.42828956637154025,-0.8233178906068351,-0.19601428307463395,1.5275252316519468,other
0.33651317039408946,0.25695309223664214,1.3440140832958607,0.046213026666924124,-0.7075604160028404,1.1999500452384144,-0.3179592448322615,-0.8701833340815202,-2.376626198446723,-0.3036857334050418,1.0469866784197936,-1.2937229757082183,0.039930414068173783,0.4608306801939211,0.1337104553845832,1.027078911657809,0.14694918044361782,-0.42828956637154025,1.2145976802021625,-0.19601428307463395,-0.6546536707079772,other
-0.45902623952101557,0.25695309223664214,0.4202930638485338,-0.10350520227559457,1.1100251933034542,-0.699707018463561,-1.1459781115829426,-1.7645135849361144,0.4493264750927811,-0.3036857334050418,-0.7659772668958664,0.6116127764393787,-0.22392694761579526,0.4608306801939211,0.1337104553845832,-0.7049259983890863,0.14694918044361782,-0.42828956637154025,-0.8233178906068351,-0.19601428307463395,-0.6546536707079772,other
-1.2545656494361206,0.25695309223664214,-0.5034279555987932,-0.10350520227559457,-0.45519673545953265,-0.699707018463561,-0.3179592448322615,-0.8701833340815202,0.4493264750927811,-0.3036857334050418,1.0469866784197936,-1.2937229757082183,-1.279356394351672,0.4608306801939211,-1.7495353951025054,-0.7049259983890863,-1.3837714491773996,2.3348689263480744,-0.8233178906068351,-0.19601428307463395,1.5275252316519468,young
-0.45902623952101557,-1.070541087868709,-0.5034279555987932,-0.10350520227559457,-0.8900987523508789,-0.699707018463561,0.5100596219184197,0.9184771676276685,-0.963649861676971,3.8850830032162245,-0.7659772668958664,-1.2937229757082183,0.7435500452254251,0.4608306801939211,0.1337104553845832,-0.7049259983890863,-1.3837714491773996,-0.42828956637154025,-0.8233178906068351,-0.19601428307463395,-0.6546536707079772,other
1.1320525803091945,0.25695309223664214,-0.5034279555987932,-0.15341127858976747,-0.23685961858498558,1.1999500452384144,-0.3179592448322615,-0.8701833340815202,-0.963649861676971,-0.3036857334050418,1.0469866784197936,0.6116127764393787,-0.6636892170890771,0.4608306801939211,-1.7495353951025054,-0.7049259983890863,0.14694918044361782,-0.42828956637154025,1.2145976802021625,-0.19601428307463395,-0.6546536707079772,other
1.1320525803091945,-1.4024146328950466,1.3440140832958607,-0.1783643167468539,0.03854288110904545,-0.699707018463561,0.5100596219184197,-1.7645135849361144,-0.963649861676971,-0.3036857334050418,-1.6724592395536964,-1.2937229757082183,0.1278828679628304,0.4608306801939211,0.1337104553845832,-0.7049259983890863,0.14694918044361782,2.3348689263480744,-0.8233178906068351,-0.19601428307463395,-0.6546536707079772,other
-0.45902623952101557,1.2525737273156554,-1.4271489750461201,-0.07855216411850811,0.254753337754295,1.8331690664724063,-1.1459781115829426,0.024146916773074067,-0.963649861676971,-0.3036857334050418,-0.7659772668958664,1.5642806525131776,-0.5757367631944208,-2.3750504286917473,0.1337104553845832,-0.7049259983890863,-2.9144920787984168,-0.42828956637154025,-0.8233178906068351,-0.19601428307463395,-0.6546536707079772,other
-0.45902623952101557,0.25695309223664214,-0.5034279555987932,-0.15341127858976747,2.937889660384687,-0.699707018463561,-0.3179592448322615,-1.7645135849361144,-0.963649861676971,-0.3036857334050418,1.0469866784197936,0.6116127764393787,-1.1034514865623593,0.4608306801939211,-1.7495353951025054,1.027078911657809,1.6776698100646354,-0.42828956637154025,-0.8233178906068351,-0.19601428307463395,1.5275252316519468,young
-1.2545656494361206,-0.24085722530286463,-0.5034279555987932,-0.1783643167468539,0.3929862526586348,-0.06648799722956913,-0.3179592448322615,0.024146916773074067,0.4493264750927811,-0.3036857334050418,1.0469866784197936,0.6116127764393787,-0.048022039826482565,0.4608306801939211,0.1337104553845832,-0.7049259983890863,-1.3837714491773996,2.3348689263480744,1.2145976802021625,-0.19601428307463395,-0.6546536707079772,other
1.1320525803091945,-1.2364778603818778,1.3440140832958607,-0.1783643167468539,1.2369159203182074,-0.699707018463561,0.5100596219184197,-1.7645135849361144,0.4493264750927811,-0.3036857334050418,0.14050470576196358,1.5642806525131776,0.8315024991200815,0.4608306801939211,0.1337104553845832,1.027078911657809,1.6776698100646354,2.3348689263480744,1.2145976802021625,-0.19601428307463395,-0.6546536707079772,other
-0.45902623952101557,0.7547634097761486,-2.350869994493447,0.046213026666924124,0.3575419155036759,-0.06648799722956913,-0.3179592448322615,0.9184771676276685,-0.963649861676971,-0.3036857334050418,1.0469866784197936,0.6116127764393787,-0.83959412487839,0.4608306801939211,-1.7495353951025054,1.027078911657809,-1.3837714491773996,-0.42828956637154025,-0.8233178906068351,-0.19601428307463395,1.5275252316519468,other
-1.2545656494361206,0.25695309223664214,-1.4271489750461201,-0.1783643167468539,-0.33539487587577144,-0.06648799722956913,0.5100596219184197,-0.8701833340815202,0.4493264750927811,-0.3036857334050418,0.14050470576196358,0.6116127764393787,-0.3118794015104516,-2.3750504286917473,0.1337104553845832,-0.7049259983890863,0.14694918044361782,-0.42828956637154025,-0.8233178906068351,-0.19601428307463395,-0.6546536707079772,other
-0.45902623952101557,-0.90460431535554,-1.4271489750461201,-0.10350520227559457,-0.7880190613445971,-0.699707018463561,-0.3179592448322615,0.9184771676276685,0.4493264750927811,-0.3036857334050418,1.0469866784197936,-1.2937229757082183,-1.1034514865623593,-0.9571098742489133,0.1337104553845832,-0.7049259983890863,-1.3837714491773996,-0.42828956637154025,-0.8233178906068351,-0.19601428307463395,-0.6546536707079772,young
1.1320525803091945,0.008047933466888762,-0.5034279555987932,-0.10350520227559457,-0.03943466063186426,1.8331690664724063,1.3380784886691008,0.9184771676276685,0.4493264750927811,-0.3036857334050418,0.14050470576196358,-0.34105509963441977,0.4796926835414558,0.4608306801939211,0.1337104553845832,-0.7049259983890863,0.14694918044361782,-0.42828956637154025,1.2145976802021625,-0.19601428307463395,-0.6546536707079772,other
-1.2545656494361206,0.25695309223664214,-1.4271489750461201,-0.128458240432681,-0.2793928231709363,0.5667310240044227,-0.3179592448322615,0.9184771676276685,0.4493264750927811,-0.3036857334050418,1.0469866784197936,-1.2937229757082183,-1.1914039404570156,-0.9571098742489133,0.1337104553845832,-0.7049259983890863,0.14694918044361782,-0.42828956637154025,1.2145976802021625,-0.19601428307463395,-0.6546536707079772,young
-1.2545656494361206,1.5014788860854085,1.3440140832958607,-0.128458240432681,3.8661768504730616,1.8331690664724063,0.5100596219184197,0.9184771676276685,0.4493264750927811,-0.3036857334050418,1.0469866784197936,-0.34105509963441977,-0.48778430929976446,0.4608306801939211,0.1337104553845832,1.027078911657809,1.6776698100646354,-0.42828956637154025,1.2145976802021625,-0.19601428307463395,-0.6546536707079772,other
-1.2545656494361206,-0.6556991565857868,1.3440140832958607,0.046213026666924124,-0.5225409760539547,-0.699707018463561,-1.1459781115829426,0.024146916773074067,0.4493264750927811,-0.3036857334050418,-1.6724592395536964,-0.34105509963441977,-0.6636892170890771,-2.3750504286917473,0.1337104553845832,1.027078911657809,-1.3837714491773996,-0.42828956637154025,-0.8233178906068351,-0.19601428307463395,-0.6546536707079772,other
-1.2545656494361206,-0.48976238407261785,-0.5034279555987932,-0.1783643167468539,-0.2694684087675478,-0.699707018463561,-1.973996978333624,-1.7645135849361144,-0.963649861676971,-0.3036857334050418,1.0469866784197936,0.6116127764393787,-1.1034514865623593,0.4608306801939211,-1.7495353951025054,-0.7049259983890863,0.14694918044361782,-0.42828956637154025,-0.8233178906068351,-0.19601428307463395,-0.6546536707079772,young
-1.2545656494361206,-0.7386675428423712,-0.5034279555987932,-0.1783643167468539,-0.70791485937439,-0.699707018463561,-1.1459781115829426,0.024146916773074067,-0.963649861676971,-0.3036857334050418,-1.6724592395536964,-1.2937229757082183,0.1278828679628304,0.4608306801939211,0.1337104553845832,-0.7049259983890863,-1.3837714491773996,-0.42828956637154025,-0.8233178906068351,-0.19601428307463395,1.5275252316519468,other
1.1320525803091945,0.008047933466888762,-0.5034279555987932,-0.15341127858976747,0.7006430991636785,1.8331690664724063,-0.3179592448322615,-1.7645135849361144,0.4493264750927811,-0.3036857334050418,0.14050470576196358,0.6116127764393787,-0.83959412487839,0.4608306801939211,0.1337104553845832,-0.7049259983890863,0.14694918044361782,-0.42828956637154025,-0.8233178906068351,-0.19601428307463395,-0.6546536707079772,other
1.1320525803091945,-0.48976238407261785,-0.5034279555987932,-0.15341127858976747,-0.08586674230486045,-0.699707018463561,0.5100596219184197,-0.8701833340815202,0.4493264750927811,-0.3036857334050418,-0.7659772668958664,0.6116127764393787,-0.22392694761579526,0.4608306801939211,0.1337104553845832,-0.7049259983890863,0.14694918044361782,-0.42828956637154025,-0.8233178906068351,-0.19601428307463395,-0.6546536707079772,other
-1.2545656494361206,-1.2364778603818778,-0.5034279555987932,-0.128458240432681,-1.0077739517053426,-0.699707018463561,1.3380784886691008,-0.8701833340815202,-0.963649861676971,-0.3036857334050418,-1.6724592395536964,-0.34105509963441977,1.1833123146987068,-2.3750504286917473,0.1337104553845832,-0.7049259983890863,0.14694918044361782,-0.42828956637154025,1.2145976802021625,-0.19601428307463395,-0.6546536707079772,other
-1.2545656494361206,-0.24085722530286463,-0.5034279555987932,-0.1783643167468539,-0.8135389840961675,-0.699707018463561,-1.1459781115829426,-1.7645135849361144,-0.963649861676971,-0.3036857334050418,-0.7659772668958664,0.6116127764393787,-1.1034514865623593,0.4608306801939211,0.1337104553845832,-0.7049259983890863,-1.3837714491773996,-0.42828956637154025,-0.8233178906068351,-0.19601428307463395,1.5275252316519468,young
-0.45902623952101557,-0.7386675428423712,-0.5034279555987932,0.046213026666924124,-0.8613888392553622,-0.06648799722956913,0.5100596219184197,-0.8701833340815202,-0.963649861676971,-0.3036857334050418,1.0469866784197936,-1.2937229757082183,-1.1034514865623593,0.4608306801939211,-1.7495353951025054,-0.7049259983890863,-1.3837714491773996,-0.42828956637154025,-0.8233178906068351,-0.19601428307463395,-0.6546536707079772,young
1.1320525803091945,0.7547634097761486,1.3440140832958607,-0.10350520227559457,0.8860169824841139,-0.699707018463561,0.5100596219184197,0.9184771676276685,-0.963649861676971,-0.3036857334050418,-0.7659772668958664,0.6116127764393787,-0.9275465787730464,0.4608306801939211,0.1337104553845832,1.027078911657809,0.14694918044361782,-0.42828956637154025,-0.8233178906068351,-0.19601428307463395,-0.6546536707079772,young
1.1320525803091945,-0.7386675428423712,0.4202930638485338,-0.05359912596142167,-0.6083162719689553,1.1999500452384144,1.3380784886691008,0.9184771676276685,0.4493264750927811,-0.3036857334050418,1.0469866784197936,1.5642806525131776,1.7110270380666455,0.4608306801939211,2.016956305871672,1.027078911657809,0.14694918044361782,2.3348689263480744,-0.8233178906068351,-0.19601428307463395,1.5275252316519468,other
-1.2545656494361206,0.25695309223664214,-0.5034279555987932,-0.1783643167468539,-0.7040159822873444,1.8331690664724063,0.5100596219184197,0.9184771676276685,-0.963649861676971,-0.3036857334050418,1.0469866784197936,1.5642806525131776,-0.3118794015104516,0.4608306801939211,-1.7495353951025054,-0.7049259983890863,0.14694918044361782,-0.42828956637154025,-0.8233178906068351,-0.19601428307463395,1.5275252316519468,other
0.33651317039408946,-1.2364778603818778,1.3440140832958607,-0.1783643167468539,-0.6990537750856501,-0.699707018463561,-0.3179592448322615,-1.7645135849361144,0.4493264750927811,-0.3036857334050418,-1.6724592395536964,-1.2937229757082183,3.3821236620651165,0.4608306801939211,0.1337104553845832,2.759083821704704,-2.9144920787984168,2.3348689263480744,-0.8233178906068351,5.101669043266824,-0.6546536707079772,other
0.33651317039408946,-0.48976238407261785,1.3440140832958607,-0.10350520227559457,-0.7089781894890388,1.8331690664724063,-0.3179592448322615,0.024146916773074067,0.4493264750927811,-0.3036857334050418,1.0469866784197936,1.5642806525131776,0.3037877757521431,0.4608306801939211,2.016956305871672,1.027078911657809,0.14694918044361782,-0.42828956637154025,1.2145976802021625,-0.19601428307463395,1.5275252316519468,other
1.1320525803091945,0.25695309223664214,-0.5034279555987932,-0.1783643167468539,-0.6657360981599888,-0.699707018463561,-0.3179592448322615,-0.8701833340815202,0.4493264750927811,3.8850830032162245,-0.7659772668958664,-1.2937229757082183,-0.3998318554051081,0.4608306801939211,0.1337104553845832,-0.7049259983890863,0.14694918044361782,-0.42828956637154025,1.2145976802021625,-0.19601428307463395,-0.6546536707079772,other
-1.2545656494361206,-0.7386675428423712,1.3440140832958607,-0.1783643167468539,-0.9145553449878006,-0.699707018463561,1.3380784886691008,0.9184771676276685,0.4493264750927811,-0.3036857334050418,0.14050470576196358,-0.34105509963441977,-0.048022039826482565,0.4608306801939211,0.1337104553845832,1.027078911657809,0.14694918044361782,-0.42828956637154025,-0.8233178906068351,-0.19601428307463395,1.5275252316519468,other
1.1320525803091945,-0.48976238407261785,1.3440140832958607,-0.1783643167468539,0.6286910947391119,1.8331690664724063,1.3380784886691008,-1.7645135849361144,-0.963649861676971,-0.3036857334050418,1.0469866784197936,0.6116127764393787,2.062836853645271,0.4608306801939211,0.1337104553845832,-0.7049259983890863,0.14694918044361782,-0.42828956637154025,1.2145976802021625,-0.19601428307463395,-0.6546536707079772,other
-1.2545656494361206,-0.24085722530286463,1.3440140832958607,-0.128458240432681,-0.4066379935572389,-0.699707018463561,-0.3179592448322615,0.9184771676276685,-0.963649861676971,-0.3036857334050418,1.0469866784197936,-1.2937229757082183,-1.0154990326677027,0.4608306801939211,-1.7495353951025054,1.027078911657809,0.14694918044361782,-0.42828956637154025,-0.8233178906068351,-0.19601428307463395,1.5275252316519468,young
-1.2545656494361206,-0.7386675428423712,-0.5034279555987932,-0.10350520227559457,-0.37473809011777587,-0.699707018463561,-0.3179592448322615,0.9184771676276685,0.4493264750927811,-0.3036857334050418,0.14050470576196358,-0.34105509963441977,-1.0154990326677027,0.4608306801939211,0.1337104553845832,-0.7049259983890863,-1.3837714491773996,-0.42828956637154025,-0.8233178906068351,-0.19601428307463395,-0.6546536707079772,young
1.1320525803091945,0.008047933466888762,1.3440140832958607,-0.1783643167468539,3.334866236520227,1.8331690664724063,1.3380784886691008,0.9184771676276685,0.4493264750927811,-0.3036857334050418,1.0469866784197936,1.5642806525131776,-0.48778430929976446,0.4608306801939211,2.016956305871672,-0.7049259983890863,1.6776698100646354,-0.42828956637154025,1.2145976802021625,-0.19601428307463395,1.5275252316519468,other
1.1320525803091945,0.25695309223664214,1.3440140832958607,-0.1783643167468539,-0.28648169060192813,-0.06648799722956913,0.5100596219184197,0.9184771676276685,1.8623028118625335,-0.3036857334050418,0.14050470576196358,-0.34105509963441977,-0.7516416709837337,0.4608306801939211,0.1337104553845832,1.027078911657809,0.14694918044361782,-0.42828956637154025,1.2145976802021625,-0.19601428307463395,-0.6546536707079772,other
-0.45902623952101557,-0.7386675428423712,-0.5034279555987932,-0.10350520227559457,-0.750093620588791,-0.699707018463561,1.3380784886691008,0.024146916773074067,1.8623028118625335,3.8850830032162245,0.14050470576196358,-1.2937229757082183,0.39174022964679944,-2.3750504286917473,0.1337104553845832,1.027078911657809,-1.3837714491773996,-0.42828956637154025,-0.8233178906068351,-0.19601428307463395,-0.6546536707079772,other
-1.2545656494361206,0.7547634097761486,-0.5034279555987932,-0.128458240432681,-0.057865715952442866,-0.699707018463561,-1.1459781115829426,-0.8701833340815202,-2.376626198446723,-0.3036857334050418,1.0469866784197936,-0.34105509963441977,-0.3998318554051081,0.4608306801939211,0.1337104553845832,-0.7049259983890863,-1.3837714491773996,-0.42828956637154025,-0.8233178906068351,-0.19601428307463395,1.5275252316519468,other
1.1320525803091945,-0.90460431535554,-0.5034279555987932,-0.15341127858976747,-0.13123549386320787,1.8331690664724063,-1.1459781115829426,-1.7645135849361144,-0.963649861676971,-0.3036857334050418,1.0469866784197936,-1.2937229757082183,-0.3998318554051081,0.4608306801939211,-1.7495353951025054,-0.7049259983890863,0.14694918044361782,-0.42828956637154025,-0.8233178906068351,-0.19601428307463395,-0.6546536707079772,other
-0.45902623952101557,-0.7386675428423712,1.3440140832958607,-0.128458240432681,0.12254596016629804,-0.699707018463561,1.3380784886691008,-1.7645135849361144,0.4493264750927811,-0.3036857334050418,1.0469866784197936,0.6116127764393787,-0.6636892170890771,0.4608306801939211,-1.7495353951025054,2.759083821704704,0.14694918044361782,-0.42828956637154025,1.2145976802021625,-0.19601428307463395,-0.6546536707079772,other
1.1320525803091945,-0.7386675428423712,1.3440140832958607,-0.10350520227559457,-0.5728719348139963,-0.699707018463561,1.3380784886691008,-0.8701833340815202,0.4493264750927811,-0.3036857334050418,1.0469866784197936,-1.2937229757082183,2.414646669223896,0.4608306801939211,0.1337104553845832,1.027078911657809,-1.3837714491773996,-0.42828956637154025,1.2145976802021625,-0.19601428307463395,-0.6546536707079772,other
-1.2545656494361206,0.25695309223664214,-0.5034279555987932,-0.15341127858976747,-0.16278095393112138,1.8331690664724063,1.3380784886691008,-0.8701833340815202,-0.963649861676971,-0.3036857334050418,1.0469866784197936,-1.2937229757082183,-0.83959412487839,0.4608306801939211,-1.7495353951025054,-0.7049259983890863,0.14694918044361782,-0.42828956637154025,-0.8233178906068351,-0.19601428307463395,-0.6546536707079772,other
-1.2545656494361206,1.2525737273156554,1.3440140832958607,-0.02864608780433522,1.6991100768188718,-0.699707018463561,-0.3179592448322615,0.024146916773074067,-0.963649861676971,-0.3036857334050418,-0.7659772668958664,1.5642806525131776,-0.9275465787730464,0.4608306801939211,0.1337104553845832,1.027078911657809,1.6776698100646354,-0.42828956637154025,1.2145976802021625,-0.19601428307463395,1.5275252316519468,young
1.1320525803091945,0.008047933466888762,1.3440140832958607,-0.15341127858976747,0.0013263270963384678,-0.699707018463561,1.3380784886691008,-1.7645135849361144,0.4493264750927811,-0.3036857334050418,1.0469866784197936,0.6116127764393787,0.039930414068173783,0.4608306801939211,0.1337104553845832,-0.7049259983890863,1.6776698100646354,-0.42828956637154025,1.2145976802021625,-0.19601428307463395,-0.6546536707079772,other
1.1320525803091945,0.25695309223664214,1.3440140832958607,-0.10350520227559457,-0.3715480997738296,-0.06648799722956913,1.3380784886691008,0.9184771676276685,0.4493264750927811,-0.3036857334050418,1.0469866784197936,-0.34105509963441977,1.4471696763826762,-2.3750504286917473,0.1337104553845832,1.027078911657809,0.14694918044361782,-0.42828956637154025,-0.8233178906068351,-0.19601428307463395,-0.6546536707079772,other
0.33651317039408946,-0.7386675428423712,1.3440140832958607,-0.1783643167468539,-0.6348995248351744,0.5667310240044227,-1.973996978333624,-0.8701833340815202,0.4493264750927811,-0.3036857334050418,1.0469866784197936,1.5642806525131776,2.678504030907866,-2.3750504286917473,2.016956305871672,2.759083821704704,-2.9144920787984168,-0.42828956637154025,-0.8233178906068351,-0.19601428307463395,-0.6546536707079772,other
-1.2545656494361206,0.25695309223664214,-0.5034279555987932,-0.1783643167468539,-0.6735338523340797,1.8331690664724063,-0.3179592448322615,0.9184771676276685,-0.963649861676971,-0.3036857334050418,1.0469866784197936,-1.2937229757082183,-0.9275465787730464,0.4608306801939211,-1.7495353951025054,-0.7049259983890863,0.14694918044361782,-0.42828956637154025,-0.8233178906068351,-0.19601428307463395,1.5275252316519468,young
1.1320525803091945,1.2525737273156554,1.3440140832958607,-0.1783643167468539,0.09348160369923185,-0.699707018463561,0.5100596219184197,0.9184771676276685,0.4493264750927811,-0.3036857334050418,1.0469866784197936,0.6116127764393787,0.1278828679628304,0.4608306801939211,0.1337104553845832,1.027078911657809,0.14694918044361782,-0.42828956637154025,1.2145976802021625,-0.19601428307463395,-0.6546536707079772,other
-1.2545656494361206,-0.24085722530286463,-0.5034279555987932,-0.10350520227559457,0.08426607603894247,-0.699707018463561,0.5100596219184197,0.9184771676276685,-0.963649861676971,3.8850830032162245,-1.6724592395536964,-1.2937229757082183,-0.9275465787730464,0.4608306801939211,0.1337104553845832,-0.7049259983890863,0.14694918044361782,-0.42828956637154025,-0.8233178906068351,-0.19601428307463395,-0.6546536707079772,young
1.1320525803091945,1.2525737273156554,1.3440140832958607,-0.15341127858976747,0.8647503801911384,1.1999500452384144,1.3380784886691008,0.9184771676276685,0.4493264750927811,-0.3036857334050418,-0.7659772668958664,0.6116127764393787,0.21583532185748674,0.4608306801939211,0.1337104553845832,1.027078911657809,1.6776698100646354,-0.42828956637154025,1.2145976802021625,-0.19601428307463395,-0.6546536707079772,other
-0.45902623952101557,-0.24085722530286463,-0.5034279555987932,-0.05359912596142167,0.21292901991144347,-0.699707018463561,-1.973996978333624,-0.8701833340815202,-0.963649861676971,-0.3036857334050418,1.0469866784197936,0.6116127764393787,2.766456484802522,0.4608306801939211,0.1337104553845832,-0.7049259983890863,0.14694918044361782,-0.42828956637154025,1.2145976802021625,-0.19601428307463395,-0.6546536707079772,other
-0.45902623952101557,1.5014788860854085,1.3440140832958607,-0.10350520227559457,0.588993437125558,-0.699707018463561,0.5100596219184197,-0.8701833340815202,0.4493264750927811,3.8850830032162245,-0.7659772668958664,-1.2937229757082183,-0.9275465787730464,0.4608306801939211,0.1337104553845832,1.027078911657809,0.14694918044361782,-0.42828956637154025,-0.8233178906068351,-0.19601428307463395,1.5275252316519468,young
1.1320525803091945,0.25695309223664214,1.3440140832958607,-0.1783643167468539,-0.4718555739223634,1.1999500452384144,1.3380784886691008,0.9184771676276685,0.4493264750927811,-0.3036857334050418,1.0469866784197936,-1.2937229757082183,2.150789307539927,0.4608306801939211,0.1337104553845832,-0.7049259983890863,0.14694918044361782,-0.42828956637154025,1.2145976802021625,-0.19601428307463395,-0.6546536707079772,other
-0.45902623952101557,-0.7386675428423712,-2.350869994493447,0.021259988509837676,-0.6597105608436458,-0.699707018463561,-0.3179592448322615,-0.8701833340815202,0.4493264750927811,-0.3036857334050418,-0.7659772668958664,-1.2937229757082183,-0.3998318554051081,0.4608306801939211,0.1337104553845832,-0.7049259983890863,-1.3837714491773996,-0.42828956637154025,1.2145976802021625,-0.19601428307463395,-0.6546536707079772,other
-0.45902623952101557,-0.7386675428423712,-0.5034279555987932,-0.1783643167468539,-0.86316105611311,-0.06648799722956913,-1.1459781115829426,0.9184771676276685,-0.963649861676971,-0.3036857334050418,-0.7659772668958664,-0.34105509963441977,-1.1034514865623593,-2.3750504286917473,0.1337104553845832,-0.7049259983890863,-1.3837714491773996,-0.42828956637154025,-0.8233178906068351,-0.19601428307463395,1.5275252316519468,young
-0.45902623952101557,-0.0749204527896957,-0.5034279555987932,-0.15341127858976747,1.1330640124541775,1.8331690664724063,-1.973996978333624,-1.7645135849361144,-2.376626198446723,-0.3036857334050418,1.0469866784197936,-1.2937229757082183,2.150789307539927,0.4608306801939211,0.1337104553845832,-0.7049259983890863,1.6776698100646354,-0.42828956637154025,1.2145976802021625,-0.19601428307463395,-0.6546536707079772,other
-0.45902623952101557,-0.24085722530286463,-0.5034279555987932,0.046213026666924124,-0.4715011305508138,1.1999500452384144,-0.3179592448322615,0.9184771676276685,0.4493264750927811,-0.3036857334050418,-0.7659772668958664,-0.34105509963441977,-0.048022039826482565,0.4608306801939211,0.1337104553845832,-0.7049259983890863,-1.3837714491773996,-0.42828956637154025,1.2145976802021625,-0.19601428307463395,-0.6546536707079772,other
1.1320525803091945,0.09101631972347322,-0.5034279555987932,-0.10350520227559457,-0.21133969583341514,0.5667310240044227,1.3380784886691008,0.024146916773074067,0.4493264750927811,-0.3036857334050418,1.0469866784197936,0.6116127764393787,0.39174022964679944,0.4608306801939211,0.1337104553845832,-0.7049259983890863,0.14694918044361782,-0.42828956637154025,-0.8233178906068351,-0.19601428307463395,-0.6546536707079772,other
1.1320525803091945,2.2481943623946687,1.3440140832958607,-0.15341127858976747,-0.18440199959564632,1.8331690664724063,1.3380784886691008,0.9184771676276685,0.4493264750927811,-0.3036857334050418,0.14050470576196358,0.6116127764393787,0.21583532185748674,0.4608306801939211,0.1337104553845832,1.027078911657809,0.14694918044361782,2.3348689263480744,1.2145976802021625,-0.19601428307463395,-0.6546536707079772,other
-0.45902623952101557,2.2481943623946687,0.4202930638485338,-0.02864608780433522,1.0465798297960778,-0.699707018463561,1.3380784886691008,0.9184771676276685,0.4493264750927811,-0.3036857334050418,1.0469866784197936,1.5642806525131776,1.2712647685933636,0.4608306801939211,2.016956305871672,-0.7049259983890863,0.14694918044361782,-0.42828956637154025,-0.8233178906068351,-0.19601428307463395,1.5275252316519468,other
-1.2545656494361206,1.5844472723419931,1.3440140832958607,-0.02864608780433522,0.9664756278258707,-0.699707018463561,-0.3179592448322615,0.9184771676276685,0.4493264750927811,-0.3036857334050418,0.14050470576196358,1.5642806525131776,-0.7516416709837337,-2.3750504286917473,0.1337104553845832,-0.7049259983890863,0.14694918044361782,-0.42828956637154025,1.2145976802021625,-0.19601428307463395,1.5275252316519468,other
-0.45902623952101557,0.008047933466888762,-0.5034279555987932,0.046213026666924124,-0.7383969893276546,-0.699707018463561,1.3380784886691008,-0.8701833340815202,-0.963649861676971,-0.3036857334050418,1.0469866784197936,-0.34105509963441977,0.3037877757521431,0.4608306801939211,0.1337104553845832,-0.7049259983890863,0.14694918044361782,2.3348689263480744,-0.8233178906068351,-0.19601428307463395,1.5275252316519468,other
1.1320525803091945,0.25695309223664214,-0.5034279555987932,-0.15341127858976747,1.0781252898639913,1.8331690664724063,1.3380784886691008,0.024146916773074067,0.4493264750927811,-0.3036857334050418,1.0469866784197936,0.6116127764393787,0.4796926835414558,0.4608306801939211,0.1337104553845832,-0.7049259983890863,1.6776698100646354,2.3348689263480744,1.2145976802021625,-0.19601428307463395,-0.6546536707079772,other
1.1320525803091945,-1.2364778603818778,1.3440140832958607,-0.128458240432681,-0.7267003580665181,1.8331690664724063,-0.3179592448322615,-1.7645135849361144,1.8623028118625335,-0.3036857334050418,-0.7659772668958664,-0.34105509963441977,-0.7516416709837337,0.4608306801939211,0.1337104553845832,1.027078911657809,0.14694918044361782,-0.42828956637154025,-0.8233178906068351,-0.19601428307463395,-0.6546536707079772,other
0.33651317039408946,0.25695309223664214,-0.5034279555987932,-0.128458240432681,-0.1344254842071542,-0.699707018463561,1.3380784886691008,0.024146916773074067,-2.376626198446723,-0.3036857334050418,1.0469866784197936,1.5642806525131776,1.3592172224880197,0.4608306801939211,2.016956305871672,-0.7049259983890863,0.14694918044361782,-0.42828956637154025,-0.8233178906068351,-0.19601428307463395,-0.6546536707079772,other
1.1320525803091945,0.25695309223664214,-0.5034279555987932,-0.128458240432681,-0.07417011104372409,0.5667310240044227,1.3380784886691008,0.9184771676276685,0.4493264750927811,-0.3036857334050418,0.14050470576196358,1.5642806525131776,-0.3118794015104516,0.4608306801939211,-1.7495353951025054,-0.7049259983890863,0.14694918044361782,-0.42828956637154025,1.2145976802021625,-0.19601428307463395,-0.6546536707079772,other
1.1320525803091945,-0.9875727016121244,-0.5034279555987932,-0.128458240432681,-0.34390151679296155,-0.06648799722956913,-1.1459781115829426,-0.8701833340815202,-0.963649861676971,-0.3036857334050418,1.0469866784197936,-0.34105509963441977,-1.1914039404570156,0.4608306801939211,-1.7495353951025054,-0.7049259983890863,0.14694918044361782,-0.42828956637154025,-0.8233178906068351,-0.19601428307463395,-0.6546536707079772,young
-1.2545656494361206,-0.24085722530286463,-0.5034279555987932,-0.15341127858976747,1.5027484489803993,1.8331690664724063,1.3380784886691008,-1.7645135849361144,0.4493264750927811,-0.3036857334050418,1.0469866784197936,-0.34105509963441977,1.3592172224880197,0.4608306801939211,2.016956305871672,-0.7049259983890863,0.14694918044361782,2.3348689263480744,1.2145976802021625,-0.19601428307463395,1.5275252316519468,other
1.1320525803091945,-0.7386675428423712,1.3440140832958607,-0.128458240432681,-0.7135859533191834,-0.699707018463561,-1.1459781115829426,-0.8701833340815202,-0.963649861676971,-0.3036857334050418,1.0469866784197936,-0.34105509963441977,-1.1914039404570156,0.4608306801939211,-1.7495353951025054,1.027078911657809,-1.3837714491773996,-0.42828956637154025,-0.8233178906068351,-0.19601428307463395,-0.6546536707079772,young
1.1320525803091945,0.25695309223664214,0.4202930638485338,-0.1783643167468539,-0.9053398173275113,1.8331690664724063,1.3380784886691008,0.9184771676276685,1.8623028118625335,-0.3036857334050418,1.0469866784197936,0.6116127764393787,1.623074584171989,0.4608306801939211,0.1337104553845832,1.027078911657809,0.14694918044361782,-0.42828956637154025,1.2145976802021625,-0.19601428307463395,-0.6546536707079772,other
-0.45902623952101557,-0.9875727016121244,-0.5034279555987932,-0.1783643167468539,-0.6104429321982527,1.8331690664724063,-1.1459781115829426,0.9184771676276685,0.4493264750927811,-0.3036857334050418,-0.7659772668958664,-1.2937229757082183,-0.048022039826482565,0.4608306801939211,0.1337104553845832,-0.7049259983890863,-2.9144920787984168,-0.42828956637154025,-0.8233178906068351,-0.19601428307463395,-0.6546536707079772,other
1.1320525803091945,0.25695309223664214,1.3440140832958607,-0.02864608780433522,-0.5934296503638725,-0.699707018463561,1.3380784886691008,0.9184771676276685,0.4493264750927811,-0.3036857334050418,1.0469866784197936,1.5642806525131776,1.623074584171989,0.4608306801939211,2.016956305871672,1.027078911657809,0.14694918044361782,2.3348689263480744,-0.8233178906068351,-0.19601428307463395,-0.6546536707079772,other
-0.45902623952101557,-0.24085722530286463,1.3440140832958607,-0.10350520227559457,-0.5232498627970539,-0.699707018463561,1.3380784886691008,0.024146916773074067,-0.963649861676971,3.8850830032162245,1.0469866784197936,-1.2937229757082183,1.095359860804051,-2.3750504286917473,-1.7495353951025054,1.027078911657809,-1.3837714491773996,-0.42828956637154025,1.2145976802021625,-0.19601428307463395,-0.6546536707079772,other
-1.2545656494361206,-0.0749204527896957,1.3440140832958607,-0.128458240432681,0.3547063685312792,-0.699707018463561,1.3380784886691008,-1.7645135849361144,-0.963649861676971,-0.3036857334050418,1.0469866784197936,-0.34105509963441977,-1.0154990326677027,0.4608306801939211,0.1337104553845832,1.027078911657809,0.14694918044361782,-0.42828956637154025,-0.8233178906068351,-0.19601428307463395,-0.6546536707079772,young
1.1320525803091945,-0.7386675428423712,1.3440140832958607,-0.10350520227559457,-0.8135389840961675,1.8331690664724063,1.3380784886691008,0.9184771676276685,0.4493264750927811,-0.3036857334050418,1.0469866784197936,0.6116127764393787,-0.048022039826482565,0.4608306801939211,0.1337104553845832,1.027078911657809,0.14694918044361782,-0.42828956637154025,-0.8233178906068351,-0.19601428307463395,-0.6546536707079772,other
-0.45902623952101557,-0.7386675428423712,-0.5034279555987932,-0.1783643167468539,1.4889251574899653,1.8331690664724063,-1.973996978333624,-1.7645135849361144,-0.963649861676971,-0.3036857334050418,-0.7659772668958664,-1.2937229757082183,-1.0154990326677027,0.4608306801939211,-1.7495353951025054,-0.7049259983890863,-2.9144920787984168,-0.42828956637154025,-0.8233178906068351,-0.19601428307463395,-0.6546536707079772,young
-1.2545656494361206,1.2525737273156554,-0.5034279555987932,-0.1783643167468539,2.1265687829076767,-0.699707018463561,0.5100596219184197,-0.8701833340815202,0.4493264750927811,-0.3036857334050418,-1.6724592395536964,0.6116127764393787,-1.0154990326677027,0.4608306801939211,0.1337104553845832,-0.7049259983890863,0.14694918044361782,-0.42828956637154025,1.2145976802021625,-0.19601428307463395,1.5275252316519468,young
-0.45902623952101557,-1.2364778603818778,-0.5034279555987932,-0.10350520227559457,-0.9503541255143091,-0.699707018463561,-1.1459781115829426,0.024146916773074067,1.8623028118625335,-0.3036857334050418,0.14050470576196358,-1.2937229757082183,-0.83959412487839,0.4608306801939211,0.1337104553845832,-0.7049259983890863,-1.3837714491773996,-0.42828956637154025,-0.8233178906068351,5.101669043266824,-0.6546536707079772,other
1.1320525803091945,-0.7386675428423712,1.3440140832958607,-0.10350520227559457,-0.8298433791874488,1.8331690664724063,1.3380784886691008,0.9184771676276685,0.4493264750927811,-0.3036857334050418,1.0469866784197936,-1.2937229757082183,2.590551577013209,0.4608306801939211,0.1337104553845832,4.4910887317516,0.14694918044361782,-0.42828956637154025,-0.8233178906068351,-0.19601428307463395,-0.6546536707079772,other
-0.45902623952101557,1.7503840448551622,-1.4271489750461201,-0.15341127858976747,2.1308221033662718,-0.699707018463561,-1.973996978333624,-1.7645135849361144,0.4493264750927811,-0.3036857334050418,-0.7659772668958664,1.5642806525131776,1.7110270380666455,-2.3750504286917473,2.016956305871672,-0.7049259983890863,1.6776698100646354,-0.42828956637154025,1.2145976802021625,-0.19601428307463395,-0.6546536707079772,other
-0.45902623952101557,-0.48976238407261785,-2.350869994493447,-0.1783643167468539,-0.5292754001133968,-0.699707018463561,-1.1459781115829426,-0.8701833340815202,-0.963649861676971,-0.3036857334050418,-1.6724592395536964,-1.2937229757082183,-0.83959412487839,0.4608306801939211,-1.7495353951025054,1.027078911657809,-2.9144920787984168,-0.42828956637154025,-0.8233178906068351,-0.19601428307463395,1.5275252316519468,other
-0.45902623952101557,-1.070541087868709,-0.5034279555987932,0.046213026666924124,-0.8379955767330892,-0.699707018463561,-1.1459781115829426,0.024146916773074067,1.8623028118625335,-0.3036857334050418,-0.7659772668958664,-1.2937229757082183,-0.83959412487839,0.4608306801939211,0.1337104553845832,-0.7049259983890863,0.14694918044361782,-0.42828956637154025,1.2145976802021625,-0.19601428307463395,-0.6546536707079772,other
-0.45902623952101557,-1.2364778603818778,-0.5034279555987932,-0.10350520227559457,-0.9879251228985655,-0.699707018463561,0.5100596219184197,0.024146916773074067,1.8623028118625335,3.8850830032162245,0.14050470576196358,-1.2937229757082183,-0.6636892170890771,-2.3750504286917473,0.1337104553845832,-0.7049259983890863,-1.3837714491773996,-0.42828956637154025,-0.8233178906068351,-0.19601428307463395,-0.6546536707079772,other
-1.2545656494361206,1.2525737273156554,1.3440140832958607,-0.15341127858976747,2.25345950992243,-0.699707018463561,0.5100596219184197,0.9184771676276685,0.4493264750927811,-0.3036857334050418,1.0469866784197936,0.6116127764393787,-1.0154990326677027,0.4608306801939211,0.1337104553845832,1.027078911657809,0.14694918044361782,-0.42828956637154025,1.2145976802021625,-0.19601428307463395,1.5275252316519468,young
-1.2545656494361206,2.2481943623946687,-0.5034279555987932,-0.07855216411850811,-0.07806898813076943,-0.699707018463561,-0.3179592448322615,0.024146916773074067,0.4493264750927811,-0.3036857334050418,1.0469866784197936,0.6116127764393787,1.623074584171989,0.4608306801939211,0.1337104553845832,-0.7049259983890863,0.14694918044361782,-0.42828956637154025,-0.8233178906068351,-0.19601428307463395,1.5275252316519468,other
-1.2545656494361206,2.2481943623946687,-0.5034279555987932,-0.1783643167468539,0.23384117883286923,-0.699707018463561,0.5100596219184197,0.9184771676276685,0.4493264750927811,-0.3036857334050418,1.0469866784197936,1.5642806525131776,0.9194549530147378,0.4608306801939211,2.016956305871672,-0.7049259983890863,0.14694918044361782,2.3348689263480744,-0.8233178906068351,-0.19601428307463395,1.5275252316519468,other
-0.45902623952101557,1.2525737273156554,0.4202930638485338,-0.1783643167468539,1.4747474226279818,-0.699707018463561,-0.3179592448322615,-0.8701833340815202,-0.963649861676971,-0.3036857334050418,-0.7659772668958664,-0.34105509963441977,1.623074584171989,0.4608306801939211,-1.7495353951025054,-0.7049259983890863,0.14694918044361782,-0.42828956637154025,-0.8233178906068351,-0.19601428307463395,-0.6546536707079772,other
1.1320525803091945,-1.2364778603818778,-0.5034279555987932,-0.07855216411850811,-0.6852304835952162,0.5667310240044227,-0.3179592448322615,-1.7645135849361144,-2.376626198446723,-0.3036857334050418,1.0469866784197936,-1.2937229757082183,2.32669421532924,0.4608306801939211,0.1337104553845832,-0.7049259983890863,0.14694918044361782,-0.42828956637154025,-0.8233178906068351,-0.19601428307463395,-0.6546536707079772,other
1.1320525803091945,-1.2364778603818778,1.3440140832958607,-0.10350520227559457,-0.6086707153405049,-0.699707018463561,0.5100596219184197,-1.7645135849361144,-0.963649861676971,-0.3036857334050418,-0.7659772668958664,0.6116127764393787,-1.0154990326677027,0.4608306801939211,-1.7495353951025054,1.027078911657809,0.14694918044361782,-0.42828956637154025,1.2145976802021625,-0.19601428307463395,-0.6546536707079772,young
-1.2545656494361206,1.2525737273156554,-0.5034279555987932,9.054259801375132,4.460932827933273,-0.699707018463561,-1.973996978333624,-0.8701833340815202,-2.376626198446723,1.7906986349055911,0.14050470576196358,0.6116127764393787,0.6555975913307684,0.4608306801939211,0.1337104553845832,-0.7049259983890863,1.6776698100646354,-0.42828956637154025,-0.8233178906068351,-0.19601428307463395,-0.6546536707079772,other
-1.2545656494361206,-0.24085722530286463,-0.5034279555987932,-0.10350520227559457,-0.6827493799943691,-0.699707018463561,-0.3179592448322615,0.9184771676276685,1.8623028118625335,-0.3036857334050418,0.14050470576196358,-1.2937229757082183,-0.83959412487839,-2.3750504286917473,0.1337104553845832,-0.7049259983890863,0.14694918044361782,-0.42828956637154025,-0.8233178906068351,-0.19601428307463395,1.5275252316519468,other
1.1320525803091945,-0.7386675428423712,-0.5034279555987932,-0.1783643167468539,-0.7692335626524689,-0.699707018463561,-0.3179592448322615,0.024146916773074067,1.8623028118625335,-0.3036857334050418,-0.7659772668958664,-1.2937229757082183,-0.7516416709837337,0.4608306801939211,0.1337104553845832,1.027078911657809,0.14694918044361782,-0.42828956637154025,1.2145976802021625,-0.19601428307463395,-0.6546536707079772,other
0.33651317039408946,-0.7386675428423712,-0.5034279555987932,-0.10350520227559457,-0.09047450613500516,-0.699707018463561,-0.3179592448322615,0.024146916773074067,1.8623028118625335,-0.3036857334050418,-1.6724592395536964,0.6116127764393787,-1.0154990326677027,0.4608306801939211,0.1337104553845832,-0.7049259983890863,0.14694918044361782,-0.42828956637154025,-0.8233178906068351,-0.19601428307463395,-0.6546536707079772,young
-1.2545656494361206,1.2525737273156554,-0.5034279555987932,-0.128458240432681,-0.19822529108608022,-0.699707018463561,1.3380784886691008,-0.8701833340815202,0.4493264750927811,-0.3036857334050418,-0.7659772668958664,-0.34105509963441977,0.4796926835414558,-2.3750504286917473,0.1337104553845832,-0.7049259983890863,0.14694918044361782,2.3348689263480744,-0.8233178906068351,-0.19601428307463395,1.5275252316519468,other
-1.2545656494361206,-1.070541087868709,1.3440140832958607,-0.1783643167468539,-0.900377610125817,-0.699707018463561,1.3380784886691008,0.9184771676276685,0.4493264750927811,-0.3036857334050418,1.0469866784197936,-1.2937229757082183,1.0074074069093941,0.4608306801939211,0.1337104553845832,1.027078911657809,-1.3837714491773996,-0.42828956637154025,-0.8233178906068351,-0.19601428307463395,-0.6546536707079772,other
1.1320525803091945,-0.24085722530286463,1.3440140832958607,-0.128458240432681,0.18032022972888118,-0.699707018463561,-1.1459781115829426,0.024146916773074067,-2.376626198446723,-0.3036857334050418,-0.7659772668958664,0.6116127764393787,-0.048022039826482565,0.4608306801939211,0.1337104553845832,1.027078911657809,1.6776698100646354,-0.42828956637154025,1.2145976802021625,-0.19601428307463395,-0.6546536707079772,other
-1.2545656494361206,0.008047933466888762,1.3440140832958607,-0.1783643167468539,-0.5916574335061245,-0.699707018463561,1.3380784886691008,0.9184771676276685,1.8623028118625335,-0.3036857334050418,0.14050470576196358,0.6116127764393787,-0.48778430929976446,0.4608306801939211,0.1337104553845832,1.027078911657809,0.14694918044361782,-0.42828956637154025,1.2145976802021625,-0.19601428307463395,-0.6546536707079772,other
-1.2545656494361206,-0.24085722530286463,1.3440140832958607,-0.1783643167468539,0.24624669683710476,-0.699707018463561,1.3380784886691008,-1.7645135849361144,-0.963649861676971,-0.3036857334050418,1.0469866784197936,-1.2937229757082183,-0.22392694761579526,-2.3750504286917473,-1.7495353951025054,2.759083821704704,0.14694918044361782,-0.42828956637154025,1.2145976802021625,-0.19601428307463395,1.5275252316519468,other
1.1320525803091945,-0.24085722530286463,-2.350869994493447,0.046213026666924124,0.31678092777547323,-0.699707018463561,-0.3179592448322615,-0.8701833340815202,0.4493264750927811,-0.3036857334050418,-0.7659772668958664,0.6116127764393787,0.039930414068173783,-0.9571098742489133,0.1337104553845832,1.027078911657809,0.14694918044361782,2.3348689263480744,-0.8233178906068351,-0.19601428307463395,1.5275252316519468,other
-1.2545656494361206,1.2525737273156554,-0.5034279555987932,-0.15341127858976747,1.794809787137261,1.8331690664724063,1.3380784886691008,0.024146916773074067,0.4493264750927811,-0.3036857334050418,1.0469866784197936,1.5642806525131776,1.0074074069093941,0.4608306801939211,2.016956305871672,-0.7049259983890863,0.14694918044361782,-0.42828956637154025,-0.8233178906068351,-0.19601428307463395,1.5275252316519468,other
-0.45902623952101557,2.2481943623946687,0.4202930638485338,0.046213026666924124,1.2085604505942402,1.8331690664724063,-0.3179592448322615,0.9184771676276685,0.4493264750927811,-0.3036857334050418,1.0469866784197936,1.5642806525131776,0.21583532185748674,0.4608306801939211,2.016956305871672,-0.7049259983890863,0.14694918044361782,2.3348689263480744,1.2145976802021625,-0.19601428307463395,-0.6546536707079772,other
1.1320525803091945,0.25695309223664214,0.4202930638485338,0.046213026666924124,-0.31767270729829195,0.5667310240044227,-0.3179592448322615,0.9184771676276685,0.4493264750927811,-0.3036857334050418,-0.7659772668958664,0.6116127764393787,0.7435500452254251,0.4608306801939211,0.1337104553845832,1.027078911657809,0.14694918044361782,2.3348689263480744,1.2145976802021625,-0.19601428307463395,-0.6546536707079772,other
-1.2545656494361206,-0.24085722530286463,-0.5034279555987932,-0.1783643167468539,-0.7284725749242661,-0.699707018463561,-1.1459781115829426,0.9184771676276685,-0.963649861676971,-0.3036857334050418,0.14050470576196358,0.6116127764393787,-1.1034514865623593,0.4608306801939211,-1.7495353951025054,-0.7049259983890863,0.14694918044361782,-0.42828956637154025,1.2145976802021625,-0.19601428307463395,1.5275252316519468,young
-1.2545656494361206,1.9992892036249152,-2.350869994493447,0.046213026666924124,3.028627163501382,-0.699707018463561,1.3380784886691008,-0.8701833340815202,0.4493264750927811,-0.3036857334050418,1.0469866784197936,0.6116127764393787,-0.5757367631944208,0.4608306801939211,-1.7495353951025054,1.027078911657809,0.14694918044361782,-0.42828956637154025,-0.8233178906068351,-0.19601428307463395,1.5275252316519468,other
-0.45902623952101557,0.25695309223664214,-0.5034279555987932,-0.10350520227559457,0.6425143862295458,1.8331690664724063,1.3380784886691008,-0.8701833340815202,-0.963649861676971,-0.3036857334050418,1.0469866784197936,0.6116127764393787,0.5676451374361121,0.4608306801939211,0.1337104553845832,-0.7049259983890863,0.14694918044361782,-0.42828956637154025,1.2145976802021625,-0.19601428307463395,-0.6546536707079772,other
0.33651317039408946,-0.48976238407261785,-0.5034279555987932,-0.10350520227559457,-0.3346859891326723,-0.699707018463561,-1.1459781115829426,-0.8701833340815202,-0.963649861676971,-0.3036857334050418,0.14050470576196358,-1.2937229757082183,-0.9275465787730464,0.4608306801939211,0.1337104553845832,-0.7049259983890863,-1.3837714491773996,-0.42828956637154025,-0.8233178906068351,-0.19601428307463395,1.5275252316519468,young
-1.2545656494361206,-0.7386675428423712,-2.350869994493447,-0.1783643167468539,-0.7759679867119111,-0.699707018463561,-0.3179592448322615,0.9184771676276685,0.4493264750927811,-0.3036857334050418,1.0469866784197936,0.6116127764393787,1.095359860804051,-2.3750504286917473,0.1337104553845832,1.027078911657809,0.14694918044361782,-0.42828956637154025,-0.8233178906068351,-0.19601428307463395,1.5275252316519468,other
1.1320525803091945,-0.7386675428423712,-0.5034279555987932,-0.10350520227559457,-0.8454388875356306,1.8331690664724063,-0.3179592448322615,0.9184771676276685,-0.963649861676971,-0.3036857334050418,-0.7659772668958664,0.6116127764393787,-1.279356394351672,0.4608306801939211,0.1337104553845832,-0.7049259983890863,0.14694918044361782,-0.42828956637154025,-0.8233178906068351,-0.19601428307463395,-0.6546536707079772,young
1.1320525803091945,-1.4024146328950466,-0.5034279555987932,-0.128458240432681,-0.9464552484272636,-0.699707018463561,-1.1459781115829426,-1.7645135849361144,-0.963649861676971,-0.3036857334050418,0.14050470576196358,-1.2937229757082183,-1.1034514865623593,0.4608306801939211,-1.7495353951025054,-0.7049259983890863,-1.3837714491773996,2.3348689263480744,-0.8233178906068351,-0.19601428307463395,-0.6546536707079772,young
-1.2545656494361206,0.25695309223664214,1.3440140832958607,-0.15341127858976747,-0.1113866650564309,-0.699707018463561,1.3380784886691008,0.9184771676276685,0.4493264750927811,-0.3036857334050418,1.0469866784197936,-0.34105509963441977,2.414646669223896,0.4608306801939211,0.1337104553845832,1.027078911657809,0.14694918044361782,-0.42828956637154025,1.2145976802021625,-0.19601428307463395,-0.6546536707079772,other
1.1320525803091945,0.25695309223664214,1.3440140832958607,-0.10350520227559457,-0.23402407161258884,-0.699707018463561,1.3380784886691008,0.9184771676276685,1.8623028118625335,1.7906986349055911,0.14050470576196358,-1.2937229757082183,0.9194549530147378,0.4608306801939211,0.1337104553845832,1.027078911657809,0.14694918044361782,-0.42828956637154025,-0.8233178906068351,-0.19601428307463395,-0.6546536707079772,other
-1.2545656494361206,1.2525737273156554,-0.5034279555987932,-0.128458240432681,0.6761865065267568,-0.699707018463561,0.5100596219184197,0.9184771676276685,0.4493264750927811,-0.3036857334050418,-0.7659772668958664,-0.34105509963441977,-0.5757367631944208,0.4608306801939211,0.1337104553845832,-0.7049259983890863,0.14694918044361782,-0.42828956637154025,-0.8233178906068351,-0.19601428307463395,1.5275252316519468,other
1.1320525803091945,0.008047933466888762,0.4202930638485338,-0.15341127858976747,-0.09862670368064577,-0.699707018463561,-0.3179592448322615,0.024146916773074067,0.4493264750927811,-0.3036857334050418,-0.7659772668958664,-1.2937229757082183,-0.6636892170890771,-0.9571098742489133,0.1337104553845832,1.027078911657809,-1.3837714491773996,-0.42828956637154025,-0.8233178906068351,-0.19601428307463395,-0.6546536707079772,other
1.1320525803091945,-0.24085722530286463,-0.5034279555987932,-0.05359912596142167,-0.4707922438077146,-0.699707018463561,-1.1459781115829426,0.9184771676276685,-0.963649861676971,-0.3036857334050418,1.0469866784197936,-1.2937229757082183,-1.1034514865623593,0.4608306801939211,0.1337104553845832,-0.7049259983890863,0.14694918044361782,-0.42828956637154025,-0.8233178906068351,-0.19601428307463395,1.5275252316519468,young
1.1320525803091945,0.25695309223664214,-1.4271489750461201,0.046213026666924124,-0.606898498482757,-0.699707018463561,0.5100596219184197,0.9184771676276685,0.4493264750927811,-0.3036857334050418,1.0469866784197936,0.6116127764393787,1.2712647685933636,-2.3750504286917473,0.1337104553845832,-0.7049259983890863,0.14694918044361782,-0.42828956637154025,1.2145976802021625,-0.19601428307463395,-0.6546536707079772,other
1.1320525803091945,-0.24085722530286463,-0.5034279555987932,-0.128458240432681,0.053429502714128135,-0.699707018463561,1.3380784886691008,0.9184771676276685,0.4493264750927811,-0.3036857334050418,1.0469866784197936,-0.34105509963441977,1.0074074069093941,-2.3750504286917473,0.1337104553845832,2.759083821704704,0.14694918044361782,2.3348689263480744,1.2145976802021625,-0.19601428307463395,-0.6546536707079772,other
-0.45902623952101557,0.008047933466888762,-0.5034279555987932,-0.128458240432681,0.2497911305526007,1.8331690664724063,0.5100596219184197,-0.8701833340815202,0.4493264750927811,-0.3036857334050418,0.14050470576196358,0.6116127764393787,-0.048022039826482565,0.4608306801939211,0.1337104553845832,-0.7049259983890863,0.14694918044361782,-0.42828956637154025,1.2145976802021625,-0.19601428307463395,-0.6546536707079772,other
1.1320525803091945,-0.24085722530286463,-0.5034279555987932,-0.1783643167468539,1.2369159203182074,1.8331690664724063,-0.3179592448322615,-0.8701833340815202,0.4493264750927811,-0.3036857334050418,1.0469866784197936,0.6116127764393787,2.8544089386971785,0.4608306801939211,-1.7495353951025054,1.027078911657809,0.14694918044361782,-0.42828956637154025,-0.8233178906068351,-0.19601428307463395,1.5275252316519468,other
1.1320525803091945,0.25695309223664214,-0.5034279555987932,-0.1783643167468539,-0.7167759436631297,-0.699707018463561,-1.1459781115829426,0.9184771676276685,1.8623028118625335,-0.3036857334050418,-0.7659772668958664,-1.2937229757082183,-0.6636892170890771,0.4608306801939211,0.1337104553845832,-0.7049259983890863,0.14694918044361782,-0.42828956637154025,-0.8233178906068351,-0.19601428307463395,-0.6546536707079772,other
-1.2545656494361206,-0.9875727016121244,-0.5034279555987932,-0.10350520227559457,-0.6760149559349269,-0.699707018463561,0.5100596219184197,0.024146916773074067,0.4493264750927811,-0.3036857334050418,1.0469866784197936,-1.2937229757082183,2.062836853645271,0.4608306801939211,0.1337104553845832,-0.7049259983890863,0.14694918044361782,-0.42828956637154025,-0.8233178906068351,-0.19601428307463395,-0.6546536707079772,other
-1.2545656494361206,-0.7386675428423712,-0.5034279555987932,-0.10350520227559457,-0.9081753642999081,-0.699707018463561,1.3380784886691008,0.9184771676276685,0.4493264750927811,-0.3036857334050418,1.0469866784197936,-1.2937229757082183,1.8869319458559581,-0.9571098742489133,0.1337104553845832,-0.7049259983890863,-1.3837714491773996,-0.42828956637154025,-0.8233178906068351,-0.19601428307463395,1.5275252316519468,other
-1.2545656494361206,-0.0749204527896957,1.3440140832958607,-0.1783643167468539,-0.36729477931523447,-0.699707018463561,-0.3179592448322615,0.9184771676276685,1.8623028118625335,3.8850830032162245,-0.7659772668958664,-0.34105509963441977,-0.22392694761579526,-2.3750504286917473,-1.7495353951025054,1.027078911657809,0.14694918044361782,-0.42828956637154025,-0.8233178906068351,5.101669043266824,1.5275252316519468,other
1.1320525803091945,0.25695309223664214,1.3440140832958607,-0.15341127858976747,0.2731843930748736,1.8331690664724063,0.5100596219184197,0.024146916773074067,0.4493264750927811,-0.3036857334050418,1.0469866784197936,-0.34105509963441977,0.6555975913307684,0.4608306801939211,0.1337104553845832,1.027078911657809,0.14694918044361782,-0.42828956637154025,1.2145976802021625,-0.19601428307463395,-0.6546536707079772,other
1.1320525803091945,-0.48976238407261785,1.3440140832958607,-0.10350520227559457,-0.6380895151791208,-0.699707018463561,-0.3179592448322615,0.9184771676276685,0.4493264750927811,-0.3036857334050418,1.0469866784197936,1.5642806525131776,-0.048022039826482565,0.4608306801939211,2.016956305871672,1.027078911657809,0.14694918044361782,-0.42828956637154025,1.2145976802021625,-0.19601428307463395,-0.6546536707079772,other
-1.2545656494361206,-0.24085722530286463,-1.4271489750461201,-0.1783643167468539,-0.6483683729540589,-0.699707018463561,0.5100596219184197,0.9184771676276685,0.4493264750927811,-0.3036857334050418,1.0469866784197936,1.5642806525131776,-0.3118794015104516,0.4608306801939211,2.016956305871672,1.027078911657809,-1.3837714491773996,2.3348689263480744,-0.8233178906068351,-0.19601428307463395,1.5275252316519468,other
1.1320525803091945,1.2525737273156554,0.4202930638485338,-0.1783643167468539,2.695095950873218,-0.699707018463561,1.3380784886691008,-0.8701833340815202,0.4493264750927811,-0.3036857334050418,-0.7659772668958664,0.6116127764393787,0.8315024991200815,0.4608306801939211,0.1337104553845832,1.027078911657809,0.14694918044361782,2.3348689263480744,1.2145976802021625,-0.19601428307463395,-0.6546536707079772,other
1.1320525803091945,0.25695309223664214,-0.5034279555987932,-0.1783643167468539,-0.6370261850644721,-0.06648799722956913,-1.1459781115829426,0.9184771676276685,1.8623028118625335,-0.3036857334050418,0.14050470576196358,-1.2937229757082183,-0.22392694761579526,0.4608306801939211,0.1337104553845832,-0.7049259983890863,0.14694918044361782,-0.42828956637154025,1.2145976802021625,-0.19601428307463395,-0.6546536707079772,other
1.1320525803091945,-0.90460431535554,-0.5034279555987932,0.021259988509837676,-0.8426033405632338,1.8331690664724063,0.5100596219184197,0.9184771676276685,-0.963649861676971,-0.3036857334050418,0.14050470576196358,-0.34105509963441977,0.39174022964679944,0.4608306801939211,0.1337104553845832,-0.7049259983890863,0.14694918044361782,-0.42828956637154025,1.2145976802021625,-0.19601428307463395,-0.6546536707079772,other
1.1320525803091945,-0.48976238407261785,1.3440140832958607,-0.128458240432681,0.025428476361710545,-0.699707018463561,-0.3179592448322615,0.9184771676276685,0.4493264750927811,-0.3036857334050418,-0.7659772668958664,1.5642806525131776,-0.6636892170890771,0.4608306801939211,2.016956305871672,-0.7049259983890863,0.14694918044361782,-0.42828956637154025,1.2145976802021625,-0.19601428307463395,-0.6546536707079772,other
-1.2545656494361206,-0.48976238407261785,-0.5034279555987932,-0.1783643167468539,0.2437655932362578,-0.699707018463561,-0.3179592448322615,0.024146916773074067,-0.963649861676971,-0.3036857334050418,-0.7659772668958664,-0.34105509963441977,-0.5757367631944208,0.4608306801939211,0.1337104553845832,-0.7049259983890863,0.14694918044361782,-0.42828956637154025,1.2145976802021625,-0.19601428307463395,1.5275252316519468,other
1.1320525803091945,-0.9875727016121244,-0.5034279555987932,-0.1783643167468539,0.10836822530431454,-0.06648799722956913,-0.3179592448322615,-1.7645135849361144,0.4493264750927811,3.8850830032162245,-0.7659772668958664,-1.2937229757082183,-0.83959412487839,0.4608306801939211,-1.7495353951025054,-0.7049259983890863,0.14694918044361782,2.3348689263480744,-0.8233178906068351,5.101669043266824,-0.6546536707079772,other
1.1320525803091945,0.25695309223664214,1.3440140832958607,-0.15341127858976747,0.8977136137452503,1.1999500452384144,-0.3179592448322615,0.9184771676276685,0.4493264750927811,-0.3036857334050418,-0.7659772668958664,-1.2937229757082183,-0.7516416709837337,0.4608306801939211,0.1337104553845832,1.027078911657809,0.14694918044361782,-0.42828956637154025,-0.8233178906068351,-0.19601428307463395,-0.6546536707079772,other
1.1320525803091945,-0.24085722530286463,0.4202930638485338,0.046213026666924124,-0.3906880418375073,-0.699707018463561,-0.3179592448322615,0.9184771676276685,1.8623028118625335,-0.3036857334050418,-0.7659772668958664,0.6116127764393787,-0.6636892170890771,0.4608306801939211,0.1337104553845832,-0.7049259983890863,0.14694918044361782,-0.42828956637154025,1.2145976802021625,-0.19601428307463395,1.5275252316519468,other
-1.2545656494361206,0.25695309223664214,-0.5034279555987932,-0.10350520227559457,-0.29498833151911824,-0.699707018463561,-1.1459781115829426,0.9184771676276685,-0.963649861676971,-0.3036857334050418,1.0469866784197936,-1.2937229757082183,-0.048022039826482565,0.4608306801939211,0.1337104553845832,-0.7049259983890863,0.14694918044361782,-0.42828956637154025,1.2145976802021625,-0.19601428307463395,1.5275252316519468,other
1.1320525803091945,0.5058582510063955,1.3440140832958607,-0.128458240432681,0.44473498490487484,1.1999500452384144,-1.1459781115829426,0.9184771676276685,0.4493264750927811,-0.3036857334050418,-0.7659772668958664,-1.2937229757082183,-0.3118794015104516,-0.9571098742489133,0.1337104553845832,1.027078911657809,-1.3837714491773996,2.3348689263480744,1.2145976802021625,-0.19601428307463395,-0.6546536707079772,other
1.1320525803091945,-0.90460431535554,-0.5034279555987932,-0.128458240432681,-0.37615586360397424,-0.699707018463561,-0.3179592448322615,-0.8701833340815202,0.4493264750927811,-0.3036857334050418,-0.7659772668958664,-1.2937229757082183,-0.9275465787730464,-2.3750504286917473,-1.7495353951025054,-0.7049259983890863,-1.3837714491773996,-0.42828956637154025,-0.8233178906068351,-0.19601428307463395,1.5275252316519468,young
1.1320525803091945,-0.48976238407261785,-0.5034279555987932,-0.128458240432681,-0.37225698651692873,0.5667310240044227,-0.3179592448322615,-0.8701833340815202,-0.963649861676971,-0.3036857334050418,1.0469866784197936,0.6116127764393787,-1.3673088482463283,0.4608306801939211,-1.7495353951025054,-0.7049259983890863,0.14694918044361782,-0.42828956637154025,-0.8233178906068351,-0.19601428307463395,-0.6546536707079772,young
-1.2545656494361206,-0.24085722530286463,-0.5034279555987932,-0.10350520227559457,-0.31271050009659773,-0.699707018463561,-1.1459781115829426,0.9184771676276685,-0.963649861676971,-0.3036857334050418,-1.6724592395536964,0.6116127764393787,-0.7516416709837337,-0.9571098742489133,0.1337104553845832,-0.7049259983890863,0.14694918044361782,-0.42828956637154025,-0.8233178906068351,-0.19601428307463395,-0.6546536707079772,other
1.1320525803091945,-0.7386675428423712,1.3440140832958607,-0.128458240432681,0.02117515590311562,-0.699707018463561,1.3380784886691008,-0.8701833340815202,0.4493264750927811,-0.3036857334050418,1.0469866784197936,-0.34105509963441977,0.5676451374361121,-0.9571098742489133,0.1337104553845832,-0.7049259983890863,0.14694918044361782,-0.42828956637154025,-0.8233178906068351,-0.19601428307463395,-0.6546536707079772,other
1.1320525803091945,1.2525737273156554,-0.5034279555987932,0.046213026666924124,1.4665952250823413,1.8331690664724063,1.3380784886691008,0.024146916773074067,0.4493264750927811,-0.3036857334050418,-0.7659772668958664,-0.34105509963441977,0.1278828679628304,0.4608306801939211,0.1337104553845832,1.027078911657809,0.14694918044361782,-0.42828956637154025,-0.8233178906068351,-0.19601428307463395,-0.6546536707079772,other
-1.2545656494361206,-0.7386675428423712,-0.5034279555987932,-0.128458240432681,-0.9283786364782346,-0.699707018463561,1.3380784886691008,0.9184771676276685,-0.963649861676971,-0.3036857334050418,1.0469866784197936,-0.34105509963441977,-1.0154990326677027,0.4608306801939211,-1.7495353951025054,-0.7049259983890863,0.14694918044361782,-0.42828956637154025,-0.8233178906068351,-0.19601428307463395,-0.6546536707079772,young
1.1320525803091945,1.2525737273156554,0.4202930638485338,-0.128458240432681,1.5619404920291806,0.5667310240044227,0.5100596219184197,-0.8701833340815202,-0.963649861676971,-0.3036857334050418,1.0469866784197936,0.6116127764393787,0.39174022964679944,0.4608306801939211,0.1337104553845832,1.027078911657809,0.14694918044361782,-0.42828956637154025,1.2145976802021625,-0.19601428307463395,-0.6546536707079772,other
0.33651317039408946,-1.2364778603818778,1.3440140832958607,-0.1783643167468539,-0.6834582667374683,-0.699707018463561,1.3380784886691008,-1.7645135849361144,0.4493264750927811,-0.3036857334050418,1.0469866784197936,-1.2937229757082183,0.9194549530147378,0.4608306801939211,0.1337104553845832,1.027078911657809,0.14694918044361782,2.3348689263480744,-0.8233178906068351,5.101669043266824,-0.6546536707079772,other
-1.2545656494361206,0.25695309223664214,1.3440140832958607,0.046213026666924124,-0.6696349752470342,-0.06648799722956913,0.5100596219184197,0.9184771676276685,0.4493264750927811,-0.3036857334050418,-1.6724592395536964,-1.2937229757082183,-0.83959412487839,0.4608306801939211,0.1337104553845832,1.027078911657809,0.14694918044361782,-0.42828956637154025,1.2145976802021625,-0.19601428307463395,-0.6546536707079772,other
1.1320525803091945,-0.48976238407261785,-0.5034279555987932,-0.07855216411850811,-0.8496922079942257,1.8331690664724063,-1.1459781115829426,0.9184771676276685,-0.963649861676971,-0.3036857334050418,-1.6724592395536964,-1.2937229757082183,-1.0154990326677027,0.4608306801939211,0.1337104553845832,-0.7049259983890863,0.14694918044361782,-0.42828956637154025,-0.8233178906068351,-0.19601428307463395,-0.6546536707079772,young
-1.2545656494361206,-0.7386675428423712,-0.5034279555987932,-0.128458240432681,0.11297598913445923,-0.699707018463561,-0.3179592448322615,-0.8701833340815202,0.4493264750927811,1.7906986349055911,-0.7659772668958664,-0.34105509963441977,-0.5757367631944208,0.4608306801939211,0.1337104553845832,-0.7049259983890863,-1.3837714491773996,2.3348689263480744,-0.8233178906068351,-0.19601428307463395,-0.6546536707079772,other
-0.45902623952101557,-0.8216359290989557,1.3440140832958607,-0.1783643167468539,-0.6909015775400097,1.1999500452384144,-0.3179592448322615,0.9184771676276685,-0.963649861676971,-0.3036857334050418,1.0469866784197936,0.6116127764393787,0.39174022964679944,0.4608306801939211,0.1337104553845832,1.027078911657809,0.14694918044361782,-0.42828956637154025,-0.8233178906068351,-0.19601428307463395,-0.6546536707079772,other
-1.2545656494361206,-0.24085722530286463,-1.4271489750461201,-0.10350520227559457,-0.4718555739223634,-0.699707018463561,-1.1459781115829426,0.024146916773074067,0.4493264750927811,1.7906986349055911,1.0469866784197936,1.5642806525131776,0.039930414068173783,-2.3750504286917473,2.016956305871672,-0.7049259983890863,1.6776698100646354,-0.42828956637154025,1.2145976802021625,-0.19601428307463395,-0.6546536707079772,other
1.1320525803091945,1.2525737273156554,-0.5034279555987932,-0.10350520227559457,0.1147482059922072,-0.699707018463561,1.3380784886691008,0.9184771676276685,0.4493264750927811,-0.3036857334050418,-0.7659772668958664,0.6116127764393787,-0.6636892170890771,0.4608306801939211,0.1337104553845832,-0.7049259983890863,0.14694918044361782,-0.42828956637154025,-0.8233178906068351,-0.19601428307463395,-0.6546536707079772,other
-1.2545656494361206,-0.9875727016121244,-0.5034279555987932,-0.1783643167468539,-0.6554572403850507,-0.699707018463561,-1.1459781115829426,0.024146916773074067,0.4493264750927811,-0.3036857334050418,-0.7659772668958664,1.5642806525131776,-0.7516416709837337,0.4608306801939211,2.016956305871672,-0.7049259983890863,1.6776698100646354,-0.42828956637154025,1.2145976802021625,-0.19601428307463395,1.5275252316519468,other
1.1320525803091945,0.7547634097761486,1.3440140832958607,-0.10350520227559457,1.230181496258765,1.8331690664724063,0.5100596219184197,-0.8701833340815202,0.4493264750927811,-0.3036857334050418,0.14050470576196358,-0.34105509963441977,0.039930414068173783,0.4608306801939211,0.1337104553845832,1.027078911657809,0.14694918044361782,-0.42828956637154025,-0.8233178906068351,-0.19601428307463395,-0.6546536707079772,other
1.1320525803091945,0.25695309223664214,-0.5034279555987932,-0.15341127858976747,1.6101447905599249,-0.699707018463561,0.5100596219184197,0.024146916773074067,0.4493264750927811,-0.3036857334050418,0.14050470576196358,0.6116127764393787,0.21583532185748674,0.4608306801939211,0.1337104553845832,-0.7049259983890863,1.6776698100646354,-0.42828956637154025,1.2145976802021625,-0.19601428307463395,-0.6546536707079772,other
1.1320525803091945,0.25695309223664214,-0.5034279555987932,-0.15341127858976747,2.1286954431369742,1.8331690664724063,-0.3179592448322615,-0.8701833340815202,-2.376626198446723,-0.3036857334050418,1.0469866784197936,1.5642806525131776,1.095359860804051,0.4608306801939211,2.016956305871672,-0.7049259983890863,0.14694918044361782,-0.42828956637154025,1.2145976802021625,-0.19601428307463395,-0.6546536707079772,other
-0.45902623952101557,0.7547634097761486,1.3440140832958607,-0.1783643167468539,-0.3864347213789123,1.8331690664724063,1.3380784886691008,0.9184771676276685,0.4493264750927811,-0.3036857334050418,1.0469866784197936,-1.2937229757082183,0.039930414068173783,0.4608306801939211,0.1337104553845832,1.027078911657809,0.14694918044361782,-0.42828956637154025,-0.8233178906068351,-0.19601428307463395,-0.6546536707079772,other
1.1320525803091945,-0.24085722530286463,1.3440140832958607,-0.10350520227559457,-0.7702968927671177,-0.699707018463561,-1.973996978333624,0.9184771676276685,-0.963649861676971,-0.3036857334050418,1.0469866784197936,0.6116127764393787,2.590551577013209,0.4608306801939211,0.1337104553845832,1.027078911657809,-2.9144920787984168,-0.42828956637154025,-0.8233178906068351,-0.19601428307463395,-0.6546536707079772,other
-0.45902623952101557,0.25695309223664214,-0.5034279555987932,-0.128458240432681,0.27850104364811745,-0.699707018463561,0.5100596219184197,0.024146916773074067,-2.376626198446723,-0.3036857334050418,0.14050470576196358,0.6116127764393787,0.6555975913307684,0.4608306801939211,0.1337104553845832,-0.7049259983890863,0.14694918044361782,-0.42828956637154025,1.2145976802021625,-0.19601428307463395,1.5275252316519468,other
-1.2545656494361206,-0.7386675428423712,-0.5034279555987932,-0.02864608780433522,-0.8776932343466433,-0.699707018463561,-1.1459781115829426,0.9184771676276685,-0.963649861676971,-0.3036857334050418,1.0469866784197936,-0.34105509963441977,1.5351221302773324,0.4608306801939211,0.1337104553845832,-0.7049259983890863,0.14694918044361782,-0.42828956637154025,-0.8233178906068351,-0.19601428307463395,1.5275252316519468,other
-0.45902623952101557,0.25695309223664214,1.3440140832958607,0.046213026666924124,-0.1581731901009767,1.8331690664724063,0.5100596219184197,0.9184771676276685,0.4493264750927811,-0.3036857334050418,0.14050470576196358,1.5642806525131776,-0.13597449372113893,0.4608306801939211,0.1337104553845832,1.027078911657809,0.14694918044361782,2.3348689263480744,1.2145976802021625,-0.19601428307463395,-0.6546536707079772,other
-0.45902623952101557,2.2481943623946687,-0.5034279555987932,0.046213026666924124,4.395360804196599,-0.699707018463561,-0.3179592448322615,-0.8701833340815202,0.4493264750927811,-0.3036857334050418,-0.7659772668958664,0.6116127764393787,-1.1034514865623593,0.4608306801939211,0.1337104553845832,-0.7049259983890863,0.14694918044361782,-0.42828956637154025,1.2145976802021625,-0.19601428307463395,1.5275252316519468,young
1.1320525803091945,1.2525737273156554,1.3440140832958607,-0.1783643167468539,1.1848127447004175,-0.699707018463561,1.3380784886691008,0.9184771676276685,0.4493264750927811,-0.3036857334050418,1.0469866784197936,0.6116127764393787,-0.13597449372113893,0.4608306801939211,0.1337104553845832,1.027078911657809,1.6776698100646354,-0.42828956637154025,1.2145976802021625,-0.19601428307463395,-0.6546536707079772,other
1.1320525803091945,0.58882663726298,-1.4271489750461201,-0.15341127858976747,1.6136892242754208,1.8331690664724063,-1.1459781115829426,0.024146916773074067,0.4493264750927811,3.8850830032162245,1.0469866784197936,-1.2937229757082183,0.39174022964679944,-2.3750504286917473,-1.7495353951025054,1.027078911657809,0.14694918044361782,2.3348689263480744,1.2145976802021625,-0.19601428307463395,-0.6546536707079772,other
-1.2545656494361206,0.5058582510063955,1.3440140832958607,0.046213026666924124,-0.2939250014044694,-0.699707018463561,1.3380784886691008,0.9184771676276685,0.4493264750927811,-0.3036857334050418,1.0469866784197936,0.6116127764393787,0.6555975913307684,-0.9571098742489133,0.1337104553845832,4.4910887317516,1.6776698100646354,2.3348689263480744,1.2145976802021625,-0.19601428307463395,-0.6546536707079772,other
1.1320525803091945,-0.48976238407261785,1.3440140832958607,-0.10350520227559457,-0.5111987881643678,-0.699707018463561,1.3380784886691008,0.9184771676276685,0.4493264750927811,-0.3036857334050418,1.0469866784197936,0.6116127764393787,0.9194549530147378,0.4608306801939211,0.1337104553845832,1.027078911657809,0.14694918044361782,-0.42828956637154025,1.2145976802021625,-0.19601428307463395,-0.6546536707079772,other
-1.2545656494361206,-0.7386675428423712,1.3440140832958607,-0.1783643167468539,-0.38997915509440817,-0.699707018463561,-0.3179592448322615,0.9184771676276685,0.4493264750927811,-0.3036857334050418,1.0469866784197936,-0.34105509963441977,0.21583532185748674,-2.3750504286917473,0.1337104553845832,1.027078911657809,-1.3837714491773996,-0.42828956637154025,-0.8233178906068351,5.101669043266824,-0.6546536707079772,other
-0.45902623952101557,1.2525737273156554,1.3440140832958607,-0.15341127858976747,0.8962958402590518,-0.699707018463561,-0.3179592448322615,0.024146916773074067,0.4493264750927811,-0.3036857334050418,1.0469866784197936,0.6116127764393787,-0.13597449372113893,0.4608306801939211,0.1337104553845832,1.027078911657809,0.14694918044361782,-0.42828956637154025,1.2145976802021625,-0.19601428307463395,-0.6546536707079772,other
1.1320525803091945,-0.24085722530286463,1.3440140832958607,-0.10350520227559457,-0.7451314133870968,1.8331690664724063,-0.3179592448322615,0.9184771676276685,0.4493264750927811,-0.3036857334050418,0.14050470576196358,-0.34105509963441977,-0.5757367631944208,0.4608306801939211,0.1337104553845832,1.027078911657809,0.14694918044361782,-0.42828956637154025,1.2145976802021625,-0.19601428307463395,-0.6546536707079772,other
1.1320525803091945,1.2525737273156554,0.4202930638485338,-0.15341127858976747,2.0117291305256098,1.8331690664724063,0.5100596219184197,0.024146916773074067,0.4493264750927811,-0.3036857334050418,-0.7659772668958664,0.6116127764393787,-0.3998318554051081,-0.9571098742489133,0.1337104553845832,-0.7049259983890863,1.6776698100646354,2.3348689263480744,1.2145976802021625,-0.19601428307463395,-0.6546536707079772,other
-1.2545656494361206,0.008047933466888762,-0.5034279555987932,-0.10350520227559457,-0.2357962884703368,-0.699707018463561,-1.1459781115829426,0.9184771676276685,-0.963649861676971,-0.3036857334050418,1.0469866784197936,-0.34105509963441977,-0.6636892170890771,0.4608306801939211,-1.7495353951025054,-0.7049259983890863,1.6776698100646354,-0.42828956637154025,1.2145976802021625,-0.19601428307463395,-0.6546536707079772,other
1.1320525803091945,-0.7386675428423712,1.3440140832958607,-0.128458240432681,-0.5952018672216205,1.1999500452384144,0.5100596219184197,0.024146916773074067,-0.963649861676971,-0.3036857334050418,-0.7659772668958664,-0.34105509963441977,-0.048022039826482565,0.4608306801939211,0.1337104553845832,-0.7049259983890863,0.14694918044361782,-0.42828956637154025,-0.8233178906068351,5.101669043266824,-0.6546536707079772,other
1.1320525803091945,-0.48976238407261785,-0.5034279555987932,-0.128458240432681,-0.38466250452116435,1.8331690664724063,0.5100596219184197,-1.7645135849361144,-0.963649861676971,-0.3036857334050418,1.0469866784197936,-1.2937229757082183,-0.22392694761579526,-2.3750504286917473,-1.7495353951025054,-0.7049259983890863,-1.3837714491773996,-0.42828956637154025,-0.8233178906068351,-0.19601428307463395,-0.6546536707079772,other
-1.2545656494361206,-0.24085722530286463,-0.5034279555987932,-0.128458240432681,0.3125276073168781,-0.699707018463561,-0.3179592448322615,-0.8701833340815202,0.4493264750927811,1.7906986349055911,0.14050470576196358,0.6116127764393787,0.5676451374361121,0.4608306801939211,0.1337104553845832,-0.7049259983890863,0.14694918044361782,-0.42828956637154025,-0.8233178906068351,-0.19601428307463395,1.5275252316519468,other
-1.2545656494361206,-0.40679399781603337,1.3440140832958607,-0.1783643167468539,-0.22906186441089454,-0.699707018463561,1.3380784886691008,-0.8701833340815202,0.4493264750927811,3.8850830032162245,1.0469866784197936,-0.34105509963441977,0.6555975913307684,-2.3750504286917473,-1.7495353951025054,-0.7049259983890863,0.14694918044361782,-0.42828956637154025,1.2145976802021625,-0.19601428307463395,1.5275252316519468,other
1.1320525803091945,-0.0749204527896957,1.3440140832958607,-0.1783643167468539,0.07575943512175226,1.8331690664724063,-1.1459781115829426,-0.8701833340815202,-2.376626198446723,-0.3036857334050418,1.0469866784197936,-1.2937229757082183,0.7435500452254251,0.4608306801939211,0.1337104553845832,1.027078911657809,0.14694918044361782,-0.42828956637154025,1.2145976802021625,-0.19601428307463395,-0.6546536707079772,other
1.1320525803091945,1.2525737273156554,1.3440140832958607,-0.15341127858976747,2.5540274889964816,1.8331690664724063,1.3380784886691008,-0.8701833340815202,0.4493264750927811,-0.3036857334050418,1.0469866784197936,1.5642806525131776,0.5676451374361121,0.4608306801939211,2.016956305871672,1.027078911657809,0.14694918044361782,-0.42828956637154025,-0.8233178906068351,-0.19601428307463395,-0.6546536707079772,other
1.1320525803091945,-0.48976238407261785,-0.5034279555987932,-0.10350520227559457,-0.668217201760836,1.8331690664724063,-0.3179592448322615,0.9184771676276685,1.8623028118625335,-0.3036857334050418,-0.7659772668958664,-1.2937229757082183,0.39174022964679944,0.4608306801939211,-1.7495353951025054,-0.7049259983890863,0.14694918044361782,-0.42828956637154025,1.2145976802021625,-0.19601428307463395,-0.6546536707079772,other
1.1320525803091945,0.25695309223664214,-0.5034279555987932,-0.10350520227559457,-0.7064970858881916,-0.699707018463561,1.3380784886691008,0.9184771676276685,0.4493264750927811,-0.3036857334050418,-1.6724592395536964,-1.2937229757082183,0.039930414068173783,0.4608306801939211,0.1337104553845832,-0.7049259983890863,1.6776698100646354,-0.42828956637154025,1.2145976802021625,-0.19601428307463395,-0.6546536707079772,other
-1.2545656494361206,-0.7386675428423712,-0.5034279555987932,-0.10350520227559457,-0.7671069024231713,-0.699707018463561,-0.3179592448322615,-0.8701833340815202,0.4493264750927811,-0.3036857334050418,-0.7659772668958664,-1.2937229757082183,-1.3673088482463283,0.4608306801939211,-1.7495353951025054,-0.7049259983890863,1.6776698100646354,2.3348689263480744,1.2145976802021625,-0.19601428307463395,-0.6546536707079772,young
-1.2545656494361206,0.008047933466888762,-0.5034279555987932,-0.1783643167468539,0.17429469241253812,1.8331690664724063,0.5100596219184197,-0.8701833340815202,0.4493264750927811,1.7906986349055911,-0.7659772668958664,-1.2937229757082183,-1.0154990326677027,0.4608306801939211,0.1337104553845832,-0.7049259983890863,-1.3837714491773996,-0.42828956637154025,-0.8233178906068351,5.101669043266824,-0.6546536707079772,young
-0.45902623952101557,1.2525737273156554,-0.5034279555987932,-0.02864608780433522,0.15586363709195952,1.8331690664724063,-0.3179592448322615,-0.8701833340815202,1.8623028118625335,-0.3036857334050418,-0.7659772668958664,0.6116127764393787,-0.7516416709837337,0.4608306801939211,0.1337104553845832,-0.7049259983890863,0.14694918044361782,-0.42828956637154025,-0.8233178906068351,-0.19601428307463395,-0.6546536707079772,other
1.1320525803091945,-0.48976238407261785,0.4202930638485338,-0.15341127858976747,0.1143937626206576,-0.699707018463561,-1.1459781115829426,-1.7645135849361144,-0.963649861676971,-0.3036857334050418,-0.7659772668958664,-0.34105509963441977,0.9194549530147378,0.4608306801939211,0.1337104553845832,1.027078911657809,-1.3837714491773996,-0.42828956637154025,-0.8233178906068351,-0.19601428307463395,-0.6546536707079772,other
-0.45902623952101557,-0.9875727016121244,-0.5034279555987932,-0.1783643167468539,-0.027029142627628535,1.8331690664724063,-0.3179592448322615,-1.7645135849361144,-0.963649861676971,-0.3036857334050418,-0.7659772668958664,-1.2937229757082183,-0.22392694761579526,0.4608306801939211,0.1337104553845832,-0.7049259983890863,-1.3837714491773996,-0.42828956637154025,-0.8233178906068351,-0.19601428307463395,-0.6546536707079772,other
1.1320525803091945,1.2525737273156554,0.4202930638485338,-0.10350520227559457,0.4192150621533044,-0.699707018463561,-0.3179592448322615,0.9184771676276685,-0.963649861676971,-0.3036857334050418,1.0469866784197936,-1.2937229757082183,-0.13597449372113893,0.4608306801939211,0.1337104553845832,1.027078911657809,0.14694918044361782,-0.42828956637154025,-0.8233178906068351,-0.19601428307463395,-0.6546536707079772,other
-0.45902623952101557,0.25695309223664214,1.3440140832958607,-0.128458240432681,0.5191680929302886,-0.699707018463561,-1.1459781115829426,-0.8701833340815202,-0.963649861676971,-0.3036857334050418,1.0469866784197936,0.6116127764393787,-0.9275465787730464,-2.3750504286917473,0.1337104553845832,-0.7049259983890863,-1.3837714491773996,-0.42828956637154025,-0.8233178906068351,-0.19601428307463395,1.5275252316519468,young
-0.45902623952101557,0.7547634097761486,-0.5034279555987932,-0.10350520227559457,-0.09933559042374494,1.8331690664724063,1.3380784886691008,-0.8701833340815202,-0.963649861676971,-0.3036857334050418,1.0469866784197936,0.6116127764393787,-0.9275465787730464,0.4608306801939211,0.1337104553845832,-0.7049259983890863,0.14694918044361782,-0.42828956637154025,-0.8233178906068351,-0.19601428307463395,-0.6546536707079772,young
1.1320525803091945,-0.8216359290989557,-0.5034279555987932,0.046213026666924124,-0.4002580128693463,1.1999500452384144,1.3380784886691008,-1.7645135849361144,-2.376626198446723,-0.3036857334050418,-0.7659772668958664,-1.2937229757082183,-0.6636892170890771,0.4608306801939211,0.1337104553845832,-0.7049259983890863,0.14694918044361782,-0.42828956637154025,1.2145976802021625,-0.19601428307463395,-0.6546536707079772,other
-1.2545656494361206,0.25695309223664214,-1.4271489750461201,0.046213026666924124,-0.039080217260314666,-0.699707018463561,-0.3179592448322615,0.9184771676276685,0.4493264750927811,-0.3036857334050418,-0.7659772668958664,-0.34105509963441977,-0.3998318554051081,0.4608306801939211,-1.7495353951025054,-0.7049259983890863,0.14694918044361782,-0.42828956637154025,1.2145976802021625,-0.19601428307463395,1.5275252316519468,other
-0.45902623952101557,2.2481943623946687,-2.350869994493447,9.054259801375132,5.370788962701069,-0.699707018463561,-0.3179592448322615,-1.7645135849361144,-0.963649861676971,-0.3036857334050418,-0.7659772668958664,-0.34105509963441977,-0.3118794015104516,-2.3750504286917473,0.1337104553845832,-0.7049259983890863,1.6776698100646354,-0.42828956637154025,1.2145976802021625,5.101669043266824,1.5275252316519468,other
1.1320525803091945,-0.90460431535554,-0.5034279555987932,-0.15341127858976747,-0.15002099255533607,-0.06648799722956913,-0.3179592448322615,-1.7645135849361144,0.4493264750927811,1.7906986349055911,-0.7659772668958664,-1.2937229757082183,-0.3118794015104516,0.4608306801939211,0.1337104553845832,-0.7049259983890863,0.14694918044361782,2.3348689263480744,-0.8233178906068351,-0.19601428307463395,-0.6546536707079772,other
-1.2545656494361206,-1.2364778603818778,-0.5034279555987932,-0.1783643167468539,4.1203127478741175,-0.699707018463561,1.3380784886691008,-1.7645135849361144,0.4493264750927811,-0.3036857334050418,1.0469866784197936,1.5642806525131776,2.8544089386971785,-2.3750504286917473,0.1337104553845832,-0.7049259983890863,1.6776698100646354,-0.42828956637154025,1.2145976802021625,-0.19601428307463395,1.5275252316519468,other
-1.2545656494361206,0.25695309223664214,-0.5034279555987932,-0.128458240432681,-0.3233438012430854,-0.06648799722956913,-1.973996978333624,-1.7645135849361144,-2.376626198446723,-0.3036857334050418,-1.6724592395536964,-0.34105509963441977,-0.22392694761579526,0.4608306801939211,0.1337104553845832,-0.7049259983890863,0.14694918044361782,-0.42828956637154025,-0.8233178906068351,-0.19601428307463395,1.5275252316519468,other
-1.2545656494361206,0.25695309223664214,-0.5034279555987932,-0.128458240432681,0.02613736310480973,-0.699707018463561,1.3380784886691008,0.9184771676276685,0.4493264750927811,-0.3036857334050418,-0.7659772668958664,-0.34105509963441977,0.3037877757521431,0.4608306801939211,-1.7495353951025054,-0.7049259983890863,1.6776698100646354,-0.42828956637154025,1.2145976802021625,-0.19601428307463395,1.5275252316519468,other
1.1320525803091945,-0.24085722530286463,1.3440140832958607,-0.128458240432681,-0.5154521086229629,-0.699707018463561,-0.3179592448322615,0.9184771676276685,-0.963649861676971,-0.3036857334050418,-0.7659772668958664,1.5642806525131776,-0.6636892170890771,0.4608306801939211,0.1337104553845832,1.027078911657809,0.14694918044361782,-0.42828956637154025,-0.8233178906068351,-0.19601428307463395,-0.6546536707079772,other
1.1320525803091945,2.2481943623946687,0.4202930638485338,-0.10350520227559457,3.359322829157149,0.5667310240044227,0.5100596219184197,0.9184771676276685,0.4493264750927811,-0.3036857334050418,-1.6724592395536964,0.6116127764393787,0.1278828679628304,0.4608306801939211,0.1337104553845832,-0.7049259983890863,1.6776698100646354,-0.42828956637154025,1.2145976802021625,-0.19601428307463395,-0.6546536707079772,other
-1.2545656494361206,-0.9875727016121244,-0.5034279555987932,-0.10350520227559457,-0.6753060691918277,-0.699707018463561,-1.1459781115829426,0.024146916773074067,-0.963649861676971,-0.3036857334050418,1.0469866784197936,-0.34105509963441977,-1.1914039404570156,0.4608306801939211,-1.7495353951025054,-0.7049259983890863,0.14694918044361782,-0.42828956637154025,-0.8233178906068351,-0.19601428307463395,1.5275252316519468,young
-0.45902623952101557,-0.7386675428423712,-0.5034279555987932,-0.1783643167468539,-0.44988008488628883,-0.699707018463561,0.5100596219184197,0.024146916773074067,0.4493264750927811,-0.3036857334050418,1.0469866784197936,-0.34105509963441977,-0.48778430929976446,0.4608306801939211,-1.7495353951025054,-0.7049259983890863,0.14694918044361782,2.3348689263480744,1.2145976802021625,-0.19601428307463395,-0.6546536707079772,other
-1.2545656494361206,0.25695309223664214,-1.4271489750461201,-0.128458240432681,1.2762591345602117,-0.699707018463561,-1.1459781115829426,-0.8701833340815202,-2.376626198446723,-0.3036857334050418,-1.6724592395536964,-0.34105509963441977,1.7110270380666455,-2.3750504286917473,0.1337104553845832,-0.7049259983890863,0.14694918044361782,-0.42828956637154025,1.2145976802021625,-0.19601428307463395,1.5275252316519468,other
-1.2545656494361206,-0.7386675428423712,-1.4271489750461201,-0.1783643167468539,-0.9124286847585031,-0.699707018463561,-1.1459781115829426,0.9184771676276685,0.4493264750927811,-0.3036857334050418,-0.7659772668958664,0.6116127764393787,0.9194549530147378,-2.3750504286917473,0.1337104553845832,1.027078911657809,0.14694918044361782,-0.42828956637154025,1.2145976802021625,-0.19601428307463395,1.5275252316519468,other
-1.2545656494361206,-0.24085722530286463,1.3440140832958607,-0.128458240432681,-0.7876646179730475,-0.699707018463561,-1.1459781115829426,0.9184771676276685,-0.963649861676971,-0.3036857334050418,1.0469866784197936,-0.34105509963441977,-1.279356394351672,0.4608306801939211,-1.7495353951025054,-0.7049259983890863,0.14694918044361782,-0.42828956637154025,-0.8233178906068351,-0.19601428307463395,-0.6546536707079772,young
-1.2545656494361206,2.2481943623946687,-0.5034279555987932,-0.15341127858976747,2.4902276821175557,-0.699707018463561,0.5100596219184197,0.9184771676276685,0.4493264750927811,-0.3036857334050418,1.0469866784197936,1.5642806525131776,0.3037877757521431,-0.9571098742489133,2.016956305871672,2.759083821704704,0.14694918044361782,2.3348689263480744,1.2145976802021625,-0.19601428307463395,1.5275252316519468,other
1.1320525803091945,0.7547634097761486,-0.5034279555987932,-0.10350520227559457,-0.49772994004548343,1.8331690664724063,1.3380784886691008,0.9184771676276685,0.4493264750927811,-0.3036857334050418,1.0469866784197936,0.6116127764393787,1.9748843997506143,0.4608306801939211,0.1337104553845832,-0.7049259983890863,0.14694918044361782,-0.42828956637154025,1.2145976802021625,-0.19601428307463395,-0.6546536707079772,other
-1.2545656494361206,-0.7386675428423712,0.4202930638485338,-0.1783643167468539,-0.6831038233659187,-0.699707018463561,-0.3179592448322615,0.9184771676276685,0.4493264750927811,-0.3036857334050418,-0.7659772668958664,-1.2937229757082183,0.6555975913307684,0.4608306801939211,0.1337104553845832,1.027078911657809,-1.3837714491773996,2.3348689263480744,-0.8233178906068351,-0.19601428307463395,-0.6546536707079772,other
-1.2545656494361206,0.25695309223664214,-0.5034279555987932,-0.128458240432681,-0.5402631446314341,-0.699707018463561,-1.1459781115829426,0.9184771676276685,0.4493264750927811,1.7906986349055911,-1.6724592395536964,-0.34105509963441977,-1.0154990326677027,0.4608306801939211,0.1337104553845832,-0.7049259983890863,-1.3837714491773996,-0.42828956637154025,-0.8233178906068351,5.101669043266824,-0.6546536707079772,young
-0.45902623952101557,-0.9875727016121244,-0.5034279555987932,-0.10350520227559457,-0.5675552842407525,-0.699707018463561,-1.1459781115829426,0.9184771676276685,-0.963649861676971,-0.3036857334050418,-0.7659772668958664,0.6116127764393787,-1.1914039404570156,0.4608306801939211,0.1337104553845832,-0.7049259983890863,0.14694918044361782,-0.42828956637154025,1.2145976802021625,-0.19601428307463395,1.5275252316519468,young
1.1320525803091945,-0.9875727016121244,1.3440140832958607,-0.1783643167468539,-0.7256370279518694,-0.699707018463561,-0.3179592448322615,0.024146916773074067,0.4493264750927811,-0.3036857334050418,-1.6724592395536964,-1.2937229757082183,-0.48778430929976446,0.4608306801939211,0.1337104553845832,1.027078911657809,0.14694918044361782,-0.42828956637154025,-0.8233178906068351,-0.19601428307463395,-0.6546536707079772,other
1.1320525803091945,-0.7386675428423712,1.3440140832958607,-0.10350520227559457,-0.9744562747796812,0.5667310240044227,1.3380784886691008,0.9184771676276685,0.4493264750927811,-0.3036857334050418,1.0469866784197936,-0.34105509963441977,0.5676451374361121,0.4608306801939211,0.1337104553845832,1.027078911657809,0.14694918044361782,2.3348689263480744,1.2145976802021625,-0.19601428307463395,-0.6546536707079772,other
-1.2545656494361206,-0.7386675428423712,-0.5034279555987932,-0.10350520227559457,-0.628519544147282,-0.699707018463561,-0.3179592448322615,0.9184771676276685,-0.963649861676971,-0.3036857334050418,-1.6724592395536964,0.6116127764393787,-1.1034514865623593,-2.3750504286917473,0.1337104553845832,-0.7049259983890863,0.14694918044361782,-0.42828956637154025,-0.8233178906068351,-0.19601428307463395,-0.6546536707079772,young
-0.45902623952101557,0.7547634097761486,0.4202930638485338,-0.10350520227559457,-0.47929888472490473,-0.06648799722956913,-1.1459781115829426,0.9184771676276685,0.4493264750927811,-0.3036857334050418,0.14050470576196358,1.5642806525131776,-0.48778430929976446,-0.9571098742489133,0.1337104553845832,1.027078911657809,1.6776698100646354,-0.42828956637154025,-0.8233178906068351,-0.19601428307463395,1.5275252316519468,other
0.33651317039408946,-0.9875727016121244,-0.5034279555987932,-0.10350520227559457,-0.8954154029241227,-0.699707018463561,-0.3179592448322615,0.024146916773074067,-0.963649861676971,-0.3036857334050418,-0.7659772668958664,-1.2937229757082183,-0.6636892170890771,0.4608306801939211,0.1337104553845832,-0.7049259983890863,-1.3837714491773996,-0.42828956637154025,-0.8233178906068351,-0.19601428307463395,1.5275252316519468,other
-0.45902623952101557,-1.2364778603818778,-0.5034279555987932,-0.10350520227559457,-0.42825903922176384,-0.699707018463561,-1.1459781115829426,0.9184771676276685,1.8623028118625335,-0.3036857334050418,0.14050470576196358,0.6116127764393787,-0.48778430929976446,0.4608306801939211,-1.7495353951025054,-0.7049259983890863,1.6776698100646354,-0.42828956637154025,1.2145976802021625,-0.19601428307463395,-0.6546536707079772,other
-0.45902623952101557,3.243814997473682,-0.5034279555987932,-0.02864608780433522,1.0692642055752513,-0.699707018463561,-0.3179592448322615,0.9184771676276685,0.4493264750927811,-0.3036857334050418,1.0469866784197936,1.5642806525131776,0.5676451374361121,0.4608306801939211,2.016956305871672,-0.7049259983890863,0.14694918044361782,-0.42828956637154025,-0.8233178906068351,-0.19601428307463395,1.5275252316519468,other
1.1320525803091945,0.25695309223664214,1.3440140832958607,-0.15341127858976747,1.2656258334137238,1.8331690664724063,-0.3179592448322615,-0.8701833340815202,0.4493264750927811,-0.3036857334050418,1.0469866784197936,-0.34105509963441977,0.9194549530147378,0.4608306801939211,0.1337104553845832,1.027078911657809,1.6776698100646354,2.3348689263480744,1.2145976802021625,-0.19601428307463395,-0.6546536707079772,other
1.1320525803091945,-0.7386675428423712,-0.5034279555987932,-0.1783643167468539,0.09064605672683512,1.8331690664724063,-1.1459781115829426,-0.8701833340815202,0.4493264750927811,-0.3036857334050418,0.14050470576196358,-0.34105509963441977,0.8315024991200815,0.4608306801939211,0.1337104553845832,-0.7049259983890863,1.6776698100646354,2.3348689263480744,1.2145976802021625,-0.19601428307463395,-0.6546536707079772,other
1.1320525803091945,-0.90460431535554,-0.5034279555987932,-0.1783643167468539,-0.6115062623129016,-0.699707018463561,-0.3179592448322615,0.024146916773074067,0.4493264750927811,-0.3036857334050418,-0.7659772668958664,-1.2937229757082183,-0.3998318554051081,0.4608306801939211,0.1337104553845832,-0.7049259983890863,-1.3837714491773996,2.3348689263480744,-0.8233178906068351,5.101669043266824,-0.6546536707079772,other
1.1320525803091945,0.25695309223664214,-0.5034279555987932,-0.128458240432681,-0.8301978225589983,1.8331690664724063,0.5100596219184197,0.9184771676276685,0.4493264750927811,-0.3036857334050418,-0.7659772668958664,0.6116127764393787,-0.3998318554051081,-0.9571098742489133,0.1337104553845832,-0.7049259983890863,0.14694918044361782,-0.42828956637154025,1.2145976802021625,-0.19601428307463395,-0.6546536707079772,other
1.1320525803091945,-1.4024146328950466,1.3440140832958607,-0.1783643167468539,-0.6437606091239143,-0.699707018463561,0.5100596219184197,-0.8701833340815202,0.4493264750927811,-0.3036857334050418,-1.6724592395536964,-1.2937229757082183,0.5676451374361121,0.4608306801939211,0.1337104553845832,2.759083821704704,-1.3837714491773996,2.3348689263480744,-0.8233178906068351,-0.19601428307463395,-0.6546536707079772,other
-1.2545656494361206,-0.48976238407261785,-0.5034279555987932,-0.128458240432681,-0.5055276942195743,-0.699707018463561,-1.1459781115829426,0.9184771676276685,-0.963649861676971,3.8850830032162245,-1.6724592395536964,-0.34105509963441977,0.9194549530147378,0.4608306801939211,-1.7495353951025054,-0.7049259983890863,0.14694918044361782,-0.42828956637154025,-0.8233178906068351,-0.19601428307463395,-0.6546536707079772,other
-0.45902623952101557,2.2481943623946687,-2.350869994493447,-0.1783643167468539,1.802961984682902,0.5667310240044227,-1.1459781115829426,-1.7645135849361144,-0.963649861676971,-0.3036857334050418,-1.6724592395536964,0.6116127764393787,-0.48778430929976446,0.4608306801939211,0.1337104553845832,1.027078911657809,0.14694918044361782,-0.42828956637154025,-0.8233178906068351,-0.19601428307463395,-0.6546536707079772,other
-1.2545656494361206,0.25695309223664214,-1.4271489750461201,-0.128458240432681,0.027555136591008098,0.5667310240044227,-1.1459781115829426,0.9184771676276685,0.4493264750927811,-0.3036857334050418,1.0469866784197936,1.5642806525131776,-0.48778430929976446,0.4608306801939211,2.016956305871672,-0.7049259983890863,0.14694918044361782,2.3348689263480744,1.2145976802021625,-0.19601428307463395,1.5275252316519468,other
1.1320525803091945,-0.7386675428423712,-0.5034279555987932,-0.1783643167468539,-0.14612211546829074,1.8331690664724063,-1.973996978333624,0.9184771676276685,0.4493264750927811,-0.3036857334050418,1.0469866784197936,1.5642806525131776,0.21583532185748674,0.4608306801939211,0.1337104553845832,-0.7049259983890863,1.6776698100646354,-0.42828956637154025,1.2145976802021625,-0.19601428307463395,-0.6546536707079772,other
1.1320525803091945,-0.24085722530286463,-0.5034279555987932,-0.128458240432681,-0.6161140261430462,-0.699707018463561,-1.1459781115829426,0.9184771676276685,1.8623028118625335,1.7906986349055911,-1.6724592395536964,-0.34105509963441977,0.6555975913307684,0.4608306801939211,0.1337104553845832,-0.7049259983890863,-1.3837714491773996,2.3348689263480744,-0.8233178906068351,-0.19601428307463395,1.5275252316519468,other
1.1320525803091945,0.25695309223664214,-0.5034279555987932,-0.10350520227559457,0.12396373365249641,-0.06648799722956913,1.3380784886691008,-0.8701833340815202,0.4493264750927811,-0.3036857334050418,1.0469866784197936,0.6116127764393787,-0.3998318554051081,0.4608306801939211,0.1337104553845832,1.027078911657809,0.14694918044361782,-0.42828956637154025,-0.8233178906068351,-0.19601428307463395,1.5275252316519468,other
-0.45902623952101557,-0.24085722530286463,1.3440140832958607,0.046213026666924124,0.11297598913445923,-0.699707018463561,-1.973996978333624,0.024146916773074067,1.8623028118625335,-0.3036857334050418,0.14050470576196358,0.6116127764393787,0.39174022964679944,0.4608306801939211,0.1337104553845832,2.759083821704704,-2.9144920787984168,2.3348689263480744,1.2145976802021625,-0.19601428307463395,-0.6546536707079772,other
-1.2545656494361206,1.2525737273156554,0.4202930638485338,0.046213026666924124,-0.39919468275469755,-0.699707018463561,0.5100596219184197,-0.8701833340815202,0.4493264750927811,-0.3036857334050418,-1.6724592395536964,0.6116127764393787,-1.0154990326677027,0.4608306801939211,0.1337104553845832,1.027078911657809,0.14694918044361782,-0.42828956637154025,1.2145976802021625,-0.19601428307463395,1.5275252316519468,young
-0.45902623952101557,0.25695309223664214,-0.5034279555987932,-0.15341127858976747,0.2983498724548944,0.5667310240044227,-1.1459781115829426,0.024146916773074067,-0.963649861676971,-0.3036857334050418,1.0469866784197936,0.6116127764393787,-0.6636892170890771,0.4608306801939211,-1.7495353951025054,-0.7049259983890863,0.14694918044361782,-0.42828956637154025,-0.8233178906068351,-0.19601428307463395,1.5275252316519468,other
1.1320525803091945,1.2525737273156554,-0.5034279555987932,-0.128458240432681,2.7301858446566274,-0.699707018463561,-1.973996978333624,0.9184771676276685,-0.963649861676971,-0.3036857334050418,-0.7659772668958664,0.6116127764393787,-0.83959412487839,0.4608306801939211,0.1337104553845832,1.027078911657809,1.6776698100646354,-0.42828956637154025,1.2145976802021625,-0.19601428307463395,1.5275252316519468,other
-1.2545656494361206,-0.7386675428423712,-0.5034279555987932,-0.1783643167468539,-0.48851441238519405,-0.699707018463561,-0.3179592448322615,0.9184771676276685,-0.963649861676971,3.8850830032162245,1.0469866784197936,-0.34105509963441977,-0.5757367631944208,0.4608306801939211,0.1337104553845832,-0.7049259983890863,0.14694918044361782,-0.42828956637154025,1.2145976802021625,-0.19601428307463395,-0.6546536707079772,other
-1.2545656494361206,0.25695309223664214,1.3440140832958607,-0.10350520227559457,-0.7231559243510223,1.1999500452384144,1.3380784886691008,0.9184771676276685,-0.963649861676971,-0.3036857334050418,1.0469866784197936,-0.34105509963441977,1.8869319458559581,0.4608306801939211,-1.7495353951025054,1.027078911657809,1.6776698100646354,-0.42828956637154025,1.2145976802021625,-0.19601428307463395,-0.6546536707079772,other
0.33651317039408946,0.7547634097761486,1.3440140832958607,-0.10350520227559457,0.13636925165673214,1.8331690664724063,1.3380784886691008,0.9184771676276685,0.4493264750927811,-0.3036857334050418,1.0469866784197936,-0.34105509963441977,1.1833123146987068,-0.9571098742489133,0.1337104553845832,1.027078911657809,-1.3837714491773996,-0.42828956637154025,-0.8233178906068351,-0.19601428307463395,-0.6546536707079772,other
-0.45902623952101557,-0.9875727016121244,1.3440140832958607,-0.10350520227559457,-0.7504480639603407,-0.699707018463561,1.3380784886691008,-0.8701833340815202,0.4493264750927811,-0.3036857334050418,1.0469866784197936,-1.2937229757082183,0.1278828679628304,0.4608306801939211,0.1337104553845832,2.759083821704704,-1.3837714491773996,-0.42828956637154025,-0.8233178906068351,-0.19601428307463395,-0.6546536707079772,other
-1.2545656494361206,0.58882663726298,-0.5034279555987932,-0.1783643167468539,0.26042443169908847,-0.699707018463561,-0.3179592448322615,0.024146916773074067,0.4493264750927811,-0.3036857334050418,-0.7659772668958664,0.6116127764393787,0.8315024991200815,0.4608306801939211,0.1337104553845832,-0.7049259983890863,-1.3837714491773996,-0.42828956637154025,-0.8233178906068351,-0.19601428307463395,1.5275252316519468,other
-0.45902623952101557,0.25695309223664214,-0.5034279555987932,-0.128458240432681,-0.07168900744287696,-0.06648799722956913,1.3380784886691008,0.9184771676276685,0.4493264750927811,-0.3036857334050418,1.0469866784197936,1.5642806525131776,-0.48778430929976446,0.4608306801939211,2.016956305871672,-0.7049259983890863,0.14694918044361782,-0.42828956637154025,-0.8233178906068351,-0.19601428307463395,-0.6546536707079772,other
1.1320525803091945,-1.2364778603818778,1.3440140832958607,-0.10350520227559457,-0.5427442482322813,-0.699707018463561,1.3380784886691008,-0.8701833340815202,1.8623028118625335,-0.3036857334050418,-0.7659772668958664,-1.2937229757082183,-0.48778430929976446,0.4608306801939211,-1.7495353951025054,1.027078911657809,0.14694918044361782,-0.42828956637154025,-0.8233178906068351,-0.19601428307463395,-0.6546536707079772,other
-0.45902623952101557,0.008047933466888762,0.4202930638485338,-0.1783643167468539,-0.32547046147238295,-0.699707018463561,-0.3179592448322615,-1.7645135849361144,-2.376626198446723,-0.3036857334050418,1.0469866784197936,-0.34105509963441977,1.0074074069093941,0.4608306801939211,0.1337104553845832,1.027078911657809,0.14694918044361782,-0.42828956637154025,-0.8233178906068351,-0.19601428307463395,-0.6546536707079772,other
1.1320525803091945,-0.48976238407261785,-0.5034279555987932,-0.1783643167468539,0.10092491450177311,1.8331690664724063,-0.3179592448322615,0.024146916773074067,0.4493264750927811,-0.3036857334050418,-0.7659772668958664,1.5642806525131776,-0.5757367631944208,0.4608306801939211,0.1337104553845832,-0.7049259983890863,0.14694918044361782,-0.42828956637154025,-0.8233178906068351,-0.19601428307463395,-0.6546536707079772,other
1.1320525803091945,0.25695309223664214,-0.5034279555987932,-0.10350520227559457,-0.309874953124201,0.5667310240044227,1.3380784886691008,0.024146916773074067,0.4493264750927811,-0.3036857334050418,-0.7659772668958664,0.6116127764393787,-0.048022039826482565,-2.3750504286917473,0.1337104553845832,1.027078911657809,0.14694918044361782,-0.42828956637154025,1.2145976802021625,-0.19601428307463395,1.5275252316519468,other
-0.45902623952101557,-1.2364778603818778,-0.5034279555987932,-0.05359912596142167,-0.9985584240450532,-0.699707018463561,-1.1459781115829426,0.024146916773074067,1.8623028118625335,-0.3036857334050418,-1.6724592395536964,-0.34105509963441977,-1.1914039404570156,0.4608306801939211,0.1337104553845832,-0.7049259983890863,-1.3837714491773996,-0.42828956637154025,-0.8233178906068351,-0.19601428307463395,-0.6546536707079772,young
-0.45902623952101557,0.7547634097761486,-0.5034279555987932,-0.10350520227559457,-0.551605332521021,1.8331690664724063,-0.3179592448322615,0.9184771676276685,-0.963649861676971,-0.3036857334050418,-1.6724592395536964,0.6116127764393787,-0.83959412487839,0.4608306801939211,0.1337104553845832,-0.7049259983890863,0.14694918044361782,-0.42828956637154025,-0.8233178906068351,-0.19601428307463395,-0.6546536707079772,other
-0.45902623952101557,0.5058582510063955,1.3440140832958607,-0.10350520227559457,-0.26627841842360145,0.5667310240044227,-0.3179592448322615,0.9184771676276685,0.4493264750927811,-0.3036857334050418,-0.7659772668958664,-0.34105509963441977,-1.1034514865623593,0.4608306801939211,0.1337104553845832,1.027078911657809,-1.3837714491773996,-0.42828956637154025,-0.8233178906068351,-0.19601428307463395,1.5275252316519468,young
1.1320525803091945,-0.48976238407261785,-0.5034279555987932,-0.10350520227559457,0.10517823496036821,-0.699707018463561,1.3380784886691008,0.9184771676276685,-0.963649861676971,-0.3036857334050418,-0.7659772668958664,0.6116127764393787,1.623074584171989,-2.3750504286917473,-1.7495353951025054,-0.7049259983890863,1.6776698100646354,-0.42828956637154025,1.2145976802021625,-0.19601428307463395,-0.6546536707079772,other
1.1320525803091945,1.7503840448551622,-0.5034279555987932,-0.10350520227559457,1.380465485795791,1.8331690664724063,0.5100596219184197,-0.8701833340815202,1.8623028118625335,-0.3036857334050418,1.0469866784197936,-0.34105509963441977,-0.5757367631944208,0.4608306801939211,-1.7495353951025054,-0.7049259983890863,0.14694918044361782,-0.42828956637154025,1.2145976802021625,-0.19601428307463395,-0.6546536707079772,other
-1.2545656494361206,-0.8216359290989557,1.3440140832958607,-0.1783643167468539,0.23667672580526597,-0.699707018463561,-0.3179592448322615,-1.7645135849361144,0.4493264750927811,-0.3036857334050418,-0.7659772668958664,-1.2937229757082183,0.39174022964679944,0.4608306801939211,0.1337104553845832,1.027078911657809,-1.3837714491773996,2.3348689263480744,-0.8233178906068351,-0.19601428307463395,-0.6546536707079772,other
-0.45902623952101557,-0.48976238407261785,-0.5034279555987932,-0.05359912596142167,-0.6228484502024885,-0.06648799722956913,-0.3179592448322615,0.9184771676276685,0.4493264750927811,3.8850830032162245,-0.7659772668958664,-1.2937229757082183,-1.1914039404570156,0.4608306801939211,0.1337104553845832,-0.7049259983890863,0.14694918044361782,-0.42828956637154025,-0.8233178906068351,-0.19601428307463395,-0.6546536707079772,young
1.1320525803091945,0.25695309223664214,-0.5034279555987932,-0.1783643167468539,1.4609241311375478,-0.699707018463561,-0.3179592448322615,-1.7645135849361144,0.4493264750927811,-0.3036857334050418,1.0469866784197936,-0.34105509963441977,0.6555975913307684,0.4608306801939211,0.1337104553845832,-0.7049259983890863,-1.3837714491773996,2.3348689263480744,-0.8233178906068351,-0.19601428307463395,-0.6546536707079772,other
-1.2545656494361206,0.25695309223664214,-1.4271489750461201,-0.1783643167468539,-0.7366247724699067,-0.699707018463561,-1.973996978333624,-1.7645135849361144,-0.963649861676971,1.7906986349055911,1.0469866784197936,1.5642806525131776,-0.5757367631944208,0.4608306801939211,-1.7495353951025054,1.027078911657809,-2.9144920787984168,-0.42828956637154025,-0.8233178906068351,-0.19601428307463395,1.5275252316519468,other
-1.2545656494361206,3.243814997473682,-0.5034279555987932,0.046213026666924124,1.4268975674687874,-0.699707018463561,1.3380784886691008,0.9184771676276685,0.4493264750927811,1.7906986349055911,1.0469866784197936,1.5642806525131776,0.039930414068173783,0.4608306801939211,-1.7495353951025054,-0.7049259983890863,0.14694918044361782,-0.42828956637154025,-0.8233178906068351,-0.19601428307463395,1.5275252316519468,other
1.1320525803091945,0.7547634097761486,1.3440140832958607,-0.10350520227559457,-0.15604652987167913,-0.699707018463561,-0.3179592448322615,0.9184771676276685,-0.963649861676971,-0.3036857334050418,-0.7659772668958664,0.6116127764393787,-0.22392694761579526,0.4608306801939211,0.1337104553845832,-0.7049259983890863,0.14694918044361782,-0.42828956637154025,1.2145976802021625,-0.19601428307463395,-0.6546536707079772,other
0.33651317039408946,0.25695309223664214,-0.5034279555987932,-0.10350520227559457,-0.7135859533191834,0.5667310240044227,-0.3179592448322615,0.024146916773074067,-0.963649861676971,-0.3036857334050418,0.14050470576196358,0.6116127764393787,1.8869319458559581,0.4608306801939211,0.1337104553845832,-0.7049259983890863,-1.3837714491773996,-0.42828956637154025,-0.8233178906068351,-0.19601428307463395,-0.6546536707079772,other
-0.45902623952101557,-1.2364778603818778,-0.5034279555987932,-0.10350520227559457,-0.892579855951726,-0.699707018463561,-0.3179592448322615,-0.8701833340815202,-0.963649861676971,3.8850830032162245,0.14050470576196358,-1.2937229757082183,2.502599123118553,0.4608306801939211,0.1337104553845832,-0.7049259983890863,0.14694918044361782,-0.42828956637154025,-0.8233178906068351,-0.19601428307463395,-0.6546536707079772,other
-0.45902623952101557,-0.24085722530286463,0.4202930638485338,0.046213026666924124,-0.29924165197771335,1.8331690664724063,1.3380784886691008,0.9184771676276685,0.4493264750927811,-0.3036857334050418,-0.7659772668958664,-0.34105509963441977,0.5676451374361121,0.4608306801939211,0.1337104553845832,1.027078911657809,0.14694918044361782,-0.42828956637154025,-0.8233178906068351,-0.19601428307463395,-0.6546536707079772,other
1.1320525803091945,0.25695309223664214,0.4202930638485338,-0.1783643167468539,-0.25989843773570886,-0.699707018463561,1.3380784886691008,0.9184771676276685,0.4493264750927811,-0.3036857334050418,1.0469866784197936,0.6116127764393787,1.0074074069093941,0.4608306801939211,0.1337104553845832,1.027078911657809,-1.3837714491773996,2.3348689263480744,-0.8233178906068351,-0.19601428307463395,1.5275252316519468,other
-0.45902623952101557,-0.48976238407261785,-1.4271489750461201,-0.1783643167468539,-0.7114592930898858,-0.06648799722956913,-0.3179592448322615,-0.8701833340815202,1.8623028118625335,-0.3036857334050418,-0.7659772668958664,-0.34105509963441977,-0.9275465787730464,0.4608306801939211,-1.7495353951025054,-0.7049259983890863,0.14694918044361782,-0.42828956637154025,-0.8233178906068351,-0.19601428307463395,1.5275252316519468,young
-0.45902623952101557,0.7547634097761486,1.3440140832958607,-0.128458240432681,1.81288639908629,-0.699707018463561,0.5100596219184197,-0.8701833340815202,0.4493264750927811,-0.3036857334050418,-0.7659772668958664,-0.34105509963441977,1.1833123146987068,0.4608306801939211,0.1337104553845832,-0.7049259983890863,0.14694918044361782,-0.42828956637154025,-0.8233178906068351,-0.19601428307463395,1.5275252316519468,other
1.1320525803091945,2.2481943623946687,-0.5034279555987932,0.046213026666924124,0.5574479770576444,-0.699707018463561,-1.973996978333624,0.024146916773074067,0.4493264750927811,-0.3036857334050418,-0.7659772668958664,0.6116127764393787,-0.22392694761579526,-2.3750504286917473,-1.7495353951025054,-0.7049259983890863,1.6776698100646354,-0.42828956637154025,1.2145976802021625,-0.19601428307463395,1.5275252316519468,other
0.33651317039408946,0.008047933466888762,-0.5034279555987932,-0.1783643167468539,-0.12343773968911703,-0.06648799722956913,-0.3179592448322615,-1.7645135849361144,-0.963649861676971,-0.3036857334050418,-1.6724592395536964,0.6116127764393787,-0.6636892170890771,-2.3750504286917473,0.1337104553845832,-0.7049259983890863,1.6776698100646354,-0.42828956637154025,1.2145976802021625,-0.19601428307463395,-0.6546536707079772,other
-1.2545656494361206,1.2525737273156554,-0.5034279555987932,-0.15341127858976747,1.7572387897530046,-0.699707018463561,-0.3179592448322615,-0.8701833340815202,0.4493264750927811,-0.3036857334050418,-0.7659772668958664,-0.34105509963441977,-0.83959412487839,0.4608306801939211,0.1337104553845832,-0.7049259983890863,0.14694918044361782,2.3348689263480744,-0.8233178906068351,-0.19601428307463395,1.5275252316519468,other
1.1320525803091945,0.25695309223664214,1.3440140832958607,-0.128458240432681,-0.44066455722599945,-0.699707018463561,0.5100596219184197,-0.8701833340815202,0.4493264750927811,-0.3036857334050418,-0.7659772668958664,-0.34105509963441977,-0.48778430929976446,0.4608306801939211,0.1337104553845832,1.027078911657809,-1.3837714491773996,-0.42828956637154025,-0.8233178906068351,-0.19601428307463395,-0.6546536707079772,other
-1.2545656494361206,-0.48976238407261785,1.3440140832958607,-0.128458240432681,-0.6515583632980052,-0.699707018463561,-0.3179592448322615,0.9184771676276685,-0.963649861676971,-0.3036857334050418,0.14050470576196358,-0.34105509963441977,-0.9275465787730464,0.4608306801939211,-1.7495353951025054,1.027078911657809,0.14694918044361782,-0.42828956637154025,-0.8233178906068351,-0.19601428307463395,-0.6546536707079772,young
0.33651317039408946,1.7503840448551622,-2.350869994493447,0.046213026666924124,1.0696186489468011,-0.699707018463561,-1.1459781115829426,-0.8701833340815202,-2.376626198446723,-0.3036857334050418,-1.6724592395536964,-0.34105509963441977,-0.22392694761579526,0.4608306801939211,0.1337104553845832,1.027078911657809,0.14694918044361782,-0.42828956637154025,-0.8233178906068351,-0.19601428307463395,-0.6546536707079772,other
1.1320525803091945,-0.6556991565857868,-0.5034279555987932,-0.10350520227559457,-0.6600650042151953,-0.06648799722956913,-1.973996978333624,-0.8701833340815202,-0.963649861676971,-0.3036857334050418,1.0469866784197936,-1.2937229757082183,2.502599123118553,0.4608306801939211,0.1337104553845832,-0.7049259983890863,0.14694918044361782,-0.42828956637154025,-0.8233178906068351,-0.19601428307463395,-0.6546536707079772,other
-1.2545656494361206,0.25695309223664214,-0.5034279555987932,-0.15341127858976747,1.172407226696182,-0.699707018463561,-1.973996978333624,0.9184771676276685,0.4493264750927811,-0.3036857334050418,-0.7659772668958664,1.5642806525131776,-0.5757367631944208,0.4608306801939211,2.016956305871672,-0.7049259983890863,1.6776698100646354,-0.42828956637154025,1.2145976802021625,-0.19601428307463395,-0.6546536707079772,other
-0.45902623952101557,0.25695309223664214,1.3440140832958607,-0.10350520227559457,-0.5416809181176325,-0.699707018463561,1.3380784886691008,0.9184771676276685,0.4493264750927811,-0.3036857334050418,-0.7659772668958664,-0.34105509963441977,1.095359860804051,0.4608306801939211,0.1337104553845832,1.027078911657809,-1.3837714491773996,-0.42828956637154025,-0.8233178906068351,-0.19601428307463395,-0.6546536707079772,other
1.1320525803091945,-0.7386675428423712,1.3440140832958607,-0.02864608780433522,0.10411490484571943,1.8331690664724063,-1.1459781115829426,-0.8701833340815202,0.4493264750927811,-0.3036857334050418,-1.6724592395536964,-0.34105509963441977,0.1278828679628304,0.4608306801939211,0.1337104553845832,1.027078911657809,-1.3837714491773996,2.3348689263480744,-0.8233178906068351,-0.19601428307463395,-0.6546536707079772,other
1.1320525803091945,-0.48976238407261785,-1.4271489750461201,-0.10350520227559457,-0.6033540647672611,-0.06648799722956913,1.3380784886691008,0.9184771676276685,0.4493264750927811,-0.3036857334050418,1.0469866784197936,0.6116127764393787,-0.13597449372113893,-2.3750504286917473,0.1337104553845832,-0.7049259983890863,-1.3837714491773996,2.3348689263480744,-0.8233178906068351,-0.19601428307463395,-0.6546536707079772,other
-1.2545656494361206,-0.24085722530286463,-0.5034279555987932,-0.10350520227559457,-0.47327334740856175,1.8331690664724063,0.5100596219184197,-0.8701833340815202,1.8623028118625335,-0.3036857334050418,1.0469866784197936,0.6116127764393787,-1.1034514865623593,0.4608306801939211,-1.7495353951025054,1.027078911657809,-1.3837714491773996,-0.42828956637154025,-0.8233178906068351,-0.19601428307463395,-0.6546536707079772,young
-1.2545656494361206,1.2525737273156554,-0.5034279555987932,-0.128458240432681,0.2437655932362578,-0.699707018463561,-1.973996978333624,0.9184771676276685,0.4493264750927811,-0.3036857334050418,0.14050470576196358,-0.34105509963441977,-0.48778430929976446,0.4608306801939211,0.1337104553845832,-0.7049259983890863,1.6776698100646354,-0.42828956637154025,1.2145976802021625,-0.19601428307463395,-0.6546536707079772,other
1.1320525803091945,-0.7386675428423712,-0.5034279555987932,-0.1783643167468539,-0.3123560567250481,1.8331690664724063,1.3380784886691008,0.9184771676276685,0.4493264750927811,-0.3036857334050418,0.14050470576196358,0.6116127764393787,1.2712647685933636,0.4608306801939211,0.1337104553845832,-0.7049259983890863,0.14694918044361782,-0.42828956637154025,1.2145976802021625,-0.19601428307463395,-0.6546536707079772,other
1.1320525803091945,-0.7386675428423712,-0.5034279555987932,-0.128458240432681,-0.5441620217184796,-0.699707018463561,0.5100596219184197,0.024146916773074067,-0.963649861676971,-0.3036857334050418,1.0469866784197936,-1.2937229757082183,-0.3998318554051081,0.4608306801939211,0.1337104553845832,-0.7049259983890863,-1.3837714491773996,-0.42828956637154025,-0.8233178906068351,-0.19601428307463395,-0.6546536707079772,other
-1.2545656494361206,0.7547634097761486,-0.5034279555987932,-0.15341127858976747,0.2076123693381996,-0.699707018463561,-0.3179592448322615,0.9184771676276685,-2.376626198446723,-0.3036857334050418,1.0469866784197936,-0.34105509963441977,0.39174022964679944,0.4608306801939211,0.1337104553845832,-0.7049259983890863,1.6776698100646354,-0.42828956637154025,1.2145976802021625,-0.19601428307463395,-0.6546536707079772,other
1.1320525803091945,-0.7386675428423712,-0.5034279555987932,-0.10350520227559457,-0.874503244002697,-0.699707018463561,1.3380784886691008,0.9184771676276685,0.4493264750927811,-0.3036857334050418,1.0469866784197936,0.6116127764393787,0.21583532185748674,0.4608306801939211,0.1337104553845832,-0.7049259983890863,0.14694918044361782,-0.42828956637154025,-0.8233178906068351,-0.19601428307463395,-0.6546536707079772,other
-1.2545656494361206,1.9992892036249152,-0.5034279555987932,-0.10350520227559457,-0.5055276942195743,-0.699707018463561,-0.3179592448322615,0.9184771676276685,0.4493264750927811,-0.3036857334050418,1.0469866784197936,1.5642806525131776,-1.1034514865623593,0.4608306801939211,2.016956305871672,-0.7049259983890863,0.14694918044361782,-0.42828956637154025,1.2145976802021625,-0.19601428307463395,1.5275252316519468,young
-0.45902623952101557,1.9992892036249152,1.3440140832958607,-0.15341127858976747,0.46245715348235444,-0.06648799722956913,-1.973996978333624,0.024146916773074067,0.4493264750927811,-0.3036857334050418,1.0469866784197936,0.6116127764393787,-0.7516416709837337,0.4608306801939211,0.1337104553845832,-0.7049259983890863,0.14694918044361782,-0.42828956637154025,-0.8233178906068351,-0.19601428307463395,-0.6546536707079772,other
