GeneratedScore,StatusExistingAcc,DurationMonth,CreditHistory,Purpose,CreditAmount,SavingsAccount,EmploymentLength,InstallmentRate,MarriedNSex,Debtors,ResidenceLength,Property,Age,InstallmentPlans,Housing,ExistingCredit,Job,NumPeopleLiable,Telephone,ForeignWorker,CreditEval,AgeBinary
9.054259801375132,-0.4590262395210155,3.243814997473682,-1.42714897504612,9.054259801375132,4.0799062035174645,-0.0664879972295691,1.3380784886691008,0.024146916773074,-0.963649861676971,-0.3036857334050418,1.0469866784197936,1.5642806525131776,2.150789307539927,-2.3750504286917478,2.016956305871672,1.027078911657809,1.6776698100646354,-0.4282895663715402,1.2145976802021623,-0.1960142830746339,1.5275252316519468,other
9.054259801375132,1.1320525803091943,0.2569530922366421,1.3440140832958607,9.054259801375132,1.0784797332355407,-0.699707018463561,-1.973996978333624,0.9184771676276684,0.4493264750927811,1.7906986349055911,-0.7659772668958664,1.5642806525131776,-0.7516416709837337,-2.3750504286917478,0.1337104553845832,1.027078911657809,1.6776698100646354,-0.4282895663715402,1.2145976802021623,-0.1960142830746339,-0.6546536707079772,other
9.054259801375132,-1.2545656494361206,0.2569530922366421,-0.5034279555987932,9.054259801375132,-0.5374275976590374,-0.699707018463561,1.3380784886691008,0.9184771676276684,-0.963649861676971,3.885083003216225,1.0469866784197936,-1.2937229757082185,1.9748843997506145,0.4608306801939211,0.1337104553845832,-0.7049259983890863,-1.3837714491773996,-0.4282895663715402,1.2145976802021623,-0.1960142830746339,-0.6546536707079772,other
9.054259801375132,-0.4590262395210155,0.2569530922366421,1.3440140832958607,9.054259801375132,3.071869254830432,-0.699707018463561,-0.3179592448322615,-0.8701833340815202,0.4493264750927811,1.7906986349055911,0.1405047057619635,0.6116127764393787,0.3037877757521431,0.4608306801939211,0.1337104553845832,1.027078911657809,1.6776698100646354,2.3348689263480744,1.2145976802021623,-0.1960142830746339,1.5275252316519468,other
9.054259801375132,-1.2545656494361206,1.2525737273156554,-0.5034279555987932,9.054259801375132,4.460932827933273,-0.699707018463561,-1.973996978333624,-0.8701833340815202,-2.376626198446723,1.7906986349055911,0.1405047057619635,0.6116127764393787,0.6555975913307684,0.4608306801939211,0.1337104553845832,-0.7049259983890863,1.6776698100646354,-0.4282895663715402,-0.8233178906068351,-0.1960142830746339,-0.6546536707079772,other
9.054259801375132,-0.4590262395210155,-0.0749204527896957,0.4202930638485338,9.054259801375132,-0.2276440909246961,-0.699707018463561,-0.3179592448322615,-0.8701833340815202,0.4493264750927811,-0.3036857334050418,0.1405047057619635,0.6116127764393787,-0.5757367631944208,-2.3750504286917478,0.1337104553845832,1.027078911657809,0.1469491804436178,-0.4282895663715402,1.2145976802021623,-0.1960142830746339,-0.6546536707079772,other
9.054259801375132,-0.4590262395210155,0.2569530922366421,-0.5034279555987932,9.054259801375132,2.8556587981851824,-0.699707018463561,-0.3179592448322615,-0.8701833340815202,0.4493264750927811,1.7906986349055911,0.1405047057619635,0.6116127764393787,-0.5757367631944208,-2.3750504286917478,0.1337104553845832,1.027078911657809,1.6776698100646354,-0.4282895663715402,1.2145976802021623,-0.1960142830746339,1.5275252316519468,other
9.054259801375132,-1.2545656494361206,0.2569530922366421,-1.42714897504612,9.054259801375132,-0.6781416161642244,1.8331690664724063,1.3380784886691008,0.9184771676276684,0.4493264750927811,-0.3036857334050418,0.1405047057619635,0.6116127764393787,0.3917402296467994,-0.9571098742489133,0.1337104553845832,-0.7049259983890863,1.6776698100646354,-0.4282895663715402,1.2145976802021623,-0.1960142830746339,1.5275252316519468,other
9.054259801375132,-0.4590262395210155,2.2481943623946687,-0.5034279555987932,9.054259801375132,0.7477840675797741,1.8331690664724063,-1.973996978333624,0.024146916773074,0.4493264750927811,-0.3036857334050418,1.0469866784197936,1.5642806525131776,0.3917402296467994,-2.3750504286917478,2.016956305871672,-0.7049259983890863,-2.9144920787984168,-0.4282895663715402,1.2145976802021623,-0.1960142830746339,-0.6546536707079772,other
9.054259801375132,-0.4590262395210155,2.2481943623946687,0.4202930638485338,9.054259801375132,1.5279139283604202,-0.0664879972295691,-1.973996978333624,-0.8701833340815202,0.4493264750927811,-0.3036857334050418,1.0469866784197936,1.5642806525131776,-0.3998318554051081,0.4608306801939211,2.016956305871672,-0.7049259983890863,1.6776698100646354,-0.4282895663715402,1.2145976802021623,-0.1960142830746339,-0.6546536707079772,other
9.054259801375132,-1.2545656494361206,-1.070541087868709,1.3440140832958607,9.054259801375132,-0.7469036302448447,-0.699707018463561,1.3380784886691008,0.024146916773074,0.4493264750927811,-0.3036857334050418,1.0469866784197936,1.5642806525131776,1.3592172224880197,-2.3750504286917478,2.016956305871672,1.027078911657809,1.6776698100646354,2.3348689263480744,1.2145976802021623,-0.1960142830746339,-0.6546536707079772,other
9.054259801375132,-0.4590262395210155,2.2481943623946687,-2.350869994493447,9.054259801375132,5.370788962701069,-0.699707018463561,-0.3179592448322615,-1.7645135849361144,-0.963649861676971,-0.3036857334050418,-0.7659772668958664,-0.3410550996344197,-0.3118794015104516,-2.3750504286917478,0.1337104553845832,-0.7049259983890863,1.6776698100646354,-0.4282895663715402,1.2145976802021623,5.101669043266824,1.5275252316519468,other
0.0462130266669241,1.1320525803091943,0.2569530922366421,0.4202930638485338,0.0462130266669241,-0.1039433542538894,1.8331690664724063,-0.3179592448322615,0.9184771676276684,0.4493264750927811,-0.3036857334050418,1.0469866784197936,-1.2937229757082185,-0.3118794015104516,0.4608306801939211,0.1337104553845832,1.027078911657809,0.1469491804436178,2.3348689263480744,1.2145976802021623,-0.1960142830746339,-0.6546536707079772,other
0.0462130266669241,-0.4590262395210155,-0.5727307703292023,-0.5034279555987932,0.0462130266669241,-0.6597105608436458,0.5667310240044227,1.3380784886691008,-1.7645135849361144,1.862302811862533,-0.3036857334050418,-0.7659772668958664,-1.2937229757082185,-0.0480220398264825,0.4608306801939211,0.1337104553845832,-0.7049259983890863,0.1469491804436178,-0.4282895663715402,1.2145976802021623,-0.1960142830746339,-0.6546536707079772,other
0.0462130266669241,1.1320525803091943,-0.7386675428423712,1.3440140832958607,0.0462130266669241,-0.3470915071369079,-0.699707018463561,-1.973996978333624,0.9184771676276684,0.4493264750927811,-0.3036857334050418,-0.7659772668958664,0.6116127764393787,0.5676451374361121,-0.9571098742489133,0.1337104553845832,1.027078911657809,1.6776698100646354,-0.4282895663715402,1.2145976802021623,-0.1960142830746339,1.5275252316519468,other
0.0462130266669241,-1.2545656494361206,1.9992892036249152,-2.350869994493447,0.0462130266669241,3.028627163501382,-0.699707018463561,1.3380784886691008,-0.8701833340815202,0.4493264750927811,-0.3036857334050418,1.0469866784197936,0.6116127764393787,-0.5757367631944208,0.4608306801939211,-1.7495353951025054,1.027078911657809,0.1469491804436178,-0.4282895663715402,-0.8233178906068351,-0.1960142830746339,1.5275252316519468,other
0.0462130266669241,-1.2545656494361206,0.5058582510063955,-2.350869994493447,0.0462130266669241,0.71659305088341,-0.699707018463561,-1.973996978333624,-0.8701833340815202,0.4493264750927811,-0.3036857334050418,1.0469866784197936,-0.3410550996344197,1.2712647685933636,-0.9571098742489133,0.1337104553845832,1.027078911657809,0.1469491804436178,-0.4282895663715402,1.2145976802021623,-0.1960142830746339,1.5275252316519468,other
0.0462130266669241,1.1320525803091943,0.2569530922366421,0.4202930638485338,0.0462130266669241,-0.3176727072982919,0.5667310240044227,-0.3179592448322615,0.9184771676276684,0.4493264750927811,-0.3036857334050418,-0.7659772668958664,0.6116127764393787,0.7435500452254251,0.4608306801939211,0.1337104553845832,1.027078911657809,0.1469491804436178,2.3348689263480744,1.2145976802021623,-0.1960142830746339,-0.6546536707079772,other
0.0462130266669241,-0.4590262395210155,2.2481943623946687,0.4202930638485338,0.0462130266669241,1.2085604505942402,1.8331690664724063,-0.3179592448322615,0.9184771676276684,0.4493264750927811,-0.3036857334050418,1.0469866784197936,1.5642806525131776,0.2158353218574867,0.4608306801939211,2.016956305871672,-0.7049259983890863,0.1469491804436178,2.3348689263480744,1.2145976802021623,-0.1960142830746339,-0.6546536707079772,other
0.0462130266669241,-0.4590262395210155,-0.2408572253028646,1.3440140832958607,0.0462130266669241,0.1129759891344592,-0.699707018463561,-1.973996978333624,0.024146916773074,1.862302811862533,-0.3036857334050418,0.1405047057619635,0.6116127764393787,0.3917402296467994,0.4608306801939211,0.1337104553845832,2.759083821704704,-2.9144920787984168,2.3348689263480744,1.2145976802021623,-0.1960142830746339,-0.6546536707079772,other
0.0462130266669241,1.1320525803091943,-0.2408572253028646,-2.350869994493447,0.0462130266669241,0.3167809277754732,-0.699707018463561,-0.3179592448322615,-0.8701833340815202,0.4493264750927811,-0.3036857334050418,-0.7659772668958664,0.6116127764393787,0.0399304140681737,-0.9571098742489133,0.1337104553845832,1.027078911657809,0.1469491804436178,2.3348689263480744,-0.8233178906068351,-0.1960142830746339,1.5275252316519468,other
0.0462130266669241,-1.2545656494361206,1.2525737273156554,0.4202930638485338,0.0462130266669241,-0.3991946827546975,-0.699707018463561,0.5100596219184197,-0.8701833340815202,0.4493264750927811,-0.3036857334050418,-1.6724592395536964,0.6116127764393787,-1.0154990326677027,0.4608306801939211,0.1337104553845832,1.027078911657809,0.1469491804436178,-0.4282895663715402,1.2145976802021623,-0.1960142830746339,1.5275252316519468,young
0.0462130266669241,1.1320525803091943,-1.3194462466384622,-0.5034279555987932,0.0462130266669241,0.0626450303744175,-0.699707018463561,0.5100596219184197,-1.7645135849361144,0.4493264750927811,-0.3036857334050418,1.0469866784197936,-1.2937229757082185,3.3821236620651165,0.4608306801939211,0.1337104553845832,-0.7049259983890863,-1.3837714491773996,-0.4282895663715402,-0.8233178906068351,-0.1960142830746339,-0.6546536707079772,other
0.0462130266669241,1.1320525803091943,0.2569530922366421,-0.5034279555987932,0.0462130266669241,0.4677738040555981,1.1999500452384144,-0.3179592448322615,-0.8701833340815202,0.4493264750927811,-0.3036857334050418,0.1405047057619635,-0.3410550996344197,1.623074584171989,0.4608306801939211,0.1337104553845832,2.759083821704704,1.6776698100646354,-0.4282895663715402,1.2145976802021623,-0.1960142830746339,1.5275252316519468,other
0.0462130266669241,0.3365131703940894,-0.7386675428423712,-1.42714897504612,0.0462130266669241,-0.9436197014548668,-0.699707018463561,-1.1459781115829426,0.9184771676276684,-0.963649861676971,-0.3036857334050418,-1.6724592395536964,-1.2937229757082185,-0.83959412487839,0.4608306801939211,0.1337104553845832,-0.7049259983890863,-2.9144920787984168,-0.4282895663715402,-0.8233178906068351,-0.1960142830746339,1.5275252316519468,other
0.0462130266669241,-0.4590262395210155,2.2481943623946687,-2.350869994493447,0.0462130266669241,0.2030046055080549,-0.0664879972295691,0.5100596219184197,0.9184771676276684,0.4493264750927811,-0.3036857334050418,1.0469866784197936,1.5642806525131776,-0.1359744937211389,0.4608306801939211,2.016956305871672,-0.7049259983890863,-1.3837714491773996,2.3348689263480744,-0.8233178906068351,-0.1960142830746339,1.5275252316519468,other
0.0462130266669241,-0.4590262395210155,-1.2364778603818778,0.4202930638485338,0.0462130266669241,-0.6458872693532118,-0.0664879972295691,1.3380784886691008,-1.7645135849361144,-2.376626198446723,-0.3036857334050418,-0.7659772668958664,0.6116127764393787,-0.3998318554051081,-2.3750504286917478,0.1337104553845832,1.027078911657809,0.1469491804436178,2.3348689263480744,-0.8233178906068351,-0.1960142830746339,-0.6546536707079772,other
0.0462130266669241,-0.4590262395210155,0.5058582510063955,-0.5034279555987932,0.0462130266669241,0.2281700848880757,-0.699707018463561,-0.3179592448322615,0.9184771676276684,0.4493264750927811,-0.3036857334050418,-0.7659772668958664,0.6116127764393787,0.0399304140681737,0.4608306801939211,0.1337104553845832,-0.7049259983890863,0.1469491804436178,2.3348689263480744,1.2145976802021623,-0.1960142830746339,1.5275252316519468,other
0.0462130266669241,1.1320525803091943,-0.8216359290989557,-0.5034279555987932,0.0462130266669241,-0.4002580128693463,1.1999500452384144,1.3380784886691008,-1.7645135849361144,-2.376626198446723,-0.3036857334050418,-0.7659772668958664,-1.2937229757082185,-0.6636892170890771,0.4608306801939211,0.1337104553845832,-0.7049259983890863,0.1469491804436178,-0.4282895663715402,1.2145976802021623,-0.1960142830746339,-0.6546536707079772,other
0.0462130266669241,-0.4590262395210155,-1.070541087868709,-0.5034279555987932,0.0462130266669241,-0.8379955767330892,-0.699707018463561,-1.1459781115829426,0.024146916773074,1.862302811862533,-0.3036857334050418,-0.7659772668958664,-1.2937229757082185,-0.83959412487839,0.4608306801939211,0.1337104553845832,-0.7049259983890863,0.1469491804436178,-0.4282895663715402,1.2145976802021623,-0.1960142830746339,-0.6546536707079772,other
0.0462130266669241,1.1320525803091943,1.003668568545902,0.4202930638485338,0.0462130266669241,-0.1797942357655016,-0.699707018463561,-0.3179592448322615,-0.8701833340815202,-0.963649861676971,-0.3036857334050418,-0.7659772668958664,0.6116127764393787,-0.83959412487839,0.4608306801939211,0.1337104553845832,1.027078911657809,0.1469491804436178,-0.4282895663715402,1.2145976802021623,-0.1960142830746339,-0.6546536707079772,other
0.0462130266669241,-0.4590262395210155,-0.2408572253028646,-0.5034279555987932,0.0462130266669241,-0.2301251945255433,-0.0664879972295691,-0.3179592448322615,0.9184771676276684,0.4493264750927811,-0.3036857334050418,1.0469866784197936,0.6116127764393787,-0.1359744937211389,0.4608306801939211,0.1337104553845832,-0.7049259983890863,0.1469491804436178,-0.4282895663715402,-0.8233178906068351,-0.1960142830746339,-0.6546536707079772,other
0.0462130266669241,-0.4590262395210155,2.746004679934176,-2.350869994493447,0.0462130266669241,4.492123844629637,-0.699707018463561,-1.1459781115829426,0.024146916773074,0.4493264750927811,-0.3036857334050418,1.0469866784197936,1.5642806525131776,1.9748843997506145,0.4608306801939211,-1.7495353951025054,-0.7049259983890863,0.1469491804436178,-0.4282895663715402,1.2145976802021623,-0.1960142830746339,1.5275252316519468,other
0.0462130266669241,-0.4590262395210155,-0.7386675428423712,-0.5034279555987932,0.0462130266669241,-0.7919179384316426,-0.0664879972295691,0.5100596219184197,0.024146916773074,0.4493264750927811,-0.3036857334050418,1.0469866784197936,-1.2937229757082185,0.3037877757521431,0.4608306801939211,0.1337104553845832,-0.7049259983890863,-1.3837714491773996,-0.4282895663715402,-0.8233178906068351,-0.1960142830746339,-0.6546536707079772,other
0.0462130266669241,-0.4590262395210155,0.5058582510063955,-2.350869994493447,0.0462130266669241,1.788784249820918,-0.699707018463561,1.3380784886691008,-0.8701833340815202,-0.963649861676971,-0.3036857334050418,1.0469866784197936,1.5642806525131776,0.5676451374361121,0.4608306801939211,2.016956305871672,1.027078911657809,1.6776698100646354,-0.4282895663715402,1.2145976802021623,-0.1960142830746339,1.5275252316519468,other
0.0462130266669241,-0.4590262395210155,0.0080479334668887,-0.5034279555987932,0.0462130266669241,-0.7383969893276546,-0.699707018463561,1.3380784886691008,-0.8701833340815202,-0.963649861676971,-0.3036857334050418,1.0469866784197936,-0.3410550996344197,0.3037877757521431,0.4608306801939211,0.1337104553845832,-0.7049259983890863,0.1469491804436178,2.3348689263480744,-0.8233178906068351,-0.1960142830746339,1.5275252316519468,other
0.0462130266669241,1.1320525803091943,-0.7386675428423712,1.3440140832958607,0.0462130266669241,-0.6590016741005467,-0.699707018463561,-0.3179592448322615,0.9184771676276684,-0.963649861676971,3.885083003216225,-0.7659772668958664,-1.2937229757082185,-0.5757367631944208,0.4608306801939211,0.1337104553845832,1.027078911657809,1.6776698100646354,-0.4282895663715402,1.2145976802021623,-0.1960142830746339,-0.6546536707079772,other
0.0462130266669241,-1.2545656494361206,0.2569530922366421,-0.5034279555987932,0.0462130266669241,1.1685083496091364,-0.699707018463561,-0.3179592448322615,-0.8701833340815202,1.862302811862533,-0.3036857334050418,-0.7659772668958664,0.6116127764393787,-1.279356394351672,-0.9571098742489133,0.1337104553845832,-0.7049259983890863,-1.3837714491773996,-0.4282895663715402,-0.8233178906068351,-0.1960142830746339,-0.6546536707079772,young
0.0462130266669241,1.1320525803091943,-0.2408572253028646,-0.5034279555987932,0.0462130266669241,-0.6037085081388106,-0.0664879972295691,-0.3179592448322615,0.024146916773074,-0.963649861676971,-0.3036857334050418,1.0469866784197936,-0.3410550996344197,-1.0154990326677027,0.4608306801939211,-1.7495353951025054,-0.7049259983890863,-1.3837714491773996,-0.4282895663715402,-0.8233178906068351,-0.1960142830746339,-0.6546536707079772,young
0.0462130266669241,-0.4590262395210155,-0.2408572253028646,-0.5034279555987932,0.0462130266669241,-0.4715011305508138,1.1999500452384144,-0.3179592448322615,0.9184771676276684,0.4493264750927811,-0.3036857334050418,-0.7659772668958664,-0.3410550996344197,-0.0480220398264825,0.4608306801939211,0.1337104553845832,-0.7049259983890863,-1.3837714491773996,-0.4282895663715402,1.2145976802021623,-0.1960142830746339,-0.6546536707079772,other
0.0462130266669241,0.3365131703940894,-0.4897623840726178,-0.5034279555987932,0.0462130266669241,-0.20708637537482,-0.699707018463561,0.5100596219184197,-0.8701833340815202,0.4493264750927811,-0.3036857334050418,1.0469866784197936,-0.3410550996344197,-0.83959412487839,0.4608306801939211,-1.7495353951025054,-0.7049259983890863,0.1469491804436178,-0.4282895663715402,1.2145976802021623,-0.1960142830746339,-0.6546536707079772,other
0.0462130266669241,1.1320525803091943,0.2569530922366421,0.4202930638485338,0.0462130266669241,1.9057505624322824,-0.699707018463561,-1.1459781115829426,-0.8701833340815202,0.4493264750927811,-0.3036857334050418,-0.7659772668958664,0.6116127764393787,-0.7516416709837337,-2.3750504286917478,0.1337104553845832,1.027078911657809,0.1469491804436178,-0.4282895663715402,1.2145976802021623,-0.1960142830746339,1.5275252316519468,other
0.0462130266669241,-0.4590262395210155,-0.2408572253028646,1.3440140832958607,0.0462130266669241,-0.4906410726144916,1.8331690664724063,-0.3179592448322615,0.9184771676276684,1.862302811862533,-0.3036857334050418,1.0469866784197936,-1.2937229757082185,-0.6636892170890771,-2.3750504286917478,0.1337104553845832,1.027078911657809,0.1469491804436178,-0.4282895663715402,-0.8233178906068351,-0.1960142830746339,-0.6546536707079772,other
0.0462130266669241,1.1320525803091943,0.2569530922366421,-1.42714897504612,0.0462130266669241,-0.606898498482757,-0.699707018463561,0.5100596219184197,0.9184771676276684,0.4493264750927811,-0.3036857334050418,1.0469866784197936,0.6116127764393787,1.2712647685933636,-2.3750504286917478,0.1337104553845832,-0.7049259983890863,0.1469491804436178,-0.4282895663715402,1.2145976802021623,-0.1960142830746339,-0.6546536707079772,other
0.0462130266669241,1.1320525803091943,-0.9875727016121244,-0.5034279555987932,0.0462130266669241,-0.6458872693532118,-0.699707018463561,0.5100596219184197,0.024146916773074,-0.963649861676971,-0.3036857334050418,-0.7659772668958664,0.6116127764393787,-0.7516416709837337,0.4608306801939211,0.1337104553845832,1.027078911657809,0.1469491804436178,-0.4282895663715402,-0.8233178906068351,-0.1960142830746339,-0.6546536707079772,other
0.0462130266669241,-0.4590262395210155,1.2525737273156554,0.4202930638485338,0.0462130266669241,0.419569505524854,-0.699707018463561,-0.3179592448322615,-0.8701833340815202,-2.376626198446723,-0.3036857334050418,-0.7659772668958664,-1.2937229757082185,-0.4877843092997644,-0.9571098742489133,0.1337104553845832,1.027078911657809,1.6776698100646354,-0.4282895663715402,1.2145976802021623,-0.1960142830746339,1.5275252316519468,other
0.0462130266669241,1.1320525803091943,1.2525737273156554,0.4202930638485338,0.0462130266669241,2.2332562377441034,-0.699707018463561,-1.1459781115829426,-1.7645135849361144,-2.376626198446723,-0.3036857334050418,-1.6724592395536964,0.6116127764393787,-0.6636892170890771,0.4608306801939211,0.1337104553845832,1.027078911657809,0.1469491804436178,-0.4282895663715402,-0.8233178906068351,-0.1960142830746339,1.5275252316519468,other
0.0462130266669241,-1.2545656494361206,0.2569530922366421,-1.42714897504612,0.0462130266669241,-0.0390802172603146,-0.699707018463561,-0.3179592448322615,0.9184771676276684,0.4493264750927811,-0.3036857334050418,-0.7659772668958664,-0.3410550996344197,-0.3998318554051081,0.4608306801939211,-1.7495353951025054,-0.7049259983890863,0.1469491804436178,-0.4282895663715402,1.2145976802021623,-0.1960142830746339,1.5275252316519468,other
0.0462130266669241,-0.4590262395210155,0.0080479334668887,-0.5034279555987932,0.0462130266669241,-0.1787309056508528,-0.0664879972295691,1.3380784886691008,0.9184771676276684,-2.376626198446723,-0.3036857334050418,-0.7659772668958664,0.6116127764393787,2.2387417614345835,-2.3750504286917478,-1.7495353951025054,1.027078911657809,-1.3837714491773996,-0.4282895663715402,-0.8233178906068351,-0.1960142830746339,1.5275252316519468,other
0.0462130266669241,1.1320525803091943,-0.7386675428423712,1.3440140832958607,0.0462130266669241,-0.7394603194423034,-0.699707018463561,-0.3179592448322615,0.024146916773074,-0.963649861676971,-0.3036857334050418,-0.7659772668958664,-1.2937229757082185,-0.7516416709837337,0.4608306801939211,0.1337104553845832,1.027078911657809,0.1469491804436178,-0.4282895663715402,-0.8233178906068351,-0.1960142830746339,-0.6546536707079772,other
0.0462130266669241,1.1320525803091943,0.2569530922366421,-0.5034279555987932,0.0462130266669241,-0.7135859533191834,-0.699707018463561,0.5100596219184197,0.9184771676276684,0.4493264750927811,-0.3036857334050418,-1.6724592395536964,-1.2937229757082185,-0.9275465787730464,0.4608306801939211,0.1337104553845832,-0.7049259983890863,0.1469491804436178,-0.4282895663715402,1.2145976802021623,-0.1960142830746339,-0.6546536707079772,young
0.0462130266669241,1.1320525803091943,1.2525737273156554,1.3440140832958607,0.0462130266669241,1.0749352995200447,1.8331690664724063,1.3380784886691008,0.9184771676276684,0.4493264750927811,-0.3036857334050418,1.0469866784197936,-1.2937229757082185,0.0399304140681737,0.4608306801939211,0.1337104553845832,1.027078911657809,0.1469491804436178,-0.4282895663715402,-0.8233178906068351,-0.1960142830746339,-0.6546536707079772,other
0.0462130266669241,-0.4590262395210155,0.2569530922366421,1.3440140832958607,0.0462130266669241,-0.4736277907801113,-0.699707018463561,1.3380784886691008,0.9184771676276684,-2.376626198446723,-0.3036857334050418,1.0469866784197936,-1.2937229757082185,-0.3998318554051081,0.4608306801939211,0.1337104553845832,1.027078911657809,0.1469491804436178,-0.4282895663715402,1.2145976802021623,-0.1960142830746339,1.5275252316519468,other
0.0462130266669241,-1.2545656494361206,-0.2408572253028646,-2.350869994493447,0.0462130266669241,-0.0592834894386412,-0.699707018463561,0.5100596219184197,0.024146916773074,0.4493264750927811,-0.3036857334050418,-1.6724592395536964,-0.3410550996344197,-0.3998318554051081,-2.3750504286917478,0.1337104553845832,-0.7049259983890863,0.1469491804436178,-0.4282895663715402,1.2145976802021623,-0.1960142830746339,-0.6546536707079772,other
0.0462130266669241,1.1320525803091943,-0.7386675428423712,-0.5034279555987932,0.0462130266669241,-0.7780946469412087,-0.699707018463561,-0.3179592448322615,-0.8701833340815202,1.862302811862533,-0.3036857334050418,-0.7659772668958664,-1.2937229757082185,-0.83959412487839,0.4608306801939211,0.1337104553845832,-0.7049259983890863,0.1469491804436178,-0.4282895663715402,1.2145976802021623,5.101669043266824,-0.6546536707079772,other
0.0462130266669241,-1.2545656494361206,0.5058582510063955,1.3440140832958607,0.0462130266669241,-0.2939250014044694,-0.699707018463561,1.3380784886691008,0.9184771676276684,0.4493264750927811,-0.3036857334050418,1.0469866784197936,0.6116127764393787,0.6555975913307684,-0.9571098742489133,0.1337104553845832,4.4910887317516,1.6776698100646354,2.3348689263480744,1.2145976802021623,-0.1960142830746339,-0.6546536707079772,other
0.0462130266669241,-0.4590262395210155,2.2481943623946687,-0.5034279555987932,0.0462130266669241,4.395360804196599,-0.699707018463561,-0.3179592448322615,-0.8701833340815202,0.4493264750927811,-0.3036857334050418,-0.7659772668958664,0.6116127764393787,-1.1034514865623593,0.4608306801939211,0.1337104553845832,-0.7049259983890863,0.1469491804436178,-0.4282895663715402,1.2145976802021623,-0.1960142830746339,1.5275252316519468,young
0.0462130266669241,1.1320525803091943,2.2481943623946687,1.3440140832958607,0.0462130266669241,1.5445727668232507,1.8331690664724063,1.3380784886691008,0.9184771676276684,-2.376626198446723,-0.3036857334050418,-0.7659772668958664,0.6116127764393787,0.9194549530147378,-2.3750504286917478,0.1337104553845832,1.027078911657809,1.6776698100646354,2.3348689263480744,-0.8233178906068351,-0.1960142830746339,-0.6546536707079772,other
0.0462130266669241,-0.4590262395210155,0.2569530922366421,1.3440140832958607,0.0462130266669241,-0.1581731901009767,1.8331690664724063,0.5100596219184197,0.9184771676276684,0.4493264750927811,-0.3036857334050418,0.1405047057619635,1.5642806525131776,-0.1359744937211389,0.4608306801939211,0.1337104553845832,1.027078911657809,0.1469491804436178,2.3348689263480744,1.2145976802021623,-0.1960142830746339,-0.6546536707079772,other
0.0462130266669241,0.3365131703940894,0.7547634097761486,0.4202930638485338,0.0462130266669241,-0.4831977618119502,-0.699707018463561,1.3380784886691008,0.9184771676276684,0.4493264750927811,-0.3036857334050418,1.0469866784197936,-1.2937229757082185,2.678504030907866,0.4608306801939211,0.1337104553845832,-0.7049259983890863,1.6776698100646354,-0.4282895663715402,1.2145976802021623,-0.1960142830746339,1.5275252316519468,other
0.0462130266669241,-1.2545656494361206,0.2569530922366421,1.3440140832958607,0.0462130266669241,-0.6696349752470342,-0.0664879972295691,0.5100596219184197,0.9184771676276684,0.4493264750927811,-0.3036857334050418,-1.6724592395536964,-1.2937229757082185,-0.83959412487839,0.4608306801939211,0.1337104553845832,1.027078911657809,0.1469491804436178,-0.4282895663715402,1.2145976802021623,-0.1960142830746339,-0.6546536707079772,other
0.0462130266669241,1.1320525803091943,1.2525737273156554,-0.5034279555987932,0.0462130266669241,1.4665952250823413,1.8331690664724063,1.3380784886691008,0.024146916773074,0.4493264750927811,-0.3036857334050418,-0.7659772668958664,-0.3410550996344197,0.1278828679628304,0.4608306801939211,0.1337104553845832,1.027078911657809,0.1469491804436178,-0.4282895663715402,-0.8233178906068351,-0.1960142830746339,-0.6546536707079772,other
0.0462130266669241,-0.4590262395210155,0.2569530922366421,0.4202930638485338,0.0462130266669241,1.309931254857423,-0.0664879972295691,0.5100596219184197,0.9184771676276684,0.4493264750927811,-0.3036857334050418,1.0469866784197936,0.6116127764393787,0.0399304140681737,0.4608306801939211,-1.7495353951025054,-0.7049259983890863,1.6776698100646354,-0.4282895663715402,1.2145976802021623,-0.1960142830746339,-0.6546536707079772,other
0.0462130266669241,-0.4590262395210155,-0.2408572253028646,-0.5034279555987932,0.0462130266669241,0.4138984115800607,-0.699707018463561,1.3380784886691008,-1.7645135849361144,0.4493264750927811,1.7906986349055911,-1.6724592395536964,-1.2937229757082185,-0.2239269476157952,-2.3750504286917478,0.1337104553845832,-0.7049259983890863,1.6776698100646354,-0.4282895663715402,1.2145976802021623,-0.1960142830746339,-0.6546536707079772,other
0.0462130266669241,1.1320525803091943,-1.2364778603818778,0.4202930638485338,0.0462130266669241,-0.5416809181176325,-0.0664879972295691,-0.3179592448322615,-1.7645135849361144,0.4493264750927811,-0.3036857334050418,-0.7659772668958664,-1.2937229757082185,-0.1359744937211389,0.4608306801939211,0.1337104553845832,1.027078911657809,-1.3837714491773996,-0.4282895663715402,-0.8233178906068351,-0.1960142830746339,-0.6546536707079772,other
0.0462130266669241,-0.4590262395210155,2.2481943623946687,-1.42714897504612,0.0462130266669241,0.104469348217269,-0.0664879972295691,0.5100596219184197,0.9184771676276684,0.4493264750927811,-0.3036857334050418,-0.7659772668958664,0.6116127764393787,-0.4877843092997644,0.4608306801939211,0.1337104553845832,-0.7049259983890863,0.1469491804436178,-0.4282895663715402,-0.8233178906068351,-0.1960142830746339,-0.6546536707079772,other
0.0462130266669241,1.1320525803091943,-0.2408572253028646,0.4202930638485338,0.0462130266669241,-0.3906880418375073,-0.699707018463561,-0.3179592448322615,0.9184771676276684,1.862302811862533,-0.3036857334050418,-0.7659772668958664,0.6116127764393787,-0.6636892170890771,0.4608306801939211,0.1337104553845832,-0.7049259983890863,0.1469491804436178,-0.4282895663715402,1.2145976802021623,-0.1960142830746339,1.5275252316519468,other
0.0462130266669241,1.1320525803091943,-0.7386675428423712,-0.5034279555987932,0.0462130266669241,-0.6129240357990999,-0.699707018463561,0.5100596219184197,-0.8701833340815202,0.4493264750927811,-0.3036857334050418,1.0469866784197936,0.6116127764393787,0.0399304140681737,0.4608306801939211,0.1337104553845832,-0.7049259983890863,0.1469491804436178,-0.4282895663715402,1.2145976802021623,-0.1960142830746339,-0.6546536707079772,other
0.0462130266669241,-0.4590262395210155,1.7503840448551622,1.3440140832958607,0.0462130266669241,0.9508801194776888,-0.699707018463561,0.5100596219184197,-0.8701833340815202,-0.963649861676971,-0.3036857334050418,-1.6724592395536964,-1.2937229757082185,0.4796926835414558,-2.3750504286917478,0.1337104553845832,1.027078911657809,-1.3837714491773996,-0.4282895663715402,-0.8233178906068351,-0.1960142830746339,-0.6546536707079772,other
0.0462130266669241,-1.2545656494361206,2.2481943623946687,-1.42714897504612,0.0462130266669241,1.564421595630028,-0.699707018463561,0.5100596219184197,-0.8701833340815202,-0.963649861676971,3.885083003216225,1.0469866784197936,0.6116127764393787,0.1278828679628304,0.4608306801939211,-1.7495353951025054,-0.7049259983890863,0.1469491804436178,-0.4282895663715402,-0.8233178906068351,-0.1960142830746339,1.5275252316519468,other
0.0462130266669241,1.1320525803091943,0.7547634097761486,0.4202930638485338,0.0462130266669241,0.3547063685312792,-0.0664879972295691,-0.3179592448322615,-0.8701833340815202,0.4493264750927811,-0.3036857334050418,-0.7659772668958664,-0.3410550996344197,-0.83959412487839,0.4608306801939211,0.1337104553845832,1.027078911657809,-1.3837714491773996,-0.4282895663715402,-0.8233178906068351,-0.1960142830746339,-0.6546536707079772,other
0.0462130266669241,-0.4590262395210155,-0.4897623840726178,1.3440140832958607,0.0462130266669241,-0.3350404325042218,0.5667310240044227,-0.3179592448322615,-0.8701833340815202,0.4493264750927811,-0.3036857334050418,1.0469866784197936,0.6116127764393787,-0.7516416709837337,-2.3750504286917478,0.1337104553845832,-0.7049259983890863,0.1469491804436178,-0.4282895663715402,-0.8233178906068351,-0.1960142830746339,-0.6546536707079772,other
0.0462130266669241,1.1320525803091943,-0.2408572253028646,-0.5034279555987932,0.0462130266669241,-0.4683111402068675,-0.699707018463561,0.5100596219184197,0.9184771676276684,0.4493264750927811,-0.3036857334050418,-1.6724592395536964,0.6116127764393787,-0.1359744937211389,-0.9571098742489133,0.1337104553845832,1.027078911657809,0.1469491804436178,-0.4282895663715402,1.2145976802021623,-0.1960142830746339,-0.6546536707079772,other
0.0462130266669241,1.1320525803091943,0.5058582510063955,0.4202930638485338,0.0462130266669241,0.6542110174906821,-0.699707018463561,0.5100596219184197,0.024146916773074,0.4493264750927811,-0.3036857334050418,1.0469866784197936,0.6116127764393787,-0.83959412487839,0.4608306801939211,0.1337104553845832,1.027078911657809,0.1469491804436178,-0.4282895663715402,-0.8233178906068351,-0.1960142830746339,-0.6546536707079772,other
0.0462130266669241,-0.4590262395210155,0.2569530922366421,0.4202930638485338,0.0462130266669241,0.5106614520130986,1.8331690664724063,-0.3179592448322615,0.9184771676276684,0.4493264750927811,-0.3036857334050418,-0.7659772668958664,-0.3410550996344197,0.1278828679628304,-2.3750504286917478,0.1337104553845832,1.027078911657809,1.6776698100646354,-0.4282895663715402,1.2145976802021623,-0.1960142830746339,-0.6546536707079772,other
0.0462130266669241,1.1320525803091943,0.0080479334668887,-0.5034279555987932,0.0462130266669241,-0.6022907346526123,1.1999500452384144,1.3380784886691008,0.9184771676276684,-0.963649861676971,-0.3036857334050418,1.0469866784197936,-1.2937229757082185,0.0399304140681737,-2.3750504286917478,0.1337104553845832,-0.7049259983890863,-1.3837714491773996,-0.4282895663715402,-0.8233178906068351,-0.1960142830746339,-0.6546536707079772,other
0.0462130266669241,-0.4590262395210155,-0.9875727016121244,-0.5034279555987932,0.0462130266669241,-0.666444984903088,-0.699707018463561,-0.3179592448322615,-0.8701833340815202,1.862302811862533,-0.3036857334050418,-1.6724592395536964,-1.2937229757082185,-0.7516416709837337,-2.3750504286917478,0.1337104553845832,-0.7049259983890863,0.1469491804436178,-0.4282895663715402,1.2145976802021623,-0.1960142830746339,-0.6546536707079772,other
0.0462130266669241,-0.4590262395210155,-0.7386675428423712,-0.5034279555987932,0.0462130266669241,-0.8613888392553622,-0.0664879972295691,0.5100596219184197,-0.8701833340815202,-0.963649861676971,-0.3036857334050418,1.0469866784197936,-1.2937229757082185,-1.1034514865623593,0.4608306801939211,-1.7495353951025054,-0.7049259983890863,-1.3837714491773996,-0.4282895663715402,-0.8233178906068351,-0.1960142830746339,-0.6546536707079772,young
0.0462130266669241,1.1320525803091943,-0.7386675428423712,1.3440140832958607,0.0462130266669241,-0.7114592930898858,1.8331690664724063,1.3380784886691008,0.9184771676276684,0.4493264750927811,-0.3036857334050418,1.0469866784197936,1.5642806525131776,1.886931945855958,0.4608306801939211,-1.7495353951025054,-0.7049259983890863,-1.3837714491773996,-0.4282895663715402,-0.8233178906068351,-0.1960142830746339,-0.6546536707079772,other
0.0462130266669241,-1.2545656494361206,-0.4897623840726178,-0.5034279555987932,0.0462130266669241,-0.8737943572595978,-0.699707018463561,-0.3179592448322615,0.9184771676276684,-0.963649861676971,-0.3036857334050418,1.0469866784197936,-0.3410550996344197,-1.1914039404570156,0.4608306801939211,0.1337104553845832,-0.7049259983890863,-1.3837714491773996,-0.4282895663715402,-0.8233178906068351,-0.1960142830746339,-0.6546536707079772,young
0.0462130266669241,1.1320525803091943,1.2525737273156554,0.4202930638485338,0.0462130266669241,1.6689823902371568,1.8331690664724063,-1.1459781115829426,0.9184771676276684,0.4493264750927811,-0.3036857334050418,1.0469866784197936,0.6116127764393787,-0.7516416709837337,0.4608306801939211,-1.7495353951025054,1.027078911657809,0.1469491804436178,-0.4282895663715402,1.2145976802021623,-0.1960142830746339,1.5275252316519468,other
0.0462130266669241,-1.2545656494361206,-0.6556991565857868,1.3440140832958607,0.0462130266669241,-0.5225409760539547,-0.699707018463561,-1.1459781115829426,0.024146916773074,0.4493264750927811,-0.3036857334050418,-1.6724592395536964,-0.3410550996344197,-0.6636892170890771,-2.3750504286917478,0.1337104553845832,1.027078911657809,-1.3837714491773996,-0.4282895663715402,-0.8233178906068351,-0.1960142830746339,-0.6546536707079772,other
0.0462130266669241,-0.4590262395210155,-0.2408572253028646,0.4202930638485338,0.0462130266669241,-0.2992416519777133,1.8331690664724063,1.3380784886691008,0.9184771676276684,0.4493264750927811,-0.3036857334050418,-0.7659772668958664,-0.3410550996344197,0.5676451374361121,0.4608306801939211,0.1337104553845832,1.027078911657809,0.1469491804436178,-0.4282895663715402,-0.8233178906068351,-0.1960142830746339,-0.6546536707079772,other
0.0462130266669241,-0.4590262395210155,0.7547634097761486,-2.350869994493447,0.0462130266669241,0.3575419155036759,-0.0664879972295691,-0.3179592448322615,0.9184771676276684,-0.963649861676971,-0.3036857334050418,1.0469866784197936,0.6116127764393787,-0.83959412487839,0.4608306801939211,-1.7495353951025054,1.027078911657809,-1.3837714491773996,-0.4282895663715402,-0.8233178906068351,-0.1960142830746339,1.5275252316519468,other
0.0462130266669241,1.1320525803091943,2.2481943623946687,-0.5034279555987932,0.0462130266669241,0.5574479770576444,-0.699707018463561,-1.973996978333624,0.024146916773074,0.4493264750927811,-0.3036857334050418,-0.7659772668958664,0.6116127764393787,-0.2239269476157952,-2.3750504286917478,-1.7495353951025054,-0.7049259983890863,1.6776698100646354,-0.4282895663715402,1.2145976802021623,-0.1960142830746339,1.5275252316519468,other
0.0462130266669241,-1.2545656494361206,3.243814997473682,0.4202930638485338,0.0462130266669241,1.2634991731844267,-0.699707018463561,1.3380784886691008,0.024146916773074,0.4493264750927811,-0.3036857334050418,1.0469866784197936,1.5642806525131776,2.414646669223896,0.4608306801939211,0.1337104553845832,1.027078911657809,0.1469491804436178,-0.4282895663715402,1.2145976802021623,-0.1960142830746339,1.5275252316519468,other
0.0462130266669241,-1.2545656494361206,0.7547634097761486,-2.350869994493447,0.0462130266669241,1.7015911804197192,1.8331690664724063,-1.1459781115829426,-0.8701833340815202,0.4493264750927811,-0.3036857334050418,0.1405047057619635,0.6116127764393787,-0.9275465787730464,-2.3750504286917478,0.1337104553845832,2.759083821704704,0.1469491804436178,-0.4282895663715402,-0.8233178906068351,-0.1960142830746339,-0.6546536707079772,young
0.0462130266669241,-0.4590262395210155,-0.2408572253028646,-0.5034279555987932,0.0462130266669241,-0.4814255449542022,1.1999500452384144,-1.1459781115829426,0.024146916773074,1.862302811862533,-0.3036857334050418,0.1405047057619635,-1.2937229757082185,0.0399304140681737,-2.3750504286917478,0.1337104553845832,-0.7049259983890863,0.1469491804436178,-0.4282895663715402,1.2145976802021623,-0.1960142830746339,-0.6546536707079772,other
0.0462130266669241,-0.4590262395210155,0.2569530922366421,-2.350869994493447,0.0462130266669241,0.3437186240132418,-0.699707018463561,-0.3179592448322615,-1.7645135849361144,0.4493264750927811,-0.3036857334050418,1.0469866784197936,-1.2937229757082185,0.0399304140681737,0.4608306801939211,0.1337104553845832,2.759083821704704,-1.3837714491773996,-0.4282895663715402,1.2145976802021623,-0.1960142830746339,1.5275252316519468,other
0.0462130266669241,0.3365131703940894,1.7503840448551622,-2.350869994493447,0.0462130266669241,1.0696186489468011,-0.699707018463561,-1.1459781115829426,-0.8701833340815202,-2.376626198446723,-0.3036857334050418,-1.6724592395536964,-0.3410550996344197,-0.2239269476157952,0.4608306801939211,0.1337104553845832,1.027078911657809,0.1469491804436178,-0.4282895663715402,-0.8233178906068351,-0.1960142830746339,-0.6546536707079772,other
0.0462130266669241,1.1320525803091943,2.2481943623946687,-0.5034279555987932,0.0462130266669241,0.2278156415165261,1.8331690664724063,-0.3179592448322615,0.9184771676276684,-2.376626198446723,-0.3036857334050418,-0.7659772668958664,-1.2937229757082185,0.2158353218574867,-2.3750504286917478,0.1337104553845832,-0.7049259983890863,0.1469491804436178,-0.4282895663715402,-0.8233178906068351,-0.1960142830746339,1.5275252316519468,other
0.0462130266669241,-0.4590262395210155,0.0080479334668887,1.3440140832958607,0.0462130266669241,0.1349514781705337,-0.699707018463561,0.5100596219184197,-0.8701833340815202,0.4493264750927811,-0.3036857334050418,0.1405047057619635,-0.3410550996344197,-0.7516416709837337,0.4608306801939211,0.1337104553845832,1.027078911657809,0.1469491804436178,-0.4282895663715402,-0.8233178906068351,-0.1960142830746339,-0.6546536707079772,other
0.0462130266669241,1.1320525803091943,0.2569530922366421,0.4202930638485338,0.0462130266669241,0.2097390295674971,-0.699707018463561,-0.3179592448322615,-1.7645135849361144,0.4493264750927811,-0.3036857334050418,-0.7659772668958664,1.5642806525131776,-0.3118794015104516,0.4608306801939211,2.016956305871672,-0.7049259983890863,0.1469491804436178,-0.4282895663715402,-0.8233178906068351,-0.1960142830746339,-0.6546536707079772,other
0.0462130266669241,1.1320525803091943,0.2569530922366421,1.3440140832958607,0.0462130266669241,0.4447349849048748,-0.699707018463561,-0.3179592448322615,0.024146916773074,0.4493264750927811,-0.3036857334050418,-0.7659772668958664,-1.2937229757082185,3.3821236620651165,0.4608306801939211,0.1337104553845832,-0.7049259983890863,1.6776698100646354,-0.4282895663715402,1.2145976802021623,-0.1960142830746339,-0.6546536707079772,other
0.0462130266669241,0.3365131703940894,0.2569530922366421,1.3440140832958607,0.0462130266669241,-0.7075604160028404,1.1999500452384144,-0.3179592448322615,-0.8701833340815202,-2.376626198446723,-0.3036857334050418,1.0469866784197936,-1.2937229757082185,0.0399304140681737,0.4608306801939211,0.1337104553845832,1.027078911657809,0.1469491804436178,-0.4282895663715402,1.2145976802021623,-0.1960142830746339,-0.6546536707079772,other
0.0462130266669241,-0.4590262395210155,2.2481943623946687,-2.350869994493447,0.0462130266669241,3.1661511916626224,1.8331690664724063,-0.3179592448322615,-0.8701833340815202,0.4493264750927811,-0.3036857334050418,-0.7659772668958664,0.6116127764393787,1.095359860804051,-2.3750504286917478,0.1337104553845832,-0.7049259983890863,1.6776698100646354,-0.4282895663715402,1.2145976802021623,-0.1960142830746339,-0.6546536707079772,other
0.0462130266669241,-0.4590262395210155,0.7547634097761486,-2.350869994493447,0.0462130266669241,0.3366297565822502,-0.699707018463561,-0.3179592448322615,-0.8701833340815202,-0.963649861676971,-0.3036857334050418,-1.6724592395536964,0.6116127764393787,-0.6636892170890771,0.4608306801939211,0.1337104553845832,1.027078911657809,0.1469491804436178,-0.4282895663715402,-0.8233178906068351,-0.1960142830746339,-0.6546536707079772,other
0.0462130266669241,-0.4590262395210155,2.2481943623946687,-1.42714897504612,0.0462130266669241,1.1146329571335991,-0.699707018463561,1.3380784886691008,0.9184771676276684,-0.963649861676971,-0.3036857334050418,0.1405047057619635,1.5642806525131776,2.062836853645271,0.4608306801939211,-1.7495353951025054,-0.7049259983890863,0.1469491804436178,-0.4282895663715402,-0.8233178906068351,-0.1960142830746339,1.5275252316519468,other
0.0462130266669241,-0.4590262395210155,1.2525737273156554,-2.350869994493447,0.0462130266669241,-0.4672478100922187,-0.699707018463561,1.3380784886691008,0.9184771676276684,0.4493264750927811,-0.3036857334050418,1.0469866784197936,1.5642806525131776,2.2387417614345835,0.4608306801939211,2.016956305871672,-0.7049259983890863,1.6776698100646354,-0.4282895663715402,1.2145976802021623,-0.1960142830746339,1.5275252316519468,other
0.0462130266669241,1.1320525803091943,2.2481943623946687,-1.42714897504612,0.0462130266669241,0.1197104131939014,-0.699707018463561,-0.3179592448322615,-1.7645135849361144,-0.963649861676971,-0.3036857334050418,-1.6724592395536964,-1.2937229757082185,-0.7516416709837337,-0.9571098742489133,0.1337104553845832,-0.7049259983890863,0.1469491804436178,-0.4282895663715402,-0.8233178906068351,-0.1960142830746339,-0.6546536707079772,other
0.0462130266669241,1.1320525803091943,0.0080479334668887,0.4202930638485338,0.0462130266669241,-0.2450118161306262,0.5667310240044227,-1.1459781115829426,0.9184771676276684,0.4493264750927811,-0.3036857334050418,-0.7659772668958664,-1.2937229757082185,0.4796926835414558,-2.3750504286917478,0.1337104553845832,-0.7049259983890863,-1.3837714491773996,2.3348689263480744,-0.8233178906068351,-0.1960142830746339,1.5275252316519468,other
0.0462130266669241,1.1320525803091943,1.2525737273156554,-0.5034279555987932,0.0462130266669241,0.8757381247091756,-0.0664879972295691,0.5100596219184197,-0.8701833340815202,0.4493264750927811,-0.3036857334050418,-0.7659772668958664,0.6116127764393787,-0.3998318554051081,0.4608306801939211,0.1337104553845832,1.027078911657809,0.1469491804436178,-0.4282895663715402,1.2145976802021623,-0.1960142830746339,-0.6546536707079772,other
0.0462130266669241,-0.4590262395210155,1.2525737273156554,0.4202930638485338,0.0462130266669241,2.334272598635736,-0.0664879972295691,0.5100596219184197,-1.7645135849361144,0.4493264750927811,-0.3036857334050418,0.1405047057619635,-0.3410550996344197,-0.3998318554051081,0.4608306801939211,0.1337104553845832,1.027078911657809,-1.3837714491773996,2.3348689263480744,1.2145976802021623,-0.1960142830746339,-0.6546536707079772,other
0.0462130266669241,-0.4590262395210155,0.5058582510063955,-0.5034279555987932,0.0462130266669241,-0.2634428714512048,-0.699707018463561,-1.1459781115829426,0.9184771676276684,-0.963649861676971,-0.3036857334050418,-1.6724592395536964,-0.3410550996344197,-0.3118794015104516,0.4608306801939211,0.1337104553845832,-0.7049259983890863,0.1469491804436178,2.3348689263480744,1.2145976802021623,-0.1960142830746339,-0.6546536707079772,other
0.0462130266669241,-1.2545656494361206,2.2481943623946687,-0.5034279555987932,0.0462130266669241,0.3674663299070643,-0.699707018463561,-1.1459781115829426,0.024146916773074,-0.963649861676971,-0.3036857334050418,1.0469866784197936,-0.3410550996344197,-1.0154990326677027,0.4608306801939211,-1.7495353951025054,-0.7049259983890863,0.1469491804436178,-0.4282895663715402,-0.8233178906068351,-0.1960142830746339,1.5275252316519468,young
0.0462130266669241,-0.4590262395210155,0.7547634097761486,0.4202930638485338,0.0462130266669241,-0.2723039557399445,-0.0664879972295691,1.3380784886691008,0.9184771676276684,0.4493264750927811,-0.3036857334050418,-0.7659772668958664,-0.3410550996344197,0.4796926835414558,-0.9571098742489133,0.1337104553845832,1.027078911657809,0.1469491804436178,-0.4282895663715402,-0.8233178906068351,-0.1960142830746339,-0.6546536707079772,other
0.0462130266669241,-1.2545656494361206,3.243814997473682,-0.5034279555987932,0.0462130266669241,1.4268975674687874,-0.699707018463561,1.3380784886691008,0.9184771676276684,0.4493264750927811,1.7906986349055911,1.0469866784197936,1.5642806525131776,0.0399304140681737,0.4608306801939211,-1.7495353951025054,-0.7049259983890863,0.1469491804436178,-0.4282895663715402,-0.8233178906068351,-0.1960142830746339,1.5275252316519468,other
0.0462130266669241,1.1320525803091943,0.2569530922366421,1.3440140832958607,0.0462130266669241,0.3075654001151838,-0.0664879972295691,-0.3179592448322615,0.024146916773074,0.4493264750927811,-0.3036857334050418,0.1405047057619635,-0.3410550996344197,-0.7516416709837337,0.4608306801939211,0.1337104553845832,1.027078911657809,-1.3837714491773996,-0.4282895663715402,1.2145976802021623,-0.1960142830746339,-0.6546536707079772,other
0.0462130266669241,-0.4590262395210155,2.2481943623946687,-2.350869994493447,0.0462130266669241,3.9519521463880634,-0.699707018463561,-0.3179592448322615,-0.8701833340815202,0.4493264750927811,-0.3036857334050418,-0.7659772668958664,0.6116127764393787,-0.9275465787730464,0.4608306801939211,0.1337104553845832,-0.7049259983890863,0.1469491804436178,-0.4282895663715402,1.2145976802021623,-0.1960142830746339,1.5275252316519468,young
0.0212599885098376,-0.4590262395210155,-0.7386675428423712,-2.350869994493447,0.0212599885098376,-0.6597105608436458,-0.699707018463561,-0.3179592448322615,-0.8701833340815202,0.4493264750927811,-0.3036857334050418,-0.7659772668958664,-1.2937229757082185,-0.3998318554051081,0.4608306801939211,0.1337104553845832,-0.7049259983890863,-1.3837714491773996,-0.4282895663715402,1.2145976802021623,-0.1960142830746339,-0.6546536707079772,other
0.0212599885098376,1.1320525803091943,-0.90460431535554,-0.5034279555987932,0.0212599885098376,-0.8426033405632338,1.8331690664724063,0.5100596219184197,0.9184771676276684,-0.963649861676971,-0.3036857334050418,0.1405047057619635,-0.3410550996344197,0.3917402296467994,0.4608306801939211,0.1337104553845832,-0.7049259983890863,0.1469491804436178,-0.4282895663715402,1.2145976802021623,-0.1960142830746339,-0.6546536707079772,other
0.0212599885098376,-0.4590262395210155,-1.2364778603818778,1.3440140832958607,0.0212599885098376,-0.8291344924443496,1.8331690664724063,0.5100596219184197,-1.7645135849361144,-0.963649861676971,-0.3036857334050418,0.1405047057619635,-0.3410550996344197,0.3037877757521431,0.4608306801939211,0.1337104553845832,1.027078911657809,-1.3837714491773996,-0.4282895663715402,-0.8233178906068351,-0.1960142830746339,-0.6546536707079772,other
0.0212599885098376,-0.4590262395210155,-0.7386675428423712,-0.5034279555987932,0.0212599885098376,-0.8922254125801764,1.8331690664724063,1.3380784886691008,0.9184771676276684,0.4493264750927811,-0.3036857334050418,1.0469866784197936,-0.3410550996344197,0.2158353218574867,0.4608306801939211,0.1337104553845832,1.027078911657809,0.1469491804436178,-0.4282895663715402,-0.8233178906068351,-0.1960142830746339,-0.6546536707079772,other
0.0212599885098376,-1.2545656494361206,-0.7386675428423712,-0.5034279555987932,0.0212599885098376,-0.8397677935908373,-0.699707018463561,0.5100596219184197,0.9184771676276684,1.862302811862533,-0.3036857334050418,1.0469866784197936,-0.3410550996344197,-1.279356394351672,0.4608306801939211,-1.7495353951025054,-0.7049259983890863,0.1469491804436178,-0.4282895663715402,-0.8233178906068351,-0.1960142830746339,1.5275252316519468,young
0.0212599885098376,1.1320525803091943,-0.7386675428423712,-1.42714897504612,0.0212599885098376,0.0622905870028679,0.5667310240044227,-0.3179592448322615,0.9184771676276684,-0.963649861676971,-0.3036857334050418,0.1405047057619635,-1.2937229757082185,-0.0480220398264825,0.4608306801939211,0.1337104553845832,-0.7049259983890863,-1.3837714491773996,2.3348689263480744,-0.8233178906068351,-0.1960142830746339,-0.6546536707079772,other
0.0212599885098376,1.1320525803091943,0.2569530922366421,-0.5034279555987932,0.0212599885098376,-0.8273622755866016,-0.699707018463561,-1.1459781115829426,0.9184771676276684,1.862302811862533,-0.3036857334050418,0.1405047057619635,0.6116127764393787,-0.7516416709837337,0.4608306801939211,0.1337104553845832,1.027078911657809,-1.3837714491773996,-0.4282895663715402,-0.8233178906068351,-0.1960142830746339,-0.6546536707079772,other
0.0212599885098376,-1.2545656494361206,-0.7386675428423712,-1.42714897504612,0.0212599885098376,-1.039319411773256,-0.699707018463561,1.3380784886691008,0.9184771676276684,1.862302811862533,-0.3036857334050418,-1.6724592395536964,0.6116127764393787,0.8315024991200815,-2.3750504286917478,0.1337104553845832,-0.7049259983890863,-1.3837714491773996,-0.4282895663715402,-0.8233178906068351,-0.1960142830746339,-0.6546536707079772,other
0.0212599885098376,1.1320525803091943,-1.2364778603818778,-0.5034279555987932,0.0212599885098376,-0.7206748207501751,1.8331690664724063,-1.973996978333624,0.9184771676276684,0.4493264750927811,-0.3036857334050418,1.0469866784197936,-0.3410550996344197,0.0399304140681737,0.4608306801939211,0.1337104553845832,-0.7049259983890863,1.6776698100646354,2.3348689263480744,1.2145976802021623,-0.1960142830746339,-0.6546536707079772,other
-0.0286460878043352,-0.4590262395210155,-0.9875727016121244,1.3440140832958607,-0.0286460878043352,-0.7568280446482333,1.1999500452384144,1.3380784886691008,0.9184771676276684,0.4493264750927811,-0.3036857334050418,0.1405047057619635,1.5642806525131776,-0.3118794015104516,0.4608306801939211,2.016956305871672,1.027078911657809,0.1469491804436178,2.3348689263480744,-0.8233178906068351,-0.1960142830746339,1.5275252316519468,other
-0.0286460878043352,-0.4590262395210155,0.2569530922366421,1.3440140832958607,-0.0286460878043352,0.8760925680807253,-0.699707018463561,-1.1459781115829426,-0.8701833340815202,-0.963649861676971,-0.3036857334050418,1.0469866784197936,1.5642806525131776,-1.0154990326677027,0.4608306801939211,2.016956305871672,1.027078911657809,0.1469491804436178,-0.4282895663715402,1.2145976802021623,-0.1960142830746339,-0.6546536707079772,young
-0.0286460878043352,1.1320525803091943,1.2525737273156554,-0.5034279555987932,-0.0286460878043352,2.0500090146529657,1.8331690664724063,-0.3179592448322615,-0.8701833340815202,0.4493264750927811,-0.3036857334050418,1.0469866784197936,1.5642806525131776,-0.0480220398264825,0.4608306801939211,2.016956305871672,-0.7049259983890863,-1.3837714491773996,2.3348689263480744,1.2145976802021623,-0.1960142830746339,-0.6546536707079772,other
-0.0286460878043352,-0.4590262395210155,3.243814997473682,-0.5034279555987932,-0.0286460878043352,1.0692642055752513,-0.699707018463561,-0.3179592448322615,0.9184771676276684,0.4493264750927811,-0.3036857334050418,1.0469866784197936,1.5642806525131776,0.5676451374361121,0.4608306801939211,2.016956305871672,-0.7049259983890863,0.1469491804436178,-0.4282895663715402,-0.8233178906068351,-0.1960142830746339,1.5275252316519468,other
-0.0286460878043352,-0.4590262395210155,-0.9875727016121244,1.3440140832958607,-0.0286460878043352,-0.6274562140326331,-0.699707018463561,1.3380784886691008,-0.8701833340815202,-0.963649861676971,-0.3036857334050418,0.1405047057619635,0.6116127764393787,-0.1359744937211389,0.4608306801939211,0.1337104553845832,1.027078911657809,1.6776698100646354,-0.4282895663715402,1.2145976802021623,-0.1960142830746339,1.5275252316519468,other
-0.0286460878043352,1.1320525803091943,-1.2364778603818778,-0.5034279555987932,-0.0286460878043352,-0.6143418092852984,-0.699707018463561,-1.1459781115829426,-1.7645135849361144,-0.963649861676971,-0.3036857334050418,-0.7659772668958664,1.5642806525131776,1.7989794919613016,0.4608306801939211,0.1337104553845832,-0.7049259983890863,0.1469491804436178,-0.4282895663715402,-0.8233178906068351,-0.1960142830746339,-0.6546536707079772,other
-0.0286460878043352,1.1320525803091943,-0.90460431535554,-0.5034279555987932,-0.0286460878043352,-0.9017953836120154,0.5667310240044227,1.3380784886691008,0.9184771676276684,0.4493264750927811,-0.3036857334050418,1.0469866784197936,1.5642806525131776,0.9194549530147378,0.4608306801939211,2.016956305871672,-0.7049259983890863,0.1469491804436178,-0.4282895663715402,1.2145976802021623,-0.1960142830746339,-0.6546536707079772,other
-0.0286460878043352,1.1320525803091943,-0.7386675428423712,1.3440140832958607,-0.0286460878043352,-0.4165624079606274,-0.699707018463561,0.5100596219184197,-0.8701833340815202,0.4493264750927811,-0.3036857334050418,0.1405047057619635,-1.2937229757082185,1.1833123146987068,0.4608306801939211,0.1337104553845832,-0.7049259983890863,-1.3837714491773996,2.3348689263480744,-0.8233178906068351,-0.1960142830746339,-0.6546536707079772,other
-0.0286460878043352,1.1320525803091943,-0.2408572253028646,1.3440140832958607,-0.0286460878043352,-0.4987932701601322,-0.0664879972295691,-0.3179592448322615,0.9184771676276684,-0.963649861676971,-0.3036857334050418,-0.7659772668958664,-1.2937229757082185,-0.4877843092997644,0.4608306801939211,0.1337104553845832,1.027078911657809,0.1469491804436178,-0.4282895663715402,-0.8233178906068351,-0.1960142830746339,1.5275252316519468,other
-0.0286460878043352,1.1320525803091943,-0.7386675428423712,1.3440140832958607,-0.0286460878043352,-0.9110109112723048,-0.699707018463561,-0.3179592448322615,0.9184771676276684,0.4493264750927811,-0.3036857334050418,-0.7659772668958664,0.6116127764393787,-0.3118794015104516,0.4608306801939211,0.1337104553845832,1.027078911657809,0.1469491804436178,-0.4282895663715402,-0.8233178906068351,-0.1960142830746339,-0.6546536707079772,other
-0.0286460878043352,1.1320525803091943,-0.9875727016121244,-0.5034279555987932,-0.0286460878043352,0.1987512850494598,1.8331690664724063,1.3380784886691008,-1.7645135849361144,0.4493264750927811,-0.3036857334050418,1.0469866784197936,-1.2937229757082185,2.502599123118553,0.4608306801939211,0.1337104553845832,-0.7049259983890863,-1.3837714491773996,-0.4282895663715402,-0.8233178906068351,-0.1960142830746339,-0.6546536707079772,other
-0.0286460878043352,-0.4590262395210155,-1.2364778603818778,-1.42714897504612,-0.0286460878043352,-1.0060017348475947,1.1999500452384144,-1.1459781115829426,0.9184771676276684,-0.963649861676971,-0.3036857334050418,-0.7659772668958664,-0.3410550996344197,-1.0154990326677027,-2.3750504286917478,-1.7495353951025054,-0.7049259983890863,0.1469491804436178,2.3348689263480744,-0.8233178906068351,-0.1960142830746339,1.5275252316519468,young
-0.0286460878043352,-1.2545656494361206,-0.7386675428423712,-0.5034279555987932,-0.0286460878043352,-0.7341436688690596,1.8331690664724063,-0.3179592448322615,0.9184771676276684,-0.963649861676971,-0.3036857334050418,1.0469866784197936,-0.3410550996344197,-1.1034514865623593,-2.3750504286917478,-1.7495353951025054,-0.7049259983890863,0.1469491804436178,-0.4282895663715402,1.2145976802021623,-0.1960142830746339,-0.6546536707079772,young
-0.0286460878043352,-1.2545656494361206,-0.7386675428423712,-0.5034279555987932,-0.0286460878043352,-0.8776932343466433,-0.699707018463561,-1.1459781115829426,0.9184771676276684,-0.963649861676971,-0.3036857334050418,1.0469866784197936,-0.3410550996344197,1.5351221302773324,0.4608306801939211,0.1337104553845832,-0.7049259983890863,0.1469491804436178,-0.4282895663715402,-0.8233178906068351,-0.1960142830746339,1.5275252316519468,other
-0.0286460878043352,1.1320525803091943,-0.7386675428423712,-0.5034279555987932,-0.0286460878043352,-0.6657360981599888,-0.699707018463561,1.3380784886691008,0.9184771676276684,0.4493264750927811,-0.3036857334050418,1.0469866784197936,-0.3410550996344197,1.007407406909394,-2.3750504286917478,0.1337104553845832,2.759083821704704,0.1469491804436178,2.3348689263480744,1.2145976802021623,-0.1960142830746339,-0.6546536707079772,other
-0.0286460878043352,-1.2545656494361206,-0.2408572253028646,-0.5034279555987932,-0.0286460878043352,-0.8936431860663747,-0.699707018463561,-1.973996978333624,0.9184771676276684,-0.963649861676971,-0.3036857334050418,-1.6724592395536964,-1.2937229757082185,-0.7516416709837337,0.4608306801939211,0.1337104553845832,-0.7049259983890863,-2.9144920787984168,-0.4282895663715402,-0.8233178906068351,-0.1960142830746339,1.5275252316519468,other
-0.0286460878043352,1.1320525803091943,-0.4897623840726178,-0.5034279555987932,-0.0286460878043352,0.4791159919451851,-0.0664879972295691,-0.3179592448322615,0.024146916773074,0.4493264750927811,-0.3036857334050418,-0.7659772668958664,-0.3410550996344197,0.3917402296467994,0.4608306801939211,0.1337104553845832,-0.7049259983890863,1.6776698100646354,-0.4282895663715402,1.2145976802021623,-0.1960142830746339,1.5275252316519468,other
-0.0286460878043352,-1.2545656494361206,-0.7386675428423712,-0.5034279555987932,-0.0286460878043352,-0.9170364485886476,-0.699707018463561,-0.3179592448322615,0.9184771676276684,0.4493264750927811,-0.3036857334050418,1.0469866784197936,0.6116127764393787,0.3917402296467994,0.4608306801939211,-1.7495353951025054,-0.7049259983890863,-1.3837714491773996,2.3348689263480744,-0.8233178906068351,-0.1960142830746339,1.5275252316519468,other
-0.0286460878043352,-1.2545656494361206,-1.2364778603818778,-1.42714897504612,-0.0286460878043352,-0.7348525556121588,-0.699707018463561,1.3380784886691008,0.9184771676276684,-0.963649861676971,-0.3036857334050418,1.0469866784197936,1.5642806525131776,-0.0480220398264825,0.4608306801939211,2.016956305871672,-0.7049259983890863,0.1469491804436178,-0.4282895663715402,-0.8233178906068351,-0.1960142830746339,1.5275252316519468,other
-0.0286460878043352,1.1320525803091943,-0.7386675428423712,1.3440140832958607,-0.0286460878043352,0.1041149048457194,1.8331690664724063,-1.1459781115829426,-0.8701833340815202,0.4493264750927811,-0.3036857334050418,-1.6724592395536964,-0.3410550996344197,0.1278828679628304,0.4608306801939211,0.1337104553845832,1.027078911657809,-1.3837714491773996,2.3348689263480744,-0.8233178906068351,-0.1960142830746339,-0.6546536707079772,other
-0.0286460878043352,-1.2545656494361206,2.2481943623946687,-0.5034279555987932,-0.0286460878043352,1.4903429309761638,-0.699707018463561,0.5100596219184197,0.9184771676276684,0.4493264750927811,-0.3036857334050418,-1.6724592395536964,1.5642806525131776,1.2712647685933636,0.4608306801939211,2.016956305871672,-0.7049259983890863,1.6776698100646354,-0.4282895663715402,1.2145976802021623,-0.1960142830746339,-0.6546536707079772,other
-0.0286460878043352,1.1320525803091943,-0.7386675428423712,1.3440140832958607,-0.0286460878043352,-0.185465329710295,-0.699707018463561,1.3380784886691008,-0.8701833340815202,-0.963649861676971,-0.3036857334050418,1.0469866784197936,1.5642806525131776,1.886931945855958,-2.3750504286917478,2.016956305871672,2.759083821704704,-1.3837714491773996,-0.4282895663715402,-0.8233178906068351,-0.1960142830746339,-0.6546536707079772,other
-0.0286460878043352,-0.4590262395210155,1.2525737273156554,-0.5034279555987932,-0.0286460878043352,0.1558636370919595,1.8331690664724063,-0.3179592448322615,-0.8701833340815202,1.862302811862533,-0.3036857334050418,-0.7659772668958664,0.6116127764393787,-0.7516416709837337,0.4608306801939211,0.1337104553845832,-0.7049259983890863,0.1469491804436178,-0.4282895663715402,-0.8233178906068351,-0.1960142830746339,-0.6546536707079772,other
-0.0286460878043352,-1.2545656494361206,0.0080479334668887,0.4202930638485338,-0.0286460878043352,0.0505939557417314,-0.699707018463561,-1.1459781115829426,-0.8701833340815202,0.4493264750927811,-0.3036857334050418,-1.6724592395536964,-0.3410550996344197,-0.83959412487839,0.4608306801939211,0.1337104553845832,1.027078911657809,0.1469491804436178,-0.4282895663715402,-0.8233178906068351,-0.1960142830746339,1.5275252316519468,other
-0.0286460878043352,0.3365131703940894,-1.2364778603818778,1.3440140832958607,-0.0286460878043352,-0.7883735047161468,-0.699707018463561,-0.3179592448322615,-0.8701833340815202,-0.963649861676971,-0.3036857334050418,1.0469866784197936,-0.3410550996344197,1.2712647685933636,0.4608306801939211,0.1337104553845832,-0.7049259983890863,-1.3837714491773996,-0.4282895663715402,-0.8233178906068351,-0.1960142830746339,-0.6546536707079772,other
-0.0286460878043352,-1.2545656494361206,1.2525737273156554,-0.5034279555987932,-0.0286460878043352,-0.4587411691750285,1.8331690664724063,1.3380784886691008,0.9184771676276684,0.4493264750927811,-0.3036857334050418,1.0469866784197936,1.5642806525131776,0.3917402296467994,0.4608306801939211,0.1337104553845832,-0.7049259983890863,1.6776698100646354,-0.4282895663715402,1.2145976802021623,-0.1960142830746339,1.5275252316519468,other
-0.0286460878043352,-0.4590262395210155,0.2569530922366421,-1.42714897504612,-0.0286460878043352,-0.5083632411919711,-0.699707018463561,0.5100596219184197,0.9184771676276684,-0.963649861676971,-0.3036857334050418,1.0469866784197936,1.5642806525131776,-0.1359744937211389,-2.3750504286917478,2.016956305871672,-0.7049259983890863,-1.3837714491773996,-0.4282895663715402,-0.8233178906068351,-0.1960142830746339,1.5275252316519468,other
-0.0286460878043352,-0.4590262395210155,-0.2408572253028646,-0.5034279555987932,-0.0286460878043352,-0.7203203773786255,1.8331690664724063,-0.3179592448322615,0.9184771676276684,0.4493264750927811,-0.3036857334050418,1.0469866784197936,1.5642806525131776,2.2387417614345835,0.4608306801939211,2.016956305871672,-0.7049259983890863,0.1469491804436178,-0.4282895663715402,-0.8233178906068351,-0.1960142830746339,-0.6546536707079772,other
-0.0286460878043352,1.1320525803091943,0.2569530922366421,1.3440140832958607,-0.0286460878043352,-0.476463337752508,1.8331690664724063,-0.3179592448322615,0.024146916773074,-0.963649861676971,-0.3036857334050418,-0.7659772668958664,0.6116127764393787,-0.2239269476157952,0.4608306801939211,0.1337104553845832,1.027078911657809,0.1469491804436178,-0.4282895663715402,1.2145976802021623,-0.1960142830746339,-0.6546536707079772,other
-0.0286460878043352,0.3365131703940894,-0.4897623840726178,-0.5034279555987932,-0.0286460878043352,-1.0205339130811275,-0.699707018463561,-1.1459781115829426,0.9184771676276684,-0.963649861676971,-0.3036857334050418,1.0469866784197936,-0.3410550996344197,-1.1034514865623593,0.4608306801939211,-1.7495353951025054,-0.7049259983890863,0.1469491804436178,-0.4282895663715402,1.2145976802021623,-0.1960142830746339,-0.6546536707079772,young
-0.0286460878043352,1.1320525803091943,-0.9875727016121244,1.3440140832958607,-0.0286460878043352,-0.7185481605208776,1.8331690664724063,1.3380784886691008,0.9184771676276684,-0.963649861676971,-0.3036857334050418,1.0469866784197936,-0.3410550996344197,0.4796926835414558,0.4608306801939211,-1.7495353951025054,1.027078911657809,-1.3837714491773996,-0.4282895663715402,-0.8233178906068351,-0.1960142830746339,-0.6546536707079772,other
-0.0286460878043352,1.1320525803091943,2.2481943623946687,1.3440140832958607,-0.0286460878043352,1.0061732854394247,-0.699707018463561,-0.3179592448322615,-1.7645135849361144,0.4493264750927811,-0.3036857334050418,0.1405047057619635,1.5642806525131776,-0.3998318554051081,-2.3750504286917478,2.016956305871672,-0.7049259983890863,0.1469491804436178,-0.4282895663715402,1.2145976802021623,-0.1960142830746339,-0.6546536707079772,other
-0.0286460878043352,1.1320525803091943,-0.9875727016121244,1.3440140832958607,-0.0286460878043352,-0.8277167189581511,0.5667310240044227,1.3380784886691008,0.9184771676276684,0.4493264750927811,-0.3036857334050418,-0.7659772668958664,0.6116127764393787,1.4471696763826762,0.4608306801939211,0.1337104553845832,1.027078911657809,0.1469491804436178,-0.4282895663715402,1.2145976802021623,-0.1960142830746339,-0.6546536707079772,other
-0.0286460878043352,-0.4590262395210155,-0.9875727016121244,-0.5034279555987932,-0.0286460878043352,-0.7344981122406092,-0.699707018463561,0.5100596219184197,0.9184771676276684,-0.963649861676971,-0.3036857334050418,1.0469866784197936,-0.3410550996344197,2.766456484802522,0.4608306801939211,0.1337104553845832,1.027078911657809,1.6776698100646354,-0.4282895663715402,1.2145976802021623,-0.1960142830746339,-0.6546536707079772,other
-0.0286460878043352,1.1320525803091943,-0.7386675428423712,1.3440140832958607,-0.0286460878043352,-0.4463356511707929,1.8331690664724063,0.5100596219184197,0.9184771676276684,-0.963649861676971,-0.3036857334050418,-0.7659772668958664,0.6116127764393787,2.2387417614345835,0.4608306801939211,0.1337104553845832,-0.7049259983890863,0.1469491804436178,-0.4282895663715402,-0.8233178906068351,-0.1960142830746339,-0.6546536707079772,other
-0.0286460878043352,-1.2545656494361206,-1.2364778603818778,-0.5034279555987932,-0.0286460878043352,-1.0006850842743509,-0.699707018463561,-1.1459781115829426,0.9184771676276684,-0.963649861676971,-0.3036857334050418,1.0469866784197936,-0.3410550996344197,-1.1034514865623593,0.4608306801939211,0.1337104553845832,-0.7049259983890863,0.1469491804436178,-0.4282895663715402,-0.8233178906068351,-0.1960142830746339,1.5275252316519468,young
-0.0286460878043352,1.1320525803091943,0.2569530922366421,1.3440140832958607,-0.0286460878043352,-0.5934296503638725,-0.699707018463561,1.3380784886691008,0.9184771676276684,0.4493264750927811,-0.3036857334050418,1.0469866784197936,1.5642806525131776,1.623074584171989,0.4608306801939211,2.016956305871672,1.027078911657809,0.1469491804436178,2.3348689263480744,-0.8233178906068351,-0.1960142830746339,-0.6546536707079772,other
-0.0286460878043352,-0.4590262395210155,1.2525737273156554,-0.5034279555987932,-0.0286460878043352,3.310764087254856,-0.0664879972295691,-0.3179592448322615,-1.7645135849361144,0.4493264750927811,-0.3036857334050418,1.0469866784197936,1.5642806525131776,1.007407406909394,0.4608306801939211,2.016956305871672,-0.7049259983890863,0.1469491804436178,2.3348689263480744,1.2145976802021623,-0.1960142830746339,1.5275252316519468,other
-0.0286460878043352,0.3365131703940894,0.0080479334668887,1.3440140832958607,-0.0286460878043352,-0.337521536105069,-0.699707018463561,-1.1459781115829426,-0.8701833340815202,-2.376626198446723,-0.3036857334050418,-1.6724592395536964,0.6116127764393787,-0.2239269476157952,0.4608306801939211,-1.7495353951025054,-0.7049259983890863,0.1469491804436178,-0.4282895663715402,-0.8233178906068351,-0.1960142830746339,1.5275252316519468,other
-0.0286460878043352,-1.2545656494361206,1.5844472723419931,1.3440140832958607,-0.0286460878043352,0.9664756278258708,-0.699707018463561,-0.3179592448322615,0.9184771676276684,0.4493264750927811,-0.3036857334050418,0.1405047057619635,1.5642806525131776,-0.7516416709837337,-2.3750504286917478,0.1337104553845832,-0.7049259983890863,0.1469491804436178,-0.4282895663715402,1.2145976802021623,-0.1960142830746339,1.5275252316519468,other
-0.0286460878043352,1.1320525803091943,1.2525737273156554,-0.5034279555987932,-0.0286460878043352,-0.5147432218798637,-0.699707018463561,-0.3179592448322615,0.9184771676276684,0.4493264750927811,-0.3036857334050418,1.0469866784197936,1.5642806525131776,0.1278828679628304,-0.9571098742489133,2.016956305871672,-0.7049259983890863,0.1469491804436178,-0.4282895663715402,1.2145976802021623,-0.1960142830746339,1.5275252316519468,other
-0.0286460878043352,-1.2545656494361206,1.2525737273156554,1.3440140832958607,-0.0286460878043352,1.6991100768188718,-0.699707018463561,-0.3179592448322615,0.024146916773074,-0.963649861676971,-0.3036857334050418,-0.7659772668958664,1.5642806525131776,-0.9275465787730464,0.4608306801939211,0.1337104553845832,1.027078911657809,1.6776698100646354,-0.4282895663715402,1.2145976802021623,-0.1960142830746339,1.5275252316519468,young
-0.0286460878043352,-0.4590262395210155,2.2481943623946687,0.4202930638485338,-0.0286460878043352,1.0465798297960778,-0.699707018463561,1.3380784886691008,0.9184771676276684,0.4493264750927811,-0.3036857334050418,1.0469866784197936,1.5642806525131776,1.2712647685933636,0.4608306801939211,2.016956305871672,-0.7049259983890863,0.1469491804436178,-0.4282895663715402,-0.8233178906068351,-0.1960142830746339,1.5275252316519468,other
-0.0286460878043352,-0.4590262395210155,1.2525737273156554,-0.5034279555987932,-0.0286460878043352,-0.35382593119635,-0.699707018463561,0.5100596219184197,0.024146916773074,0.4493264750927811,-0.3036857334050418,-1.6724592395536964,0.6116127764393787,-0.3118794015104516,0.4608306801939211,0.1337104553845832,1.027078911657809,0.1469491804436178,2.3348689263480744,-0.8233178906068351,-0.1960142830746339,-0.6546536707079772,other
-0.0286460878043352,1.1320525803091943,-0.7386675428423712,-0.5034279555987932,-0.0286460878043352,-0.904630930584412,-0.699707018463561,1.3380784886691008,0.9184771676276684,0.4493264750927811,-0.3036857334050418,1.0469866784197936,0.6116127764393787,0.4796926835414558,-2.3750504286917478,0.1337104553845832,-0.7049259983890863,-1.3837714491773996,2.3348689263480744,-0.8233178906068351,-0.1960142830746339,1.5275252316519468,other
-0.0286460878043352,0.3365131703940894,-0.4897623840726178,-0.5034279555987932,-0.0286460878043352,-0.484261091926599,-0.699707018463561,1.3380784886691008,0.9184771676276684,0.4493264750927811,-0.3036857334050418,1.0469866784197936,0.6116127764393787,0.3917402296467994,0.4608306801939211,-1.7495353951025054,-0.7049259983890863,1.6776698100646354,-0.4282895663715402,1.2145976802021623,-0.1960142830746339,-0.6546536707079772,other
-0.0286460878043352,1.1320525803091943,-0.4897623840726178,1.3440140832958607,-0.0286460878043352,-0.6164684695145959,-0.0664879972295691,-0.3179592448322615,0.9184771676276684,-0.963649861676971,-0.3036857334050418,0.1405047057619635,0.6116127764393787,-0.3998318554051081,0.4608306801939211,0.1337104553845832,-0.7049259983890863,0.1469491804436178,-0.4282895663715402,-0.8233178906068351,-0.1960142830746339,-0.6546536707079772,other
-0.0286460878043352,-0.4590262395210155,1.5014788860854085,0.4202930638485338,-0.0286460878043352,3.008778334694605,-0.0664879972295691,0.5100596219184197,-0.8701833340815202,0.4493264750927811,-0.3036857334050418,0.1405047057619635,1.5642806525131776,-0.3118794015104516,0.4608306801939211,-1.7495353951025054,-0.7049259983890863,0.1469491804436178,-0.4282895663715402,1.2145976802021623,-0.1960142830746339,-0.6546536707079772,other
-0.0286460878043352,-1.2545656494361206,1.2525737273156554,0.4202930638485338,-0.0286460878043352,1.2815757851334555,-0.699707018463561,-0.3179592448322615,0.9184771676276684,0.4493264750927811,-0.3036857334050418,0.1405047057619635,-0.3410550996344197,-0.5757367631944208,-0.9571098742489133,0.1337104553845832,-0.7049259983890863,0.1469491804436178,-0.4282895663715402,1.2145976802021623,-0.1960142830746339,1.5275252316519468,other
-0.0286460878043352,-1.2545656494361206,-0.2408572253028646,0.4202930638485338,-0.0286460878043352,1.843014085668005,1.8331690664724063,-0.3179592448322615,-1.7645135849361144,-0.963649861676971,-0.3036857334050418,-0.7659772668958664,0.6116127764393787,-1.1034514865623593,0.4608306801939211,-1.7495353951025054,1.027078911657809,0.1469491804436178,-0.4282895663715402,1.2145976802021623,-0.1960142830746339,-0.6546536707079772,young
-0.0535991259614216,-1.2545656494361206,1.7503840448551622,1.3440140832958607,-0.0535991259614216,0.0435050883107397,-0.699707018463561,-1.973996978333624,0.9184771676276684,0.4493264750927811,1.7906986349055911,1.0469866784197936,0.6116127764393787,2.590551577013209,0.4608306801939211,0.1337104553845832,1.027078911657809,-2.9144920787984168,-0.4282895663715402,-0.8233178906068351,-0.1960142830746339,-0.6546536707079772,other
-0.0535991259614216,-0.4590262395210155,-1.2364778603818778,-0.5034279555987932,-0.0535991259614216,-0.9985584240450532,-0.699707018463561,-1.1459781115829426,0.024146916773074,1.862302811862533,-0.3036857334050418,-1.6724592395536964,-0.3410550996344197,-1.1914039404570156,0.4608306801939211,0.1337104553845832,-0.7049259983890863,-1.3837714491773996,-0.4282895663715402,-0.8233178906068351,-0.1960142830746339,-0.6546536707079772,young
-0.0535991259614216,1.1320525803091943,0.2569530922366421,1.3440140832958607,-0.0535991259614216,0.7924439323950223,-0.699707018463561,1.3380784886691008,0.024146916773074,0.4493264750927811,-0.3036857334050418,1.0469866784197936,1.5642806525131776,0.7435500452254251,0.4608306801939211,2.016956305871672,1.027078911657809,0.1469491804436178,-0.4282895663715402,-0.8233178906068351,-0.1960142830746339,-0.6546536707079772,other
-0.0535991259614216,-0.4590262395210155,-0.2408572253028646,-0.5034279555987932,-0.0535991259614216,0.2129290199114434,-0.699707018463561,-1.973996978333624,-0.8701833340815202,-0.963649861676971,-0.3036857334050418,1.0469866784197936,0.6116127764393787,2.766456484802522,0.4608306801939211,0.1337104553845832,-0.7049259983890863,0.1469491804436178,-0.4282895663715402,1.2145976802021623,-0.1960142830746339,-0.6546536707079772,other
-0.0535991259614216,-0.4590262395210155,-0.4897623840726178,-0.5034279555987932,-0.0535991259614216,-0.6228484502024885,-0.0664879972295691,-0.3179592448322615,0.9184771676276684,0.4493264750927811,3.885083003216225,-0.7659772668958664,-1.2937229757082185,-1.1914039404570156,0.4608306801939211,0.1337104553845832,-0.7049259983890863,0.1469491804436178,-0.4282895663715402,-0.8233178906068351,-0.1960142830746339,-0.6546536707079772,young
-0.0535991259614216,-0.4590262395210155,-0.4897623840726178,-0.5034279555987932,-0.0535991259614216,-0.226935204181597,-0.0664879972295691,-0.3179592448322615,0.024146916773074,-0.963649861676971,-0.3036857334050418,-0.7659772668958664,-1.2937229757082185,-0.9275465787730464,0.4608306801939211,0.1337104553845832,-0.7049259983890863,-1.3837714491773996,-0.4282895663715402,-0.8233178906068351,-0.1960142830746339,-0.6546536707079772,young
-0.0535991259614216,1.1320525803091943,-0.2408572253028646,-0.5034279555987932,-0.0535991259614216,-0.4707922438077146,-0.699707018463561,-1.1459781115829426,0.9184771676276684,-0.963649861676971,-0.3036857334050418,1.0469866784197936,-1.2937229757082185,-1.1034514865623593,0.4608306801939211,0.1337104553845832,-0.7049259983890863,0.1469491804436178,-0.4282895663715402,-0.8233178906068351,-0.1960142830746339,1.5275252316519468,young
-0.0535991259614216,-0.4590262395210155,-0.2408572253028646,0.4202930638485338,-0.0535991259614216,1.039490962365086,-0.699707018463561,-0.3179592448322615,-0.8701833340815202,0.4493264750927811,-0.3036857334050418,1.0469866784197936,-1.2937229757082185,0.7435500452254251,0.4608306801939211,0.1337104553845832,-0.7049259983890863,-1.3837714491773996,2.3348689263480744,1.2145976802021623,-0.1960142830746339,-0.6546536707079772,other
-0.0535991259614216,1.1320525803091943,0.5058582510063955,-0.5034279555987932,-0.0535991259614216,0.6800853836138022,1.8331690664724063,1.3380784886691008,0.9184771676276684,0.4493264750927811,-0.3036857334050418,1.0469866784197936,-0.3410550996344197,1.095359860804051,0.4608306801939211,0.1337104553845832,4.4910887317516,0.1469491804436178,2.3348689263480744,1.2145976802021623,-0.1960142830746339,-0.6546536707079772,other
-0.0535991259614216,-1.2545656494361206,-0.7386675428423712,-2.350869994493447,-0.0535991259614216,-0.7667524590516217,-0.699707018463561,0.5100596219184197,0.9184771676276684,0.4493264750927811,-0.3036857334050418,0.1405047057619635,-1.2937229757082185,-0.6636892170890771,0.4608306801939211,0.1337104553845832,1.027078911657809,0.1469491804436178,-0.4282895663715402,-0.8233178906068351,-0.1960142830746339,1.5275252316519468,other
-0.0535991259614216,1.1320525803091943,-0.7386675428423712,1.3440140832958607,-0.0535991259614216,-0.8064501166651759,1.8331690664724063,0.5100596219184197,0.9184771676276684,-0.963649861676971,-0.3036857334050418,1.0469866784197936,-1.2937229757082185,-1.1034514865623593,0.4608306801939211,0.1337104553845832,1.027078911657809,0.1469491804436178,-0.4282895663715402,-0.8233178906068351,-0.1960142830746339,-0.6546536707079772,young
-0.0535991259614216,-0.4590262395210155,-0.4897623840726178,-0.5034279555987932,-0.0535991259614216,-0.6958637847417039,-0.699707018463561,1.3380784886691008,0.9184771676276684,0.4493264750927811,-0.3036857334050418,1.0469866784197936,0.6116127764393787,0.2158353218574867,0.4608306801939211,0.1337104553845832,1.027078911657809,-1.3837714491773996,-0.4282895663715402,-0.8233178906068351,-0.1960142830746339,-0.6546536707079772,other
-0.0535991259614216,-0.4590262395210155,-0.7386675428423712,-0.5034279555987932,-0.0535991259614216,-0.9329864003083792,-0.699707018463561,-0.3179592448322615,0.9184771676276684,0.4493264750927811,-0.3036857334050418,-0.7659772668958664,0.6116127764393787,-0.4877843092997644,0.4608306801939211,0.1337104553845832,-0.7049259983890863,0.1469491804436178,-0.4282895663715402,-0.8233178906068351,-0.1960142830746339,1.5275252316519468,other
-0.0535991259614216,1.1320525803091943,1.2525737273156554,-2.350869994493447,-0.0535991259614216,-0.2333151848694896,-0.699707018463561,-0.3179592448322615,0.9184771676276684,0.4493264750927811,-0.3036857334050418,-0.7659772668958664,0.6116127764393787,-0.7516416709837337,0.4608306801939211,0.1337104553845832,1.027078911657809,0.1469491804436178,-0.4282895663715402,-0.8233178906068351,-0.1960142830746339,-0.6546536707079772,other
-0.0535991259614216,-1.2545656494361206,-0.9875727016121244,1.3440140832958607,-0.0535991259614216,-0.7029526521726956,-0.0664879972295691,1.3380784886691008,0.024146916773074,0.4493264750927811,3.885083003216225,1.0469866784197936,-1.2937229757082185,1.095359860804051,0.4608306801939211,0.1337104553845832,1.027078911657809,0.1469491804436178,2.3348689263480744,-0.8233178906068351,5.101669043266824,-0.6546536707079772,other
-0.0535991259614216,1.1320525803091943,-1.2364778603818778,-0.5034279555987932,-0.0535991259614216,-0.925543089505838,0.5667310240044227,0.5100596219184197,-0.8701833340815202,1.862302811862533,-0.3036857334050418,1.0469866784197936,-1.2937229757082185,-1.1034514865623593,0.4608306801939211,-1.7495353951025054,-0.7049259983890863,-1.3837714491773996,-0.4282895663715402,-0.8233178906068351,-0.1960142830746339,-0.6546536707079772,young
-0.0535991259614216,1.1320525803091943,0.2569530922366421,1.3440140832958607,-0.0535991259614216,-0.4300312560795118,-0.699707018463561,-0.3179592448322615,0.9184771676276684,-2.376626198446723,-0.3036857334050418,-0.7659772668958664,-1.2937229757082185,-0.2239269476157952,0.4608306801939211,0.1337104553845832,1.027078911657809,0.1469491804436178,-0.4282895663715402,1.2145976802021623,-0.1960142830746339,-0.6546536707079772,other
-0.0535991259614216,-1.2545656494361206,-0.2408572253028646,1.3440140832958607,-0.0535991259614216,-0.7376881025845554,-0.699707018463561,-1.973996978333624,-0.8701833340815202,-0.963649861676971,-0.3036857334050418,1.0469866784197936,1.5642806525131776,1.7110270380666457,0.4608306801939211,2.016956305871672,2.759083821704704,-2.9144920787984168,2.3348689263480744,-0.8233178906068351,-0.1960142830746339,1.5275252316519468,other
-0.0535991259614216,-0.4590262395210155,1.2525737273156554,-0.5034279555987932,-0.0535991259614216,-0.3144827169543457,-0.699707018463561,-1.1459781115829426,0.9184771676276684,0.4493264750927811,-0.3036857334050418,-1.6724592395536964,1.5642806525131776,-0.2239269476157952,0.4608306801939211,-1.7495353951025054,-0.7049259983890863,-1.3837714491773996,-0.4282895663715402,-0.8233178906068351,-0.1960142830746339,1.5275252316519468,other
-0.0535991259614216,-1.2545656494361206,0.7547634097761486,-0.5034279555987932,-0.0535991259614216,3.093135857123408,-0.699707018463561,-1.1459781115829426,-1.7645135849361144,-2.376626198446723,-0.3036857334050418,-1.6724592395536964,1.5642806525131776,-0.1359744937211389,0.4608306801939211,0.1337104553845832,-0.7049259983890863,-1.3837714491773996,-0.4282895663715402,1.2145976802021623,-0.1960142830746339,1.5275252316519468,other
-0.0535991259614216,-0.4590262395210155,-0.4897623840726178,0.4202930638485338,-0.0535991259614216,-0.6235573369455876,1.1999500452384144,-0.3179592448322615,0.024146916773074,1.862302811862533,-0.3036857334050418,0.1405047057619635,-0.3410550996344197,2.2387417614345835,-0.9571098742489133,0.1337104553845832,1.027078911657809,0.1469491804436178,-0.4282895663715402,-0.8233178906068351,-0.1960142830746339,1.5275252316519468,other
-0.0535991259614216,1.1320525803091943,-0.7386675428423712,0.4202930638485338,-0.0535991259614216,-0.6083162719689553,1.1999500452384144,1.3380784886691008,0.9184771676276684,0.4493264750927811,-0.3036857334050418,1.0469866784197936,1.5642806525131776,1.7110270380666457,0.4608306801939211,2.016956305871672,1.027078911657809,0.1469491804436178,2.3348689263480744,-0.8233178906068351,-0.1960142830746339,1.5275252316519468,other
-0.0785521641185081,1.1320525803091943,-0.4897623840726178,-0.5034279555987932,-0.0785521641185081,-0.8496922079942257,1.8331690664724063,-1.1459781115829426,0.9184771676276684,-0.963649861676971,-0.3036857334050418,-1.6724592395536964,-1.2937229757082185,-1.0154990326677027,0.4608306801939211,0.1337104553845832,-0.7049259983890863,0.1469491804436178,-0.4282895663715402,-0.8233178906068351,-0.1960142830746339,-0.6546536707079772,young
-0.0785521641185081,1.1320525803091943,-1.2364778603818778,-0.5034279555987932,-0.0785521641185081,-0.6852304835952162,0.5667310240044227,-0.3179592448322615,-1.7645135849361144,-2.376626198446723,-0.3036857334050418,1.0469866784197936,-1.2937229757082185,2.32669421532924,0.4608306801939211,0.1337104553845832,-0.7049259983890863,0.1469491804436178,-0.4282895663715402,-0.8233178906068351,-0.1960142830746339,-0.6546536707079772,other
-0.0785521641185081,-1.2545656494361206,-0.4897623840726178,-0.5034279555987932,-0.0785521641185081,-0.7075604160028404,1.8331690664724063,-0.3179592448322615,0.9184771676276684,-0.963649861676971,-0.3036857334050418,-0.7659772668958664,0.6116127764393787,-1.0154990326677027,0.4608306801939211,-1.7495353951025054,-0.7049259983890863,0.1469491804436178,-0.4282895663715402,-0.8233178906068351,-0.1960142830746339,1.5275252316519468,young
-0.0785521641185081,-1.2545656494361206,2.2481943623946687,-0.5034279555987932,-0.0785521641185081,-0.0780689881307694,-0.699707018463561,-0.3179592448322615,0.024146916773074,0.4493264750927811,-0.3036857334050418,1.0469866784197936,0.6116127764393787,1.623074584171989,0.4608306801939211,0.1337104553845832,-0.7049259983890863,0.1469491804436178,-0.4282895663715402,-0.8233178906068351,-0.1960142830746339,1.5275252316519468,other
-0.0785521641185081,-1.2545656494361206,-1.2364778603818778,-0.5034279555987932,-0.0785521641185081,-1.0379016382870576,-0.699707018463561,-1.1459781115829426,0.9184771676276684,-0.963649861676971,-0.3036857334050418,-1.6724592395536964,-1.2937229757082185,-0.7516416709837337,0.4608306801939211,0.1337104553845832,-0.7049259983890863,0.1469491804436178,-0.4282895663715402,-0.8233178906068351,-0.1960142830746339,-0.6546536707079772,other
-0.0785521641185081,-1.2545656494361206,-0.7386675428423712,-0.5034279555987932,-0.0785521641185081,-0.8968331764103211,-0.0664879972295691,-1.973996978333624,0.9184771676276684,-0.963649861676971,-0.3036857334050418,0.1405047057619635,-0.3410550996344197,-1.1914039404570156,0.4608306801939211,0.1337104553845832,-0.7049259983890863,0.1469491804436178,-0.4282895663715402,-0.8233178906068351,-0.1960142830746339,1.5275252316519468,young
-0.0785521641185081,-1.2545656494361206,-0.2408572253028646,-0.5034279555987932,-0.0785521641185081,-0.7281181315527165,-0.699707018463561,-0.3179592448322615,0.9184771676276684,1.862302811862533,-0.3036857334050418,0.1405047057619635,-1.2937229757082185,1.007407406909394,0.4608306801939211,0.1337104553845832,-0.7049259983890863,-1.3837714491773996,-0.4282895663715402,1.2145976802021623,-0.1960142830746339,1.5275252316519468,other
-0.0785521641185081,-0.4590262395210155,-0.7386675428423712,1.3440140832958607,-0.0785521641185081,-0.6547483536419515,-0.699707018463561,0.5100596219184197,0.9184771676276684,0.4493264750927811,-0.3036857334050418,0.1405047057619635,-0.3410550996344197,-0.83959412487839,0.4608306801939211,0.1337104553845832,-0.7049259983890863,0.1469491804436178,-0.4282895663715402,-0.8233178906068351,-0.1960142830746339,-0.6546536707079772,other
-0.0785521641185081,-0.4590262395210155,1.2525737273156554,-1.42714897504612,-0.0785521641185081,0.254753337754295,1.8331690664724063,-1.1459781115829426,0.024146916773074,-0.963649861676971,-0.3036857334050418,-0.7659772668958664,1.5642806525131776,-0.5757367631944208,-2.3750504286917478,0.1337104553845832,-0.7049259983890863,-2.9144920787984168,-0.4282895663715402,-0.8233178906068351,-0.1960142830746339,-0.6546536707079772,other
-0.0785521641185081,1.1320525803091943,-0.9875727016121244,-0.5034279555987932,-0.0785521641185081,-0.7213837074932743,-0.699707018463561,-1.1459781115829426,-1.7645135849361144,-0.963649861676971,-0.3036857334050418,1.0469866784197936,-1.2937229757082185,-1.1034514865623593,0.4608306801939211,-1.7495353951025054,-0.7049259983890863,0.1469491804436178,-0.4282895663715402,1.2145976802021623,-0.1960142830746339,-0.6546536707079772,young
-0.0785521641185081,1.1320525803091943,-0.4897623840726178,-0.5034279555987932,-0.0785521641185081,-0.712168179832985,0.5667310240044227,0.5100596219184197,0.9184771676276684,0.4493264750927811,-0.3036857334050418,0.1405047057619635,-0.3410550996344197,0.0399304140681737,0.4608306801939211,0.1337104553845832,1.027078911657809,0.1469491804436178,-0.4282895663715402,1.2145976802021623,-0.1960142830746339,-0.6546536707079772,other
-0.0785521641185081,0.3365131703940894,-0.90460431535554,-0.5034279555987932,-0.0785521641185081,-0.7252825845803198,-0.699707018463561,-0.3179592448322615,-0.8701833340815202,0.4493264750927811,-0.3036857334050418,-0.7659772668958664,0.6116127764393787,0.1278828679628304,0.4608306801939211,0.1337104553845832,-0.7049259983890863,0.1469491804436178,-0.4282895663715402,1.2145976802021623,-0.1960142830746339,-0.6546536707079772,other
-0.1035052022755945,1.1320525803091943,-1.2364778603818778,1.3440140832958607,-0.1035052022755945,-0.6086707153405049,-0.699707018463561,0.5100596219184197,-1.7645135849361144,-0.963649861676971,-0.3036857334050418,-0.7659772668958664,0.6116127764393787,-1.0154990326677027,0.4608306801939211,-1.7495353951025054,1.027078911657809,0.1469491804436178,-0.4282895663715402,1.2145976802021623,-0.1960142830746339,-0.6546536707079772,young
-0.1035052022755945,0.3365131703940894,-0.9875727016121244,-0.5034279555987932,-0.1035052022755945,-0.7603724783637292,-0.0664879972295691,1.3380784886691008,-0.8701833340815202,-2.376626198446723,-0.3036857334050418,1.0469866784197936,-1.2937229757082185,1.1833123146987068,0.4608306801939211,0.1337104553845832,-0.7049259983890863,0.1469491804436178,-0.4282895663715402,-0.8233178906068351,-0.1960142830746339,-0.6546536707079772,other
-0.1035052022755945,1.1320525803091943,-0.4897623840726178,-0.5034279555987932,-0.1035052022755945,0.1051782349603682,-0.699707018463561,1.3380784886691008,0.9184771676276684,-0.963649861676971,-0.3036857334050418,-0.7659772668958664,0.6116127764393787,1.623074584171989,-2.3750504286917478,-1.7495353951025054,-0.7049259983890863,1.6776698100646354,-0.4282895663715402,1.2145976802021623,-0.1960142830746339,-0.6546536707079772,other
-0.1035052022755945,-0.4590262395210155,-0.7386675428423712,0.4202930638485338,-0.1035052022755945,-0.9521263423720572,-0.699707018463561,-0.3179592448322615,0.9184771676276684,1.862302811862533,1.7906986349055911,1.0469866784197936,-1.2937229757082185,-1.3673088482463285,0.4608306801939211,-1.7495353951025054,1.027078911657809,0.1469491804436178,-0.4282895663715402,-0.8233178906068351,-0.1960142830746339,-0.6546536707079772,young
-0.1035052022755945,1.1320525803091943,0.2569530922366421,-0.5034279555987932,-0.1035052022755945,0.946981242390643,1.8331690664724063,-1.1459781115829426,-1.7645135849361144,-0.963649861676971,-0.3036857334050418,-1.6724592395536964,0.6116127764393787,0.7435500452254251,0.4608306801939211,0.1337104553845832,1.027078911657809,0.1469491804436178,-0.4282895663715402,1.2145976802021623,-0.1960142830746339,1.5275252316519468,other
-0.1035052022755945,1.1320525803091943,0.0910163197234732,-0.5034279555987932,-0.1035052022755945,-0.2113396958334151,0.5667310240044227,1.3380784886691008,0.024146916773074,0.4493264750927811,-0.3036857334050418,1.0469866784197936,0.6116127764393787,0.3917402296467994,0.4608306801939211,0.1337104553845832,-0.7049259983890863,0.1469491804436178,-0.4282895663715402,-0.8233178906068351,-0.1960142830746339,-0.6546536707079772,other
-0.1035052022755945,1.1320525803091943,0.2569530922366421,-0.5034279555987932,-0.1035052022755945,-0.658647230728997,-0.699707018463561,-0.3179592448322615,0.9184771676276684,1.862302811862533,-0.3036857334050418,-0.7659772668958664,-0.3410550996344197,-0.6636892170890771,0.4608306801939211,0.1337104553845832,-0.7049259983890863,0.1469491804436178,-0.4282895663715402,-0.8233178906068351,-0.1960142830746339,-0.6546536707079772,other
-0.1035052022755945,1.1320525803091943,-0.4897623840726178,-0.5034279555987932,-0.1035052022755945,-0.7295359050389149,0.5667310240044227,1.3380784886691008,0.9184771676276684,0.4493264750927811,-0.3036857334050418,0.1405047057619635,-0.3410550996344197,1.007407406909394,-0.9571098742489133,0.1337104553845832,-0.7049259983890863,0.1469491804436178,-0.4282895663715402,1.2145976802021623,-0.1960142830746339,-0.6546536707079772,other
-0.1035052022755945,-1.2545656494361206,-0.90460431535554,-0.5034279555987932,-0.1035052022755945,-0.3389393095912674,-0.699707018463561,1.3380784886691008,0.024146916773074,0.4493264750927811,-0.3036857334050418,1.0469866784197936,-1.2937229757082185,1.4471696763826762,0.4608306801939211,0.1337104553845832,-0.7049259983890863,-1.3837714491773996,-0.4282895663715402,-0.8233178906068351,-0.1960142830746339,-0.6546536707079772,other
-0.1035052022755945,-0.4590262395210155,0.2569530922366421,1.3440140832958607,-0.1035052022755945,-0.7284725749242661,-0.0664879972295691,-1.1459781115829426,0.9184771676276684,0.4493264750927811,-0.3036857334050418,1.0469866784197936,1.5642806525131776,0.2158353218574867,-2.3750504286917478,0.1337104553845832,1.027078911657809,0.1469491804436178,2.3348689263480744,-0.8233178906068351,-0.1960142830746339,1.5275252316519468,other
-0.1035052022755945,-0.4590262395210155,2.2481943623946687,-0.5034279555987932,-0.1035052022755945,0.9498167893630396,-0.699707018463561,-0.3179592448322615,-0.8701833340815202,-0.963649861676971,-0.3036857334050418,-0.7659772668958664,-1.2937229757082185,-1.1914039404570156,0.4608306801939211,0.1337104553845832,-0.7049259983890863,0.1469491804436178,-0.4282895663715402,-0.8233178906068351,-0.1960142830746339,1.5275252316519468,young
-0.1035052022755945,-0.4590262395210155,-0.8216359290989557,0.4202930638485338,-0.1035052022755945,0.5315736109345244,-0.699707018463561,0.5100596219184197,-0.8701833340815202,0.4493264750927811,-0.3036857334050418,1.0469866784197936,-0.3410550996344197,1.3592172224880197,0.4608306801939211,0.1337104553845832,-0.7049259983890863,0.1469491804436178,-0.4282895663715402,-0.8233178906068351,-0.1960142830746339,-0.6546536707079772,other
-0.1035052022755945,-0.4590262395210155,-0.2408572253028646,-0.5034279555987932,-0.1035052022755945,-0.698344888342551,-0.699707018463561,1.3380784886691008,0.9184771676276684,1.862302811862533,3.885083003216225,-0.7659772668958664,-1.2937229757082185,-0.3118794015104516,0.4608306801939211,0.1337104553845832,-0.7049259983890863,-1.3837714491773996,-0.4282895663715402,-0.8233178906068351,-0.1960142830746339,-0.6546536707079772,other
-0.1035052022755945,-0.4590262395210155,-1.2364778603818778,-0.5034279555987932,-0.1035052022755945,-1.029040553998318,1.8331690664724063,1.3380784886691008,0.9184771676276684,0.4493264750927811,-0.3036857334050418,1.0469866784197936,-0.3410550996344197,0.2158353218574867,0.4608306801939211,0.1337104553845832,-0.7049259983890863,0.1469491804436178,-0.4282895663715402,-0.8233178906068351,-0.1960142830746339,-0.6546536707079772,other
-0.1035052022755945,1.1320525803091943,-1.2364778603818778,1.3440140832958607,-0.1035052022755945,-0.7210292641217247,-0.0664879972295691,-0.3179592448322615,-1.7645135849361144,-0.963649861676971,-0.3036857334050418,-1.6724592395536964,-0.3410550996344197,-0.7516416709837337,0.4608306801939211,0.1337104553845832,1.027078911657809,0.1469491804436178,-0.4282895663715402,-0.8233178906068351,-0.1960142830746339,-0.6546536707079772,other
-0.1035052022755945,-0.4590262395210155,0.5058582510063955,1.3440140832958607,-0.1035052022755945,-0.2662784184236014,0.5667310240044227,-0.3179592448322615,0.9184771676276684,0.4493264750927811,-0.3036857334050418,-0.7659772668958664,-0.3410550996344197,-1.1034514865623593,0.4608306801939211,0.1337104553845832,1.027078911657809,-1.3837714491773996,-0.4282895663715402,-0.8233178906068351,-0.1960142830746339,1.5275252316519468,young
-0.1035052022755945,1.1320525803091943,-0.7386675428423712,1.3440140832958607,-0.1035052022755945,-0.4739822341516609,-0.699707018463561,1.3380784886691008,-0.8701833340815202,0.4493264750927811,-0.3036857334050418,-0.7659772668958664,1.5642806525131776,-0.83959412487839,0.4608306801939211,0.1337104553845832,1.027078911657809,0.1469491804436178,-0.4282895663715402,-0.8233178906068351,-0.1960142830746339,-0.6546536707079772,other
-0.1035052022755945,1.1320525803091943,-0.7386675428423712,-0.5034279555987932,-0.1035052022755945,-0.0688534604704802,-0.699707018463561,-0.3179592448322615,-0.8701833340815202,0.4493264750927811,-0.3036857334050418,1.0469866784197936,0.6116127764393787,1.4471696763826762,0.4608306801939211,0.1337104553845832,-0.7049259983890863,0.1469491804436178,-0.4282895663715402,1.2145976802021623,-0.1960142830746339,-0.6546536707079772,other
-0.1035052022755945,1.1320525803091943,-0.7386675428423712,1.3440140832958607,-0.1035052022755945,-0.9404297111109206,-0.699707018463561,1.3380784886691008,0.9184771676276684,0.4493264750927811,-0.3036857334050418,1.0469866784197936,-1.2937229757082185,1.7989794919613016,0.4608306801939211,0.1337104553845832,-0.7049259983890863,0.1469491804436178,-0.4282895663715402,-0.8233178906068351,-0.1960142830746339,-0.6546536707079772,other
-0.1035052022755945,-0.4590262395210155,-0.2408572253028646,1.3440140832958607,-0.1035052022755945,-0.5232498627970539,-0.699707018463561,1.3380784886691008,0.024146916773074,-0.963649861676971,3.885083003216225,1.0469866784197936,-1.2937229757082185,1.095359860804051,-2.3750504286917478,-1.7495353951025054,1.027078911657809,-1.3837714491773996,-0.4282895663715402,1.2145976802021623,-0.1960142830746339,-0.6546536707079772,other
-0.1035052022755945,-0.4590262395210155,1.5014788860854085,1.3440140832958607,-0.1035052022755945,0.588993437125558,-0.699707018463561,0.5100596219184197,-0.8701833340815202,0.4493264750927811,3.885083003216225,-0.7659772668958664,-1.2937229757082185,-0.9275465787730464,0.4608306801939211,0.1337104553845832,1.027078911657809,0.1469491804436178,-0.4282895663715402,-0.8233178906068351,-0.1960142830746339,1.5275252316519468,young
-0.1035052022755945,1.1320525803091943,-1.2364778603818778,1.3440140832958607,-0.1035052022755945,-0.9113653546438542,1.8331690664724063,1.3380784886691008,0.9184771676276684,0.4493264750927811,-0.3036857334050418,1.0469866784197936,1.5642806525131776,0.0399304140681737,0.4608306801939211,2.016956305871672,1.027078911657809,0.1469491804436178,-0.4282895663715402,-0.8233178906068351,-0.1960142830746339,-0.6546536707079772,other
-0.1035052022755945,-0.4590262395210155,0.7547634097761486,-0.5034279555987932,-0.1035052022755945,-0.551605332521021,1.8331690664724063,-0.3179592448322615,0.9184771676276684,-0.963649861676971,-0.3036857334050418,-1.6724592395536964,0.6116127764393787,-0.83959412487839,0.4608306801939211,0.1337104553845832,-0.7049259983890863,0.1469491804436178,-0.4282895663715402,-0.8233178906068351,-0.1960142830746339,-0.6546536707079772,other
-0.1035052022755945,-1.2545656494361206,1.7503840448551622,-0.5034279555987932,-0.1035052022755945,0.2458922534655551,-0.699707018463561,-1.1459781115829426,0.9184771676276684,0.4493264750927811,-0.3036857334050418,0.1405047057619635,0.6116127764393787,-0.1359744937211389,0.4608306801939211,0.1337104553845832,-0.7049259983890863,0.1469491804436178,-0.4282895663715402,-0.8233178906068351,-0.1960142830746339,1.5275252316519468,other
-0.1035052022755945,1.1320525803091943,0.2569530922366421,-0.5034279555987932,-0.1035052022755945,-0.0319913498293228,-0.699707018463561,-1.1459781115829426,0.9184771676276684,-0.963649861676971,-0.3036857334050418,1.0469866784197936,-0.3410550996344197,-0.83959412487839,0.4608306801939211,0.1337104553845832,-0.7049259983890863,0.1469491804436178,-0.4282895663715402,1.2145976802021623,-0.1960142830746339,-0.6546536707079772,other
-0.1035052022755945,-1.2545656494361206,-0.7386675428423712,-1.42714897504612,-0.1035052022755945,-0.9375941641385238,-0.699707018463561,-0.3179592448322615,0.9184771676276684,-0.963649861676971,-0.3036857334050418,1.0469866784197936,-1.2937229757082185,-1.0154990326677027,-2.3750504286917478,0.1337104553845832,-0.7049259983890863,-1.3837714491773996,-0.4282895663715402,-0.8233178906068351,-0.1960142830746339,1.5275252316519468,young
-0.1035052022755945,1.1320525803091943,0.2569530922366421,-0.5034279555987932,-0.1035052022755945,-0.6093796020836041,-0.699707018463561,0.5100596219184197,0.024146916773074,0.4493264750927811,-0.3036857334050418,-1.6724592395536964,0.6116127764393787,-0.3118794015104516,-2.3750504286917478,0.1337104553845832,-0.7049259983890863,0.1469491804436178,2.3348689263480744,-0.8233178906068351,-0.1960142830746339,-0.6546536707079772,other
-0.1035052022755945,-1.2545656494361206,-0.7386675428423712,-0.5034279555987932,-0.1035052022755945,-0.3747380901177758,-0.699707018463561,-0.3179592448322615,0.9184771676276684,0.4493264750927811,-0.3036857334050418,0.1405047057619635,-0.3410550996344197,-1.0154990326677027,0.4608306801939211,0.1337104553845832,-0.7049259983890863,-1.3837714491773996,-0.4282895663715402,-0.8233178906068351,-0.1960142830746339,-0.6546536707079772,young
-0.1035052022755945,-0.4590262395210155,-0.7386675428423712,-0.5034279555987932,-0.1035052022755945,-0.750093620588791,-0.699707018463561,1.3380784886691008,0.024146916773074,1.862302811862533,3.885083003216225,0.1405047057619635,-1.2937229757082185,0.3917402296467994,-2.3750504286917478,0.1337104553845832,1.027078911657809,-1.3837714491773996,-0.4282895663715402,-0.8233178906068351,-0.1960142830746339,-0.6546536707079772,other
-0.1035052022755945,-0.4590262395210155,-0.7386675428423712,-0.5034279555987932,-0.1035052022755945,-0.6157595827714967,-0.699707018463561,-1.1459781115829426,-1.7645135849361144,1.862302811862533,-0.3036857334050418,-1.6724592395536964,-1.2937229757082185,-1.1034514865623593,0.4608306801939211,-1.7495353951025054,-0.7049259983890863,0.1469491804436178,-0.4282895663715402,-0.8233178906068351,-0.1960142830746339,1.5275252316519468,young
-0.1035052022755945,1.1320525803091943,-0.7386675428423712,1.3440140832958607,-0.1035052022755945,-0.5728719348139963,-0.699707018463561,1.3380784886691008,-0.8701833340815202,0.4493264750927811,-0.3036857334050418,1.0469866784197936,-1.2937229757082185,2.414646669223896,0.4608306801939211,0.1337104553845832,1.027078911657809,-1.3837714491773996,-0.4282895663715402,1.2145976802021623,-0.1960142830746339,-0.6546536707079772,other
-0.1035052022755945,1.1320525803091943,-0.7386675428423712,-0.5034279555987932,-0.1035052022755945,-0.3899791550944081,-0.699707018463561,-1.1459781115829426,-0.8701833340815202,-0.963649861676971,-0.3036857334050418,-0.7659772668958664,0.6116127764393787,-0.5757367631944208,-2.3750504286917478,0.1337104553845832,-0.7049259983890863,0.1469491804436178,-0.4282895663715402,-0.8233178906068351,-0.1960142830746339,-0.6546536707079772,other
-0.1035052022755945,1.1320525803091943,0.2569530922366421,-0.5034279555987932,-0.1035052022755945,-0.0589290460670916,1.8331690664724063,-1.1459781115829426,0.9184771676276684,0.4493264750927811,-0.3036857334050418,-0.7659772668958664,0.6116127764393787,-0.9275465787730464,0.4608306801939211,0.1337104553845832,1.027078911657809,0.1469491804436178,-0.4282895663715402,-0.8233178906068351,-0.1960142830746339,-0.6546536707079772,young
-0.1035052022755945,1.1320525803091943,0.2569530922366421,-0.5034279555987932,-0.1035052022755945,-0.6948004546270551,-0.0664879972295691,0.5100596219184197,0.9184771676276684,1.862302811862533,-0.3036857334050418,0.1405047057619635,-0.3410550996344197,-0.83959412487839,0.4608306801939211,0.1337104553845832,-0.7049259983890863,0.1469491804436178,-0.4282895663715402,1.2145976802021623,-0.1960142830746339,-0.6546536707079772,other
-0.1035052022755945,1.1320525803091943,1.2525737273156554,-0.5034279555987932,-0.1035052022755945,-0.3109382832388497,1.8331690664724063,-0.3179592448322615,0.9184771676276684,-0.963649861676971,-0.3036857334050418,1.0469866784197936,0.6116127764393787,-0.9275465787730464,0.4608306801939211,0.1337104553845832,-0.7049259983890863,0.1469491804436178,-0.4282895663715402,-0.8233178906068351,-0.1960142830746339,-0.6546536707079772,young
-0.1035052022755945,1.1320525803091943,-1.1535094741252934,1.3440140832958607,-0.1035052022755945,-0.9007320534973666,1.8331690664724063,1.3380784886691008,0.9184771676276684,0.4493264750927811,-0.3036857334050418,-0.7659772668958664,-0.3410550996344197,0.9194549530147378,0.4608306801939211,-1.7495353951025054,1.027078911657809,-1.3837714491773996,-0.4282895663715402,1.2145976802021623,-0.1960142830746339,-0.6546536707079772,other
-0.1035052022755945,-1.2545656494361206,1.2525737273156554,-0.5034279555987932,-0.1035052022755945,-0.343547073421412,-0.699707018463561,-0.3179592448322615,0.9184771676276684,-2.376626198446723,-0.3036857334050418,1.0469866784197936,0.6116127764393787,-0.3998318554051081,0.4608306801939211,-1.7495353951025054,-0.7049259983890863,0.1469491804436178,-0.4282895663715402,-0.8233178906068351,-0.1960142830746339,1.5275252316519468,other
-0.1035052022755945,1.1320525803091943,-1.4024146328950466,1.3440140832958607,-0.1035052022755945,-0.626747327289534,-0.699707018463561,0.5100596219184197,-0.8701833340815202,0.4493264750927811,-0.3036857334050418,-1.6724592395536964,-1.2937229757082185,0.5676451374361121,0.4608306801939211,0.1337104553845832,1.027078911657809,-1.3837714491773996,2.3348689263480744,-0.8233178906068351,-0.1960142830746339,-0.6546536707079772,other
-0.1035052022755945,1.1320525803091943,1.7503840448551622,-0.5034279555987932,-0.1035052022755945,1.380465485795791,1.8331690664724063,0.5100596219184197,-0.8701833340815202,1.862302811862533,-0.3036857334050418,1.0469866784197936,-0.3410550996344197,-0.5757367631944208,0.4608306801939211,-1.7495353951025054,-0.7049259983890863,0.1469491804436178,-0.4282895663715402,1.2145976802021623,-0.1960142830746339,-0.6546536707079772,other
-0.1035052022755945,1.1320525803091943,0.2569530922366421,1.3440140832958607,-0.1035052022755945,-0.3715480997738296,-0.0664879972295691,1.3380784886691008,0.9184771676276684,0.4493264750927811,-0.3036857334050418,1.0469866784197936,-0.3410550996344197,1.4471696763826762,-2.3750504286917478,0.1337104553845832,1.027078911657809,0.1469491804436178,-0.4282895663715402,-0.8233178906068351,-0.1960142830746339,-0.6546536707079772,other
-0.1035052022755945,-0.4590262395210155,-0.2408572253028646,-0.5034279555987932,-0.1035052022755945,-0.7649802421938738,-0.699707018463561,-0.3179592448322615,0.9184771676276684,-0.963649861676971,3.885083003216225,1.0469866784197936,-1.2937229757082185,-0.83959412487839,0.4608306801939211,0.1337104553845832,-0.7049259983890863,-1.3837714491773996,2.3348689263480744,-0.8233178906068351,-0.1960142830746339,-0.6546536707079772,other
-0.1035052022755945,-1.2545656494361206,-0.2408572253028646,-0.5034279555987932,-0.1035052022755945,0.0842660760389424,-0.699707018463561,0.5100596219184197,0.9184771676276684,-0.963649861676971,3.885083003216225,-1.6724592395536964,-1.2937229757082185,-0.9275465787730464,0.4608306801939211,0.1337104553845832,-0.7049259983890863,0.1469491804436178,-0.4282895663715402,-0.8233178906068351,-0.1960142830746339,-0.6546536707079772,young
-0.1035052022755945,-1.2545656494361206,-0.2408572253028646,-0.5034279555987932,-0.1035052022755945,-0.0288013594853764,-0.699707018463561,-0.3179592448322615,-0.8701833340815202,-0.963649861676971,-0.3036857334050418,-0.7659772668958664,-1.2937229757082185,-1.0154990326677027,0.4608306801939211,0.1337104553845832,-0.7049259983890863,0.1469491804436178,-0.4282895663715402,-0.8233178906068351,-0.1960142830746339,1.5275252316519468,young
-0.1035052022755945,-0.4590262395210155,-0.7386675428423712,1.3440140832958607,-0.1035052022755945,0.1069504518181161,-0.699707018463561,-0.3179592448322615,-1.7645135849361144,-0.963649861676971,-0.3036857334050418,-1.6724592395536964,-1.2937229757082185,-1.1034514865623593,0.4608306801939211,0.1337104553845832,-0.7049259983890863,-1.3837714491773996,-0.4282895663715402,-0.8233178906068351,-0.1960142830746339,-0.6546536707079772,young
-0.1035052022755945,0.3365131703940894,0.2569530922366421,-0.5034279555987932,-0.1035052022755945,0.6666165354949181,-0.699707018463561,0.5100596219184197,0.9184771676276684,0.4493264750927811,-0.3036857334050418,-0.7659772668958664,0.6116127764393787,-0.9275465787730464,-2.3750504286917478,0.1337104553845832,-0.7049259983890863,0.1469491804436178,-0.4282895663715402,-0.8233178906068351,-0.1960142830746339,-0.6546536707079772,young
-0.1035052022755945,-1.2545656494361206,2.2481943623946687,-0.5034279555987932,-0.1035052022755945,1.3212734427470096,-0.699707018463561,0.5100596219184197,-1.7645135849361144,1.862302811862533,3.885083003216225,-1.6724592395536964,-1.2937229757082185,-0.1359744937211389,0.4608306801939211,0.1337104553845832,1.027078911657809,0.1469491804436178,-0.4282895663715402,1.2145976802021623,-0.1960142830746339,1.5275252316519468,other
-0.1035052022755945,1.1320525803091943,-0.7386675428423712,-0.5034279555987932,-0.1035052022755945,-0.8454388875356306,1.8331690664724063,-0.3179592448322615,0.9184771676276684,-0.963649861676971,-0.3036857334050418,-0.7659772668958664,0.6116127764393787,-1.279356394351672,0.4608306801939211,0.1337104553845832,-0.7049259983890863,0.1469491804436178,-0.4282895663715402,-0.8233178906068351,-0.1960142830746339,-0.6546536707079772,young
-0.1035052022755945,-1.2545656494361206,1.7503840448551622,-0.5034279555987932,-0.1035052022755945,1.3833010327681878,1.8331690664724063,0.5100596219184197,0.9184771676276684,-0.963649861676971,-0.3036857334050418,0.1405047057619635,0.6116127764393787,-0.4877843092997644,0.4608306801939211,0.1337104553845832,-0.7049259983890863,1.6776698100646354,-0.4282895663715402,1.2145976802021623,-0.1960142830746339,1.5275252316519468,other
-0.1035052022755945,-0.4590262395210155,-0.7386675428423712,-0.5034279555987932,-0.1035052022755945,-0.6334817513489762,1.8331690664724063,-0.3179592448322615,-0.8701833340815202,1.862302811862533,-0.3036857334050418,-1.6724592395536964,-1.2937229757082185,-0.9275465787730464,0.4608306801939211,0.1337104553845832,-0.7049259983890863,0.1469491804436178,-0.4282895663715402,1.2145976802021623,-0.1960142830746339,1.5275252316519468,young
-0.1035052022755945,-1.2545656494361206,0.0080479334668887,-0.5034279555987932,-0.1035052022755945,-0.5090721279350703,-0.699707018463561,-0.3179592448322615,0.024146916773074,-0.963649861676971,-0.3036857334050418,-0.7659772668958664,-1.2937229757082185,-0.9275465787730464,0.4608306801939211,0.1337104553845832,1.027078911657809,0.1469491804436178,-0.4282895663715402,1.2145976802021623,-0.1960142830746339,1.5275252316519468,young
-0.1035052022755945,1.1320525803091943,-0.2408572253028646,1.3440140832958607,-0.1035052022755945,-0.7522202808180886,1.1999500452384144,-0.3179592448322615,0.9184771676276684,0.4493264750927811,-0.3036857334050418,0.1405047057619635,-1.2937229757082185,0.9194549530147378,0.4608306801939211,0.1337104553845832,1.027078911657809,0.1469491804436178,-0.4282895663715402,-0.8233178906068351,-0.1960142830746339,-0.6546536707079772,other
-0.1035052022755945,1.1320525803091943,0.58882663726298,1.3440140832958607,-0.1035052022755945,-0.187237546568043,-0.699707018463561,1.3380784886691008,0.9184771676276684,0.4493264750927811,-0.3036857334050418,-0.7659772668958664,0.6116127764393787,-0.5757367631944208,0.4608306801939211,0.1337104553845832,1.027078911657809,0.1469491804436178,-0.4282895663715402,-0.8233178906068351,-0.1960142830746339,-0.6546536707079772,other
-0.1035052022755945,1.1320525803091943,0.2569530922366421,-0.5034279555987932,-0.1035052022755945,0.1239637336524964,-0.0664879972295691,1.3380784886691008,-0.8701833340815202,0.4493264750927811,-0.3036857334050418,1.0469866784197936,0.6116127764393787,-0.3998318554051081,0.4608306801939211,0.1337104553845832,1.027078911657809,0.1469491804436178,-0.4282895663715402,-0.8233178906068351,-0.1960142830746339,1.5275252316519468,other
-0.1035052022755945,-1.2545656494361206,-0.7386675428423712,-0.5034279555987932,-0.1035052022755945,-0.9110109112723048,-0.699707018463561,-0.3179592448322615,0.9184771676276684,1.862302811862533,-0.3036857334050418,-0.7659772668958664,-1.2937229757082185,0.3917402296467994,0.4608306801939211,0.1337104553845832,-0.7049259983890863,-1.3837714491773996,-0.4282895663715402,-0.8233178906068351,-0.1960142830746339,-0.6546536707079772,other
-0.1035052022755945,-0.4590262395210155,0.2569530922366421,-0.5034279555987932,-0.1035052022755945,0.6425143862295458,1.8331690664724063,1.3380784886691008,-0.8701833340815202,-0.963649861676971,-0.3036857334050418,1.0469866784197936,0.6116127764393787,0.5676451374361121,0.4608306801939211,0.1337104553845832,-0.7049259983890863,0.1469491804436178,-0.4282895663715402,1.2145976802021623,-0.1960142830746339,-0.6546536707079772,other
-0.1035052022755945,0.3365131703940894,-0.4897623840726178,-0.5034279555987932,-0.1035052022755945,-0.3346859891326723,-0.699707018463561,-1.1459781115829426,-0.8701833340815202,-0.963649861676971,-0.3036857334050418,0.1405047057619635,-1.2937229757082185,-0.9275465787730464,0.4608306801939211,0.1337104553845832,-0.7049259983890863,-1.3837714491773996,-0.4282895663715402,-0.8233178906068351,-0.1960142830746339,1.5275252316519468,young
-0.1035052022755945,-0.4590262395210155,0.2569530922366421,-0.5034279555987932,-0.1035052022755945,-0.4622856028905245,-0.699707018463561,1.3380784886691008,0.9184771676276684,-0.963649861676971,-0.3036857334050418,1.0469866784197936,0.6116127764393787,-1.3673088482463285,0.4608306801939211,0.1337104553845832,-0.7049259983890863,0.1469491804436178,-0.4282895663715402,1.2145976802021623,-0.1960142830746339,-0.6546536707079772,young
-0.1035052022755945,-0.4590262395210155,-0.2408572253028646,1.3440140832958607,-0.1035052022755945,-0.718193717149328,-0.699707018463561,-0.3179592448322615,0.9184771676276684,1.862302811862533,-0.3036857334050418,-0.7659772668958664,0.6116127764393787,-0.2239269476157952,0.4608306801939211,0.1337104553845832,-0.7049259983890863,0.1469491804436178,-0.4282895663715402,-0.8233178906068351,-0.1960142830746339,1.5275252316519468,other
-0.1035052022755945,1.1320525803091943,0.2569530922366421,-0.5034279555987932,-0.1035052022755945,-0.012851407765645,0.5667310240044227,1.3380784886691008,0.024146916773074,-2.376626198446723,-0.3036857334050418,-0.7659772668958664,0.6116127764393787,-0.83959412487839,0.4608306801939211,0.1337104553845832,-0.7049259983890863,1.6776698100646354,-0.4282895663715402,1.2145976802021623,-0.1960142830746339,-0.6546536707079772,other
-0.1035052022755945,-1.2545656494361206,-0.4897623840726178,-0.5034279555987932,-0.1035052022755945,-0.7862468444868492,-0.699707018463561,-1.1459781115829426,0.9184771676276684,1.862302811862533,-0.3036857334050418,-0.7659772668958664,-1.2937229757082185,-0.7516416709837337,0.4608306801939211,0.1337104553845832,-0.7049259983890863,0.1469491804436178,-0.4282895663715402,-0.8233178906068351,5.101669043266824,-0.6546536707079772,other
-0.1035052022755945,1.1320525803091943,0.2569530922366421,1.3440140832958607,-0.1035052022755945,-0.2340240716125888,-0.699707018463561,1.3380784886691008,0.9184771676276684,1.862302811862533,1.7906986349055911,0.1405047057619635,-1.2937229757082185,0.9194549530147378,0.4608306801939211,0.1337104553845832,1.027078911657809,0.1469491804436178,-0.4282895663715402,-0.8233178906068351,-0.1960142830746339,-0.6546536707079772,other
-0.1035052022755945,-0.4590262395210155,0.2569530922366421,-0.5034279555987932,-0.1035052022755945,-0.436765680138954,-0.699707018463561,-1.1459781115829426,-1.7645135849361144,1.862302811862533,-0.3036857334050418,-1.6724592395536964,-0.3410550996344197,-1.1914039404570156,0.4608306801939211,0.1337104553845832,-0.7049259983890863,0.1469491804436178,-0.4282895663715402,1.2145976802021623,-0.1960142830746339,1.5275252316519468,young
-0.1035052022755945,1.1320525803091943,-0.2408572253028646,-0.5034279555987932,-0.1035052022755945,-0.6373806284360216,-0.699707018463561,-1.1459781115829426,0.024146916773074,1.862302811862533,-0.3036857334050418,1.0469866784197936,-1.2937229757082185,0.3037877757521431,0.4608306801939211,0.1337104553845832,-0.7049259983890863,0.1469491804436178,-0.4282895663715402,1.2145976802021623,-0.1960142830746339,-0.6546536707079772,other
-0.1035052022755945,1.1320525803091943,0.2569530922366421,1.3440140832958607,-0.1035052022755945,-0.6221395634593894,1.1999500452384144,-0.3179592448322615,0.9184771676276684,-0.963649861676971,-0.3036857334050418,-1.6724592395536964,-1.2937229757082185,0.6555975913307684,0.4608306801939211,0.1337104553845832,1.027078911657809,-1.3837714491773996,-0.4282895663715402,-0.8233178906068351,-0.1960142830746339,-0.6546536707079772,other
-0.1035052022755945,1.1320525803091943,3.243814997473682,-0.5034279555987932,-0.1035052022755945,2.4359978462704683,-0.0664879972295691,0.5100596219184197,-0.8701833340815202,-0.963649861676971,-0.3036857334050418,1.0469866784197936,-1.2937229757082185,-1.279356394351672,0.4608306801939211,0.1337104553845832,-0.7049259983890863,0.1469491804436178,-0.4282895663715402,1.2145976802021623,-0.1960142830746339,-0.6546536707079772,young
-0.1035052022755945,-1.2545656494361206,-1.2364778603818778,1.3440140832958607,-0.1035052022755945,-0.4658300366060203,-0.699707018463561,0.5100596219184197,-1.7645135849361144,-0.963649861676971,-0.3036857334050418,1.0469866784197936,0.6116127764393787,-0.3998318554051081,0.4608306801939211,0.1337104553845832,-0.7049259983890863,0.1469491804436178,-0.4282895663715402,-0.8233178906068351,-0.1960142830746339,-0.6546536707079772,other
-0.1035052022755945,1.1320525803091943,-0.7386675428423712,1.3440140832958607,-0.1035052022755945,-0.7199659340070759,1.8331690664724063,1.3380784886691008,0.9184771676276684,-0.963649861676971,-0.3036857334050418,-0.7659772668958664,-1.2937229757082185,0.2158353218574867,0.4608306801939211,0.1337104553845832,1.027078911657809,0.1469491804436178,-0.4282895663715402,1.2145976802021623,-0.1960142830746339,-0.6546536707079772,other
-0.1035052022755945,0.3365131703940894,-0.7386675428423712,-0.5034279555987932,-0.1035052022755945,-0.0904745061350051,-0.699707018463561,-0.3179592448322615,0.024146916773074,1.862302811862533,-0.3036857334050418,-1.6724592395536964,0.6116127764393787,-1.0154990326677027,0.4608306801939211,0.1337104553845832,-0.7049259983890863,0.1469491804436178,-0.4282895663715402,-0.8233178906068351,-0.1960142830746339,-0.6546536707079772,young
-0.1035052022755945,1.1320525803091943,2.2481943623946687,1.3440140832958607,-0.1035052022755945,0.1087226686758641,1.8331690664724063,1.3380784886691008,0.9184771676276684,0.4493264750927811,-0.3036857334050418,-1.6724592395536964,-1.2937229757082185,1.007407406909394,0.4608306801939211,0.1337104553845832,-0.7049259983890863,0.1469491804436178,-0.4282895663715402,1.2145976802021623,-0.1960142830746339,-0.6546536707079772,other
-0.1035052022755945,-1.2545656494361206,-0.7386675428423712,-0.5034279555987932,-0.1035052022755945,-0.5640108505252566,0.5667310240044227,1.3380784886691008,0.024146916773074,1.862302811862533,-0.3036857334050418,-1.6724592395536964,-1.2937229757082185,-0.0480220398264825,0.4608306801939211,0.1337104553845832,-0.7049259983890863,0.1469491804436178,-0.4282895663715402,-0.8233178906068351,-0.1960142830746339,-0.6546536707079772,other
-0.1035052022755945,-1.2545656494361206,-0.2408572253028646,-0.5034279555987932,-0.1035052022755945,-0.6827493799943691,-0.699707018463561,-0.3179592448322615,0.9184771676276684,1.862302811862533,-0.3036857334050418,0.1405047057619635,-1.2937229757082185,-0.83959412487839,-2.3750504286917478,0.1337104553845832,-0.7049259983890863,0.1469491804436178,-0.4282895663715402,-0.8233178906068351,-0.1960142830746339,1.5275252316519468,other
-0.1035052022755945,1.1320525803091943,-0.7386675428423712,1.3440140832958607,-0.1035052022755945,-0.8769843476035442,1.8331690664724063,1.3380784886691008,0.9184771676276684,-0.963649861676971,-0.3036857334050418,0.1405047057619635,-0.3410550996344197,-0.2239269476157952,-2.3750504286917478,0.1337104553845832,-0.7049259983890863,-1.3837714491773996,2.3348689263480744,-0.8233178906068351,-0.1960142830746339,1.5275252316519468,other
-0.1035052022755945,1.1320525803091943,-0.7386675428423712,1.3440140832958607,-0.1035052022755945,-0.8135389840961675,1.8331690664724063,1.3380784886691008,0.9184771676276684,0.4493264750927811,-0.3036857334050418,1.0469866784197936,0.6116127764393787,-0.0480220398264825,0.4608306801939211,0.1337104553845832,1.027078911657809,0.1469491804436178,-0.4282895663715402,-0.8233178906068351,-0.1960142830746339,-0.6546536707079772,other
-0.1035052022755945,-0.4590262395210155,0.2569530922366421,-0.5034279555987932,-0.1035052022755945,-0.0635368098972363,-0.0664879972295691,-1.1459781115829426,0.024146916773074,1.862302811862533,-0.3036857334050418,-0.7659772668958664,0.6116127764393787,-1.1914039404570156,0.4608306801939211,-1.7495353951025054,-0.7049259983890863,0.1469491804436178,-0.4282895663715402,1.2145976802021623,-0.1960142830746339,1.5275252316519468,young
-0.1035052022755945,-0.4590262395210155,-1.2364778603818778,-0.5034279555987932,-0.1035052022755945,-0.9503541255143092,-0.699707018463561,-1.1459781115829426,0.024146916773074,1.862302811862533,-0.3036857334050418,0.1405047057619635,-1.2937229757082185,-0.83959412487839,0.4608306801939211,0.1337104553845832,-0.7049259983890863,-1.3837714491773996,-0.4282895663715402,-0.8233178906068351,5.101669043266824,-0.6546536707079772,other
-0.1035052022755945,-0.4590262395210155,1.2525737273156554,1.3440140832958607,-0.1035052022755945,-0.3311415554171763,-0.699707018463561,1.3380784886691008,0.9184771676276684,0.4493264750927811,-0.3036857334050418,1.0469866784197936,-1.2937229757082185,0.0399304140681737,0.4608306801939211,0.1337104553845832,-0.7049259983890863,0.1469491804436178,-0.4282895663715402,-0.8233178906068351,-0.1960142830746339,-0.6546536707079772,other
-0.1035052022755945,1.1320525803091943,2.2481943623946687,0.4202930638485338,-0.1035052022755945,1.4059854085473615,1.8331690664724063,1.3380784886691008,0.024146916773074,0.4493264750927811,-0.3036857334050418,0.1405047057619635,0.6116127764393787,-0.3118794015104516,-2.3750504286917478,0.1337104553845832,1.027078911657809,0.1469491804436178,2.3348689263480744,-0.8233178906068351,-0.1960142830746339,-0.6546536707079772,other
-0.1035052022755945,-1.2545656494361206,0.2569530922366421,0.4202930638485338,-0.1035052022755945,-0.571454161327798,-0.699707018463561,-1.1459781115829426,0.9184771676276684,-0.963649861676971,-0.3036857334050418,-0.7659772668958664,0.6116127764393787,-0.5757367631944208,0.4608306801939211,-1.7495353951025054,-0.7049259983890863,-1.3837714491773996,-0.4282895663715402,1.2145976802021623,-0.1960142830746339,1.5275252316519468,other
-0.1035052022755945,1.1320525803091943,-0.7386675428423712,1.3440140832958607,-0.1035052022755945,-0.8298433791874488,1.8331690664724063,1.3380784886691008,0.9184771676276684,0.4493264750927811,-0.3036857334050418,1.0469866784197936,-1.2937229757082185,2.590551577013209,0.4608306801939211,0.1337104553845832,4.4910887317516,0.1469491804436178,-0.4282895663715402,-0.8233178906068351,-0.1960142830746339,-0.6546536707079772,other
-0.1035052022755945,1.1320525803091943,0.2569530922366421,-0.5034279555987932,-0.1035052022755945,-0.309874953124201,0.5667310240044227,1.3380784886691008,0.024146916773074,0.4493264750927811,-0.3036857334050418,-0.7659772668958664,0.6116127764393787,-0.0480220398264825,-2.3750504286917478,0.1337104553845832,1.027078911657809,0.1469491804436178,-0.4282895663715402,1.2145976802021623,-0.1960142830746339,1.5275252316519468,other
-0.1035052022755945,1.1320525803091943,-1.2364778603818778,1.3440140832958607,-0.1035052022755945,-0.5427442482322813,-0.699707018463561,1.3380784886691008,-0.8701833340815202,1.862302811862533,-0.3036857334050418,-0.7659772668958664,-1.2937229757082185,-0.4877843092997644,0.4608306801939211,-1.7495353951025054,1.027078911657809,0.1469491804436178,-0.4282895663715402,-0.8233178906068351,-0.1960142830746339,-0.6546536707079772,other
-0.1035052022755945,1.1320525803091943,-0.2408572253028646,-0.5034279555987932,-0.1035052022755945,0.4688371341702469,-0.699707018463561,-1.1459781115829426,0.024146916773074,0.4493264750927811,-0.3036857334050418,-0.7659772668958664,0.6116127764393787,-0.3118794015104516,0.4608306801939211,0.1337104553845832,-0.7049259983890863,0.1469491804436178,-0.4282895663715402,1.2145976802021623,-0.1960142830746339,-0.6546536707079772,other
-0.1035052022755945,-0.4590262395210155,1.2525737273156554,-0.5034279555987932,-0.1035052022755945,-0.3361037626188706,-0.699707018463561,0.5100596219184197,0.9184771676276684,0.4493264750927811,-0.3036857334050418,1.0469866784197936,0.6116127764393787,-1.0154990326677027,0.4608306801939211,-1.7495353951025054,-0.7049259983890863,0.1469491804436178,-0.4282895663715402,-0.8233178906068351,-0.1960142830746339,-0.6546536707079772,young
-0.1035052022755945,1.1320525803091943,-1.2364778603818778,0.4202930638485338,-0.1035052022755945,-0.8291344924443496,-0.699707018463561,-0.3179592448322615,0.024146916773074,-0.963649861676971,-0.3036857334050418,-0.7659772668958664,-1.2937229757082185,-1.0154990326677027,0.4608306801939211,0.1337104553845832,-0.7049259983890863,0.1469491804436178,-0.4282895663715402,-0.8233178906068351,-0.1960142830746339,-0.6546536707079772,young
-0.1035052022755945,-0.4590262395210155,-1.2364778603818778,-0.5034279555987932,-0.1035052022755945,-0.9879251228985656,-0.699707018463561,0.5100596219184197,0.024146916773074,1.862302811862533,3.885083003216225,0.1405047057619635,-1.2937229757082185,-0.6636892170890771,-2.3750504286917478,0.1337104553845832,-0.7049259983890863,-1.3837714491773996,-0.4282895663715402,-0.8233178906068351,-0.1960142830746339,-0.6546536707079772,other
-0.1035052022755945,1.1320525803091943,-1.2364778603818778,-0.5034279555987932,-0.1035052022755945,-0.9758740482658796,-0.699707018463561,-0.3179592448322615,0.024146916773074,-0.963649861676971,-0.3036857334050418,-1.6724592395536964,-1.2937229757082185,-0.5757367631944208,0.4608306801939211,0.1337104553845832,-0.7049259983890863,0.1469491804436178,-0.4282895663715402,-0.8233178906068351,-0.1960142830746339,-0.6546536707079772,other
-0.1035052022755945,-0.4590262395210155,-0.9875727016121244,1.3440140832958607,-0.1035052022755945,-0.7504480639603407,-0.699707018463561,1.3380784886691008,-0.8701833340815202,0.4493264750927811,-0.3036857334050418,1.0469866784197936,-1.2937229757082185,0.1278828679628304,0.4608306801939211,0.1337104553845832,2.759083821704704,-1.3837714491773996,-0.4282895663715402,-0.8233178906068351,-0.1960142830746339,-0.6546536707079772,other
-0.1035052022755945,-0.4590262395210155,-1.1535094741252934,-0.5034279555987932,-0.1035052022755945,-0.2464295896168245,-0.699707018463561,-0.3179592448322615,-0.8701833340815202,0.4493264750927811,3.885083003216225,-0.7659772668958664,-1.2937229757082185,-0.0480220398264825,0.4608306801939211,0.1337104553845832,-0.7049259983890863,0.1469491804436178,-0.4282895663715402,-0.8233178906068351,-0.1960142830746339,-0.6546536707079772,other
-0.1035052022755945,0.3365131703940894,0.7547634097761486,1.3440140832958607,-0.1035052022755945,0.1363692516567321,1.8331690664724063,1.3380784886691008,0.9184771676276684,0.4493264750927811,-0.3036857334050418,1.0469866784197936,-0.3410550996344197,1.1833123146987068,-0.9571098742489133,0.1337104553845832,1.027078911657809,-1.3837714491773996,-0.4282895663715402,-0.8233178906068351,-0.1960142830746339,-0.6546536707079772,other
-0.1035052022755945,-1.2545656494361206,0.2569530922366421,1.3440140832958607,-0.1035052022755945,-0.7231559243510223,1.1999500452384144,1.3380784886691008,0.9184771676276684,-0.963649861676971,-0.3036857334050418,1.0469866784197936,-0.3410550996344197,1.886931945855958,0.4608306801939211,-1.7495353951025054,1.027078911657809,1.6776698100646354,-0.4282895663715402,1.2145976802021623,-0.1960142830746339,-0.6546536707079772,other
-0.1035052022755945,1.1320525803091943,-1.2364778603818778,-1.42714897504612,-0.1035052022755945,-0.5391998145167853,0.5667310240044227,1.3380784886691008,-0.8701833340815202,0.4493264750927811,-0.3036857334050418,1.0469866784197936,-0.3410550996344197,0.8315024991200815,-2.3750504286917478,0.1337104553845832,-0.7049259983890863,-1.3837714491773996,2.3348689263480744,-0.8233178906068351,-0.1960142830746339,-0.6546536707079772,other
-0.1035052022755945,0.3365131703940894,-0.4897623840726178,1.3440140832958607,-0.1035052022755945,-0.7089781894890388,1.8331690664724063,-0.3179592448322615,0.024146916773074,0.4493264750927811,-0.3036857334050418,1.0469866784197936,1.5642806525131776,0.3037877757521431,0.4608306801939211,2.016956305871672,1.027078911657809,0.1469491804436178,-0.4282895663715402,1.2145976802021623,-0.1960142830746339,1.5275252316519468,other
-0.1035052022755945,1.1320525803091943,-0.2408572253028646,-0.5034279555987932,-0.1035052022755945,-0.7603724783637292,1.8331690664724063,-1.1459781115829426,0.9184771676276684,-0.963649861676971,-0.3036857334050418,-0.7659772668958664,-1.2937229757082185,-1.279356394351672,0.4608306801939211,-1.7495353951025054,-0.7049259983890863,0.1469491804436178,-0.4282895663715402,1.2145976802021623,-0.1960142830746339,-0.6546536707079772,young
-0.1035052022755945,0.3365131703940894,0.7547634097761486,1.3440140832958607,-0.1035052022755945,-0.0901200627634555,-0.699707018463561,1.3380784886691008,0.9184771676276684,0.4493264750927811,-0.3036857334050418,1.0469866784197936,-0.3410550996344197,1.007407406909394,0.4608306801939211,0.1337104553845832,-0.7049259983890863,0.1469491804436178,-0.4282895663715402,-0.8233178906068351,-0.1960142830746339,-0.6546536707079772,other
-0.1035052022755945,-1.2545656494361206,0.2569530922366421,-0.5034279555987932,-0.1035052022755945,-0.7050793124019933,-0.0664879972295691,-0.3179592448322615,0.9184771676276684,-0.963649861676971,-0.3036857334050418,-0.7659772668958664,0.6116127764393787,-0.3118794015104516,0.4608306801939211,0.1337104553845832,-0.7049259983890863,-1.3837714491773996,-0.4282895663715402,-0.8233178906068351,-0.1960142830746339,1.5275252316519468,other
-0.1035052022755945,1.1320525803091943,0.2569530922366421,1.3440140832958607,-0.1035052022755945,-0.3003049820923621,1.8331690664724063,1.3380784886691008,0.9184771676276684,0.4493264750927811,-0.3036857334050418,1.0469866784197936,-0.3410550996344197,1.5351221302773324,0.4608306801939211,0.1337104553845832,1.027078911657809,0.1469491804436178,-0.4282895663715402,-0.8233178906068351,-0.1960142830746339,-0.6546536707079772,other
-0.1035052022755945,0.3365131703940894,-0.7386675428423712,-0.5034279555987932,-0.1035052022755945,-0.6997626618287494,-0.699707018463561,-0.3179592448322615,0.024146916773074,1.862302811862533,-0.3036857334050418,1.0469866784197936,-1.2937229757082185,-1.1034514865623593,0.4608306801939211,-1.7495353951025054,-0.7049259983890863,0.1469491804436178,-0.4282895663715402,-0.8233178906068351,-0.1960142830746339,-0.6546536707079772,young
-0.1035052022755945,1.1320525803091943,-0.4897623840726178,-1.42714897504612,-0.1035052022755945,-0.6033540647672611,-0.0664879972295691,1.3380784886691008,0.9184771676276684,0.4493264750927811,-0.3036857334050418,1.0469866784197936,0.6116127764393787,-0.1359744937211389,-2.3750504286917478,0.1337104553845832,-0.7049259983890863,-1.3837714491773996,2.3348689263480744,-0.8233178906068351,-0.1960142830746339,-0.6546536707079772,other
-0.1035052022755945,1.1320525803091943,2.2481943623946687,-0.5034279555987932,-0.1035052022755945,2.463644429251336,1.8331690664724063,0.5100596219184197,0.9184771676276684,0.4493264750927811,-0.3036857334050418,0.1405047057619635,0.6116127764393787,0.1278828679628304,-0.9571098742489133,0.1337104553845832,-0.7049259983890863,0.1469491804436178,-0.4282895663715402,1.2145976802021623,-0.1960142830746339,-0.6546536707079772,other
-0.1035052022755945,-1.2545656494361206,-0.9875727016121244,1.3440140832958607,-0.1035052022755945,-0.7561191579051342,-0.699707018463561,-0.3179592448322615,0.9184771676276684,0.4493264750927811,-0.3036857334050418,1.0469866784197936,-1.2937229757082185,-0.9275465787730464,0.4608306801939211,0.1337104553845832,1.027078911657809,-1.3837714491773996,-0.4282895663715402,-0.8233178906068351,-0.1960142830746339,-0.6546536707079772,young
-0.1035052022755945,1.1320525803091943,0.7547634097761486,1.3440140832958607,-0.1035052022755945,-0.0688534604704802,1.8331690664724063,1.3380784886691008,0.024146916773074,0.4493264750927811,-0.3036857334050418,-0.7659772668958664,0.6116127764393787,0.3917402296467994,0.4608306801939211,0.1337104553845832,1.027078911657809,0.1469491804436178,2.3348689263480744,1.2145976802021623,-0.1960142830746339,-0.6546536707079772,other
-0.1035052022755945,1.1320525803091943,-0.2408572253028646,-0.5034279555987932,-0.1035052022755945,-0.6260384405464348,-0.699707018463561,-0.3179592448322615,0.9184771676276684,0.4493264750927811,-0.3036857334050418,-0.7659772668958664,1.5642806525131776,-0.3118794015104516,0.4608306801939211,2.016956305871672,-0.7049259983890863,1.6776698100646354,-0.4282895663715402,1.2145976802021623,-0.1960142830746339,-0.6546536707079772,other
-0.1035052022755945,0.3365131703940894,0.2569530922366421,1.3440140832958607,-0.1035052022755945,-0.0436879810904593,1.8331690664724063,-0.3179592448322615,0.024146916773074,0.4493264750927811,-0.3036857334050418,-0.7659772668958664,0.6116127764393787,-0.3998318554051081,0.4608306801939211,0.1337104553845832,1.027078911657809,0.1469491804436178,-0.4282895663715402,1.2145976802021623,-0.1960142830746339,-0.6546536707079772,other
-0.1035052022755945,1.1320525803091943,0.2569530922366421,-0.5034279555987932,-0.1035052022755945,0.0562650496865248,0.5667310240044227,1.3380784886691008,0.024146916773074,0.4493264750927811,-0.3036857334050418,-0.7659772668958664,0.6116127764393787,-0.3998318554051081,0.4608306801939211,0.1337104553845832,-0.7049259983890863,0.1469491804436178,2.3348689263480744,1.2145976802021623,-0.1960142830746339,-0.6546536707079772,other
-0.1035052022755945,-1.2545656494361206,-1.2364778603818778,-0.5034279555987932,-0.1035052022755945,-0.2212641102368037,0.5667310240044227,-0.3179592448322615,-0.8701833340815202,0.4493264750927811,-0.3036857334050418,0.1405047057619635,-1.2937229757082185,0.7435500452254251,0.4608306801939211,-1.7495353951025054,-0.7049259983890863,0.1469491804436178,2.3348689263480744,-0.8233178906068351,-0.1960142830746339,-0.6546536707079772,other
-0.1035052022755945,0.3365131703940894,-0.9875727016121244,-2.350869994493447,-0.1035052022755945,-0.6855849269667659,-0.699707018463561,-1.1459781115829426,0.9184771676276684,0.4493264750927811,-0.3036857334050418,-0.7659772668958664,0.6116127764393787,-0.1359744937211389,0.4608306801939211,0.1337104553845832,1.027078911657809,1.6776698100646354,-0.4282895663715402,1.2145976802021623,-0.1960142830746339,1.5275252316519468,other
-0.1035052022755945,-0.4590262395210155,0.2569530922366421,1.3440140832958607,-0.1035052022755945,-0.5416809181176325,-0.699707018463561,1.3380784886691008,0.9184771676276684,0.4493264750927811,-0.3036857334050418,-0.7659772668958664,-0.3410550996344197,1.095359860804051,0.4608306801939211,0.1337104553845832,1.027078911657809,-1.3837714491773996,-0.4282895663715402,-0.8233178906068351,-0.1960142830746339,-0.6546536707079772,other
-0.1035052022755945,-1.2545656494361206,-0.2408572253028646,1.3440140832958607,-0.1035052022755945,-0.4931221762153387,-0.699707018463561,0.5100596219184197,0.9184771676276684,1.862302811862533,-0.3036857334050418,-1.6724592395536964,-0.3410550996344197,-0.3118794015104516,0.4608306801939211,0.1337104553845832,1.027078911657809,1.6776698100646354,-0.4282895663715402,1.2145976802021623,-0.1960142830746339,-0.6546536707079772,other
-0.1035052022755945,1.1320525803091943,0.2569530922366421,1.3440140832958607,-0.1035052022755945,-0.5034010339902768,-0.699707018463561,0.5100596219184197,0.9184771676276684,1.862302811862533,3.885083003216225,-0.7659772668958664,0.6116127764393787,-0.2239269476157952,0.4608306801939211,0.1337104553845832,1.027078911657809,0.1469491804436178,-0.4282895663715402,1.2145976802021623,-0.1960142830746339,-0.6546536707079772,other
-0.1035052022755945,-1.2545656494361206,1.7503840448551622,0.4202930638485338,-0.1035052022755945,0.389441818943139,-0.699707018463561,0.5100596219184197,0.024146916773074,0.4493264750927811,-0.3036857334050418,-0.7659772668958664,-0.3410550996344197,-0.83959412487839,-2.3750504286917478,0.1337104553845832,1.027078911657809,0.1469491804436178,2.3348689263480744,1.2145976802021623,-0.1960142830746339,1.5275252316519468,other
-0.1035052022755945,1.1320525803091943,-0.7386675428423712,-0.5034279555987932,-0.1035052022755945,-0.6302917610050298,-0.699707018463561,-1.1459781115829426,0.9184771676276684,-0.963649861676971,-0.3036857334050418,0.1405047057619635,0.6116127764393787,-0.1359744937211389,0.4608306801939211,0.1337104553845832,-0.7049259983890863,0.1469491804436178,2.3348689263480744,-0.8233178906068351,-0.1960142830746339,-0.6546536707079772,other
-0.1035052022755945,1.1320525803091943,3.243814997473682,0.4202930638485338,-0.1035052022755945,4.388626380137157,-0.699707018463561,0.5100596219184197,-0.8701833340815202,0.4493264750927811,-0.3036857334050418,1.0469866784197936,0.6116127764393787,-1.279356394351672,0.4608306801939211,0.1337104553845832,1.027078911657809,0.1469491804436178,-0.4282895663715402,1.2145976802021623,-0.1960142830746339,-0.6546536707079772,young
-0.1035052022755945,1.1320525803091943,0.2569530922366421,-0.5034279555987932,-0.1035052022755945,-0.6717616354763317,0.5667310240044227,0.5100596219184197,0.9184771676276684,-0.963649861676971,-0.3036857334050418,-1.6724592395536964,0.6116127764393787,-0.6636892170890771,0.4608306801939211,0.1337104553845832,-0.7049259983890863,0.1469491804436178,-0.4282895663715402,-0.8233178906068351,-0.1960142830746339,-0.6546536707079772,other
-0.1035052022755945,-1.2545656494361206,-0.2408572253028646,-0.5034279555987932,-0.1035052022755945,-0.4732733474085617,1.8331690664724063,0.5100596219184197,-0.8701833340815202,1.862302811862533,-0.3036857334050418,1.0469866784197936,0.6116127764393787,-1.1034514865623593,0.4608306801939211,-1.7495353951025054,1.027078911657809,-1.3837714491773996,-0.4282895663715402,-0.8233178906068351,-0.1960142830746339,-0.6546536707079772,young
-0.1035052022755945,-0.4590262395210155,-0.7386675428423712,-0.5034279555987932,-0.1035052022755945,-0.6040629515103603,-0.699707018463561,-0.3179592448322615,-1.7645135849361144,-0.963649861676971,-0.3036857334050418,-1.6724592395536964,0.6116127764393787,-1.1914039404570156,0.4608306801939211,0.1337104553845832,-0.7049259983890863,0.1469491804436178,-0.4282895663715402,1.2145976802021623,-0.1960142830746339,-0.6546536707079772,young
-0.1035052022755945,0.3365131703940894,-0.7386675428423712,-1.42714897504612,-0.1035052022755945,-1.0145083757647848,1.1999500452384144,-0.3179592448322615,0.024146916773074,-0.963649861676971,-0.3036857334050418,0.1405047057619635,-1.2937229757082185,0.5676451374361121,0.4608306801939211,-1.7495353951025054,1.027078911657809,0.1469491804436178,-0.4282895663715402,-0.8233178906068351,-0.1960142830746339,-0.6546536707079772,other
-0.1035052022755945,1.1320525803091943,-0.2408572253028646,1.3440140832958607,-0.1035052022755945,-0.936530834023875,0.5667310240044227,1.3380784886691008,0.9184771676276684,0.4493264750927811,-0.3036857334050418,0.1405047057619635,-0.3410550996344197,-0.3118794015104516,-2.3750504286917478,0.1337104553845832,1.027078911657809,1.6776698100646354,-0.4282895663715402,1.2145976802021623,-0.1960142830746339,-0.6546536707079772,other
-0.1035052022755945,1.1320525803091943,-0.2408572253028646,1.3440140832958607,-0.1035052022755945,-0.5214776459393059,-0.699707018463561,-0.3179592448322615,0.9184771676276684,0.4493264750927811,-0.3036857334050418,-0.7659772668958664,0.6116127764393787,-1.0154990326677027,0.4608306801939211,0.1337104553845832,1.027078911657809,0.1469491804436178,-0.4282895663715402,-0.8233178906068351,-0.1960142830746339,-0.6546536707079772,young
-0.1035052022755945,-0.4590262395210155,-0.7386675428423712,-0.5034279555987932,-0.1035052022755945,-0.7685246759093697,-0.699707018463561,0.5100596219184197,0.9184771676276684,0.4493264750927811,3.885083003216225,0.1405047057619635,-1.2937229757082185,-0.5757367631944208,0.4608306801939211,0.1337104553845832,1.027078911657809,0.1469491804436178,-0.4282895663715402,-0.8233178906068351,5.101669043266824,-0.6546536707079772,other
-0.1035052022755945,0.3365131703940894,0.2569530922366421,-0.5034279555987932,-0.1035052022755945,-0.6714071921047822,-0.0664879972295691,1.3380784886691008,0.9184771676276684,-0.963649861676971,-0.3036857334050418,-0.7659772668958664,1.5642806525131776,1.007407406909394,0.4608306801939211,2.016956305871672,-0.7049259983890863,0.1469491804436178,-0.4282895663715402,1.2145976802021623,-0.1960142830746339,-0.6546536707079772,other
-0.1035052022755945,1.1320525803091943,0.2569530922366421,-0.5034279555987932,-0.1035052022755945,-0.3499270541093046,-0.699707018463561,0.5100596219184197,0.9184771676276684,0.4493264750927811,-0.3036857334050418,-0.7659772668958664,0.6116127764393787,-0.6636892170890771,0.4608306801939211,0.1337104553845832,-0.7049259983890863,0.1469491804436178,-0.4282895663715402,1.2145976802021623,-0.1960142830746339,-0.6546536707079772,other
-0.1035052022755945,-0.4590262395210155,0.2569530922366421,-0.5034279555987932,-0.1035052022755945,-0.1330077107209558,-0.0664879972295691,-1.1459781115829426,-0.8701833340815202,0.4493264750927811,-0.3036857334050418,-1.6724592395536964,0.6116127764393787,-0.5757367631944208,0.4608306801939211,0.1337104553845832,-0.7049259983890863,0.1469491804436178,-0.4282895663715402,-0.8233178906068351,-0.1960142830746339,-0.6546536707079772,other
-0.1035052022755945,-1.2545656494361206,1.9992892036249152,-0.5034279555987932,-0.1035052022755945,-0.5055276942195743,-0.699707018463561,-0.3179592448322615,0.9184771676276684,0.4493264750927811,-0.3036857334050418,1.0469866784197936,1.5642806525131776,-1.1034514865623593,0.4608306801939211,2.016956305871672,-0.7049259983890863,0.1469491804436178,-0.4282895663715402,1.2145976802021623,-0.1960142830746339,1.5275252316519468,young
-0.1035052022755945,1.1320525803091943,-0.9875727016121244,-0.5034279555987932,-0.1035052022755945,-0.1836931128525471,-0.0664879972295691,1.3380784886691008,0.024146916773074,0.4493264750927811,1.7906986349055911,1.0469866784197936,0.6116127764393787,-0.0480220398264825,0.4608306801939211,0.1337104553845832,-0.7049259983890863,0.1469491804436178,-0.4282895663715402,1.2145976802021623,-0.1960142830746339,-0.6546536707079772,other
-0.1035052022755945,0.3365131703940894,-0.90460431535554,1.3440140832958607,-0.1035052022755945,-0.6820404932512699,1.8331690664724063,0.5100596219184197,0.9184771676276684,0.4493264750927811,-0.3036857334050418,-0.7659772668958664,-0.3410550996344197,-0.7516416709837337,0.4608306801939211,0.1337104553845832,1.027078911657809,0.1469491804436178,-0.4282895663715402,1.2145976802021623,-0.1960142830746339,-0.6546536707079772,other
-0.1035052022755945,-0.4590262395210155,-0.9875727016121244,-0.5034279555987932,-0.1035052022755945,-0.732017008639762,-0.699707018463561,1.3380784886691008,0.9184771676276684,-0.963649861676971,-0.3036857334050418,1.0469866784197936,-1.2937229757082185,-0.9275465787730464,0.4608306801939211,0.1337104553845832,-0.7049259983890863,0.1469491804436178,-0.4282895663715402,-0.8233178906068351,-0.1960142830746339,-0.6546536707079772,young
-0.1035052022755945,1.1320525803091943,-0.7386675428423712,-0.5034279555987932,-0.1035052022755945,-0.874503244002697,-0.699707018463561,1.3380784886691008,0.9184771676276684,0.4493264750927811,-0.3036857334050418,1.0469866784197936,0.6116127764393787,0.2158353218574867,0.4608306801939211,0.1337104553845832,-0.7049259983890863,0.1469491804436178,-0.4282895663715402,-0.8233178906068351,-0.1960142830746339,-0.6546536707079772,other
-0.1035052022755945,1.1320525803091943,0.2569530922366421,1.3440140832958607,-0.1035052022755945,0.6492488102889882,-0.699707018463561,-1.1459781115829426,0.024146916773074,1.862302811862533,-0.3036857334050418,0.1405047057619635,1.5642806525131776,1.007407406909394,0.4608306801939211,2.016956305871672,2.759083821704704,0.1469491804436178,-0.4282895663715402,1.2145976802021623,-0.1960142830746339,-0.6546536707079772,other
-0.1035052022755945,1.1320525803091943,-0.4897623840726178,0.4202930638485338,-0.1035052022755945,-0.6356084115782736,-0.699707018463561,-0.3179592448322615,0.9184771676276684,1.862302811862533,-0.3036857334050418,0.1405047057619635,-1.2937229757082185,-0.2239269476157952,-2.3750504286917478,0.1337104553845832,1.027078911657809,0.1469491804436178,-0.4282895663715402,-0.8233178906068351,-0.1960142830746339,-0.6546536707079772,other
-0.1035052022755945,1.1320525803091943,-0.7386675428423712,-0.5034279555987932,-0.1035052022755945,-0.3516992709670526,1.8331690664724063,-0.3179592448322615,0.9184771676276684,0.4493264750927811,-0.3036857334050418,1.0469866784197936,1.5642806525131776,0.1278828679628304,0.4608306801939211,2.016956305871672,-0.7049259983890863,0.1469491804436178,-0.4282895663715402,1.2145976802021623,-0.1960142830746339,-0.6546536707079772,other
-0.1035052022755945,1.1320525803091943,-0.7386675428423712,-0.5034279555987932,-0.1035052022755945,-0.0752334411583726,1.1999500452384144,0.5100596219184197,-0.8701833340815202,-2.376626198446723,-0.3036857334050418,1.0469866784197936,-1.2937229757082185,2.2387417614345835,0.4608306801939211,0.1337104553845832,-0.7049259983890863,-1.3837714491773996,-0.4282895663715402,-0.8233178906068351,-0.1960142830746339,-0.6546536707079772,other
-0.1035052022755945,1.1320525803091943,-0.2408572253028646,-0.5034279555987932,-0.1035052022755945,-0.6444694958670134,-0.699707018463561,-1.1459781115829426,0.024146916773074,-0.963649861676971,-0.3036857334050418,-1.6724592395536964,-1.2937229757082185,-0.83959412487839,0.4608306801939211,0.1337104553845832,-0.7049259983890863,0.1469491804436178,-0.4282895663715402,-0.8233178906068351,-0.1960142830746339,-0.6546536707079772,other
-0.1035052022755945,-1.2545656494361206,0.2569530922366421,-0.5034279555987932,-0.1035052022755945,-0.3144827169543457,-0.699707018463561,1.3380784886691008,0.9184771676276684,0.4493264750927811,-0.3036857334050418,1.0469866784197936,-1.2937229757082185,2.502599123118553,-2.3750504286917478,-1.7495353951025054,-0.7049259983890863,-1.3837714491773996,-0.4282895663715402,-0.8233178906068351,-0.1960142830746339,-0.6546536707079772,other
-0.1035052022755945,-0.4590262395210155,4.239435632552695,-0.5034279555987932,-0.1035052022755945,0.823634949091386,-0.0664879972295691,-0.3179592448322615,-0.8701833340815202,1.862302811862533,-0.3036857334050418,-0.7659772668958664,0.6116127764393787,-1.0154990326677027,0.4608306801939211,0.1337104553845832,-0.7049259983890863,0.1469491804436178,-0.4282895663715402,-0.8233178906068351,-0.1960142830746339,1.5275252316519468,young
-0.1035052022755945,1.1320525803091943,0.7547634097761486,1.3440140832958607,-0.1035052022755945,0.4461527583910732,-0.699707018463561,0.5100596219184197,0.9184771676276684,-0.963649861676971,-0.3036857334050418,1.0469866784197936,0.6116127764393787,-0.83959412487839,0.4608306801939211,-1.7495353951025054,-0.7049259983890863,1.6776698100646354,-0.4282895663715402,1.2145976802021623,-0.1960142830746339,-0.6546536707079772,other
-0.1035052022755945,-0.4590262395210155,-0.9875727016121244,-0.5034279555987932,-0.1035052022755945,-0.4087646537865365,-0.699707018463561,-0.3179592448322615,-0.8701833340815202,0.4493264750927811,-0.3036857334050418,-0.7659772668958664,-1.2937229757082185,0.1278828679628304,0.4608306801939211,0.1337104553845832,-0.7049259983890863,-1.3837714491773996,2.3348689263480744,-0.8233178906068351,-0.1960142830746339,-0.6546536707079772,other
-0.1035052022755945,1.1320525803091943,-1.2364778603818778,-2.350869994493447,-0.1035052022755945,-1.008482838448442,-0.699707018463561,1.3380784886691008,0.9184771676276684,1.862302811862533,-0.3036857334050418,1.0469866784197936,0.6116127764393787,0.3037877757521431,0.4608306801939211,0.1337104553845832,-0.7049259983890863,-1.3837714491773996,-0.4282895663715402,-0.8233178906068351,-0.1960142830746339,-0.6546536707079772,other
-0.1035052022755945,-0.4590262395210155,-0.4897623840726178,-0.5034279555987932,-0.1035052022755945,-0.6476594862109597,1.8331690664724063,-1.1459781115829426,0.9184771676276684,0.4493264750927811,-0.3036857334050418,-1.6724592395536964,-0.3410550996344197,-1.1034514865623593,0.4608306801939211,0.1337104553845832,-0.7049259983890863,0.1469491804436178,-0.4282895663715402,-0.8233178906068351,-0.1960142830746339,-0.6546536707079772,young
-0.1035052022755945,-0.4590262395210155,-0.4897623840726178,1.3440140832958607,-0.1035052022755945,-0.6146962526568479,1.8331690664724063,1.3380784886691008,0.9184771676276684,0.4493264750927811,3.885083003216225,1.0469866784197936,-1.2937229757082185,1.2712647685933636,0.4608306801939211,0.1337104553845832,1.027078911657809,0.1469491804436178,-0.4282895663715402,1.2145976802021623,-0.1960142830746339,-0.6546536707079772,other
-0.1035052022755945,1.1320525803091943,-0.7386675428423712,-0.5034279555987932,-0.1035052022755945,-0.424714605506268,-0.0664879972295691,-0.3179592448322615,0.9184771676276684,-0.963649861676971,1.7906986349055911,-0.7659772668958664,-1.2937229757082185,-0.6636892170890771,0.4608306801939211,0.1337104553845832,-0.7049259983890863,0.1469491804436178,-0.4282895663715402,-0.8233178906068351,-0.1960142830746339,-0.6546536707079772,other
-0.1035052022755945,-0.4590262395210155,-0.90460431535554,-1.42714897504612,-0.1035052022755945,-0.7880190613445971,-0.699707018463561,-0.3179592448322615,0.9184771676276684,0.4493264750927811,-0.3036857334050418,1.0469866784197936,-1.2937229757082185,-1.1034514865623593,-0.9571098742489133,0.1337104553845832,-0.7049259983890863,-1.3837714491773996,-0.4282895663715402,-0.8233178906068351,-0.1960142830746339,-0.6546536707079772,young
-0.1035052022755945,1.1320525803091943,0.0080479334668887,-0.5034279555987932,-0.1035052022755945,-0.0394346606318642,1.8331690664724063,1.3380784886691008,0.9184771676276684,0.4493264750927811,-0.3036857334050418,0.1405047057619635,-0.3410550996344197,0.4796926835414558,0.4608306801939211,0.1337104553845832,-0.7049259983890863,0.1469491804436178,-0.4282895663715402,1.2145976802021623,-0.1960142830746339,-0.6546536707079772,other
-0.1035052022755945,1.1320525803091943,-0.7386675428423712,-0.5034279555987932,-0.1035052022755945,-0.712168179832985,-0.699707018463561,-0.3179592448322615,0.024146916773074,0.4493264750927811,-0.3036857334050418,-0.7659772668958664,0.6116127764393787,-0.9275465787730464,0.4608306801939211,0.1337104553845832,-0.7049259983890863,0.1469491804436178,-0.4282895663715402,-0.8233178906068351,-0.1960142830746339,-0.6546536707079772,young
-0.1035052022755945,-0.4590262395210155,-1.2364778603818778,-0.5034279555987932,-0.1035052022755945,-0.892579855951726,-0.699707018463561,-0.3179592448322615,-0.8701833340815202,-0.963649861676971,3.885083003216225,0.1405047057619635,-1.2937229757082185,2.502599123118553,0.4608306801939211,0.1337104553845832,-0.7049259983890863,0.1469491804436178,-0.4282895663715402,-0.8233178906068351,-0.1960142830746339,-0.6546536707079772,other
-0.1035052022755945,0.3365131703940894,0.2569530922366421,-0.5034279555987932,-0.1035052022755945,-0.7135859533191834,0.5667310240044227,-0.3179592448322615,0.024146916773074,-0.963649861676971,-0.3036857334050418,0.1405047057619635,0.6116127764393787,1.886931945855958,0.4608306801939211,0.1337104553845832,-0.7049259983890863,-1.3837714491773996,-0.4282895663715402,-0.8233178906068351,-0.1960142830746339,-0.6546536707079772,other
-0.1035052022755945,-0.4590262395210155,-0.7386675428423712,-0.5034279555987932,-0.1035052022755945,-0.1209566360882698,-0.699707018463561,0.5100596219184197,-0.8701833340815202,-0.963649861676971,-0.3036857334050418,-1.6724592395536964,-1.2937229757082185,-0.7516416709837337,0.4608306801939211,0.1337104553845832,-0.7049259983890863,0.1469491804436178,-0.4282895663715402,-0.8233178906068351,-0.1960142830746339,-0.6546536707079772,other
-0.1035052022755945,-0.4590262395210155,-0.9875727016121244,-0.5034279555987932,-0.1035052022755945,-0.7759679867119111,-0.699707018463561,1.3380784886691008,0.9184771676276684,0.4493264750927811,-0.3036857334050418,1.0469866784197936,0.6116127764393787,-0.7516416709837337,0.4608306801939211,0.1337104553845832,1.027078911657809,-1.3837714491773996,-0.4282895663715402,-0.8233178906068351,-0.1960142830746339,-0.6546536707079772,other
-0.1035052022755945,-0.4590262395210155,-0.7386675428423712,-0.5034279555987932,-0.1035052022755945,1.1330640124541775,1.8331690664724063,-1.973996978333624,-0.8701833340815202,0.4493264750927811,-0.3036857334050418,-1.6724592395536964,1.5642806525131776,1.4471696763826762,0.4608306801939211,0.1337104553845832,-0.7049259983890863,1.6776698100646354,-0.4282895663715402,1.2145976802021623,-0.1960142830746339,1.5275252316519468,other
-0.1035052022755945,1.1320525803091943,0.7547634097761486,1.3440140832958607,-0.1035052022755945,0.9508801194776888,-0.699707018463561,0.5100596219184197,0.024146916773074,0.4493264750927811,1.7906986349055911,-0.7659772668958664,0.6116127764393787,0.2158353218574867,0.4608306801939211,0.1337104553845832,-0.7049259983890863,0.1469491804436178,-0.4282895663715402,-0.8233178906068351,-0.1960142830746339,-0.6546536707079772,other
-0.1035052022755945,-1.2545656494361206,2.2481943623946687,-0.5034279555987932,-0.1035052022755945,1.2358525902035584,-0.699707018463561,-0.3179592448322615,0.024146916773074,-0.963649861676971,-0.3036857334050418,-0.7659772668958664,0.6116127764393787,-0.3998318554051081,0.4608306801939211,0.1337104553845832,-0.7049259983890863,0.1469491804436178,-0.4282895663715402,1.2145976802021623,-0.1960142830746339,1.5275252316519468,other
-0.1035052022755945,-0.4590262395210155,2.2481943623946687,-0.5034279555987932,-0.1035052022755945,0.2508544606672495,1.8331690664724063,0.5100596219184197,0.9184771676276684,0.4493264750927811,-0.3036857334050418,-1.6724592395536964,0.6116127764393787,0.4796926835414558,0.4608306801939211,0.1337104553845832,1.027078911657809,0.1469491804436178,2.3348689263480744,1.2145976802021623,-0.1960142830746339,-0.6546536707079772,other
-0.1035052022755945,1.1320525803091943,0.2569530922366421,1.3440140832958607,-0.1035052022755945,-0.2457207028737253,1.1999500452384144,1.3380784886691008,-0.8701833340815202,0.4493264750927811,-0.3036857334050418,-0.7659772668958664,0.6116127764393787,-0.1359744937211389,0.4608306801939211,0.1337104553845832,-0.7049259983890863,0.1469491804436178,-0.4282895663715402,-0.8233178906068351,-0.1960142830746339,-0.6546536707079772,other
-0.1035052022755945,-0.4590262395210155,0.2569530922366421,0.4202930638485338,-0.1035052022755945,-0.6090251587120545,-0.0664879972295691,0.5100596219184197,0.024146916773074,-0.963649861676971,-0.3036857334050418,-0.7659772668958664,-0.3410550996344197,-1.1034514865623593,0.4608306801939211,-1.7495353951025054,1.027078911657809,0.1469491804436178,-0.4282895663715402,1.2145976802021623,-0.1960142830746339,-0.6546536707079772,young
-0.1035052022755945,1.1320525803091943,1.2525737273156554,1.3440140832958607,-0.1035052022755945,2.231129577514805,-0.699707018463561,-0.3179592448322615,-0.8701833340815202,-0.963649861676971,-0.3036857334050418,-0.7659772668958664,0.6116127764393787,-0.3998318554051081,-0.9571098742489133,0.1337104553845832,1.027078911657809,0.1469491804436178,-0.4282895663715402,-0.8233178906068351,-0.1960142830746339,-0.6546536707079772,other
-0.1035052022755945,0.3365131703940894,-1.2364778603818778,0.4202930638485338,-0.1035052022755945,-0.9173908919601972,-0.699707018463561,-1.1459781115829426,-0.8701833340815202,-0.963649861676971,-0.3036857334050418,-1.6724592395536964,-0.3410550996344197,-0.5757367631944208,-2.3750504286917478,0.1337104553845832,-0.7049259983890863,0.1469491804436178,-0.4282895663715402,-0.8233178906068351,-0.1960142830746339,-0.6546536707079772,other
-0.1035052022755945,-1.2545656494361206,0.2569530922366421,-1.42714897504612,-0.1035052022755945,-0.6115062623129016,-0.699707018463561,0.5100596219184197,0.9184771676276684,0.4493264750927811,3.885083003216225,1.0469866784197936,0.6116127764393787,-1.0154990326677027,-2.3750504286917478,-1.7495353951025054,-0.7049259983890863,-1.3837714491773996,-0.4282895663715402,-0.8233178906068351,-0.1960142830746339,1.5275252316519468,young
-0.1035052022755945,1.1320525803091943,0.7547634097761486,1.3440140832958607,-0.1035052022755945,-0.1560465298716791,-0.699707018463561,-0.3179592448322615,0.9184771676276684,-0.963649861676971,-0.3036857334050418,-0.7659772668958664,0.6116127764393787,-0.2239269476157952,0.4608306801939211,0.1337104553845832,-0.7049259983890863,0.1469491804436178,-0.4282895663715402,1.2145976802021623,-0.1960142830746339,-0.6546536707079772,other
-0.1035052022755945,1.1320525803091943,0.7547634097761486,1.3440140832958607,-0.1035052022755945,0.8860169824841139,-0.699707018463561,0.5100596219184197,0.9184771676276684,-0.963649861676971,-0.3036857334050418,-0.7659772668958664,0.6116127764393787,-0.9275465787730464,0.4608306801939211,0.1337104553845832,1.027078911657809,0.1469491804436178,-0.4282895663715402,-0.8233178906068351,-0.1960142830746339,-0.6546536707079772,young
-0.1035052022755945,-0.4590262395210155,-0.7386675428423712,-0.5034279555987932,-0.1035052022755945,-0.6877115871960633,-0.699707018463561,-1.1459781115829426,-0.8701833340815202,0.4493264750927811,-0.3036857334050418,-1.6724592395536964,0.6116127764393787,-1.1914039404570156,-0.9571098742489133,0.1337104553845832,-0.7049259983890863,0.1469491804436178,-0.4282895663715402,-0.8233178906068351,-0.1960142830746339,1.5275252316519468,young
-0.1035052022755945,-1.2545656494361206,-0.7386675428423712,1.3440140832958607,-0.1035052022755945,-1.023015016681975,-0.699707018463561,0.5100596219184197,0.9184771676276684,-0.963649861676971,-0.3036857334050418,0.1405047057619635,-1.2937229757082185,1.9748843997506145,0.4608306801939211,0.1337104553845832,4.4910887317516,-1.3837714491773996,-0.4282895663715402,1.2145976802021623,-0.1960142830746339,-0.6546536707079772,other
-0.1035052022755945,1.1320525803091943,1.2525737273156554,-0.5034279555987932,-0.1035052022755945,-0.3446104035360607,0.5667310240044227,1.3380784886691008,0.9184771676276684,0.4493264750927811,-0.3036857334050418,1.0469866784197936,0.6116127764393787,0.3037877757521431,0.4608306801939211,0.1337104553845832,-0.7049259983890863,0.1469491804436178,-0.4282895663715402,-0.8233178906068351,-0.1960142830746339,-0.6546536707079772,other
-0.1035052022755945,-1.2545656494361206,0.2569530922366421,-0.5034279555987932,-0.1035052022755945,0.1377870251429305,-0.699707018463561,-0.3179592448322615,-0.8701833340815202,-0.963649861676971,-0.3036857334050418,1.0469866784197936,0.6116127764393787,-0.6636892170890771,0.4608306801939211,0.1337104553845832,-0.7049259983890863,0.1469491804436178,-0.4282895663715402,-0.8233178906068351,-0.1960142830746339,-0.6546536707079772,other
-0.1035052022755945,-0.4590262395210155,-1.070541087868709,-0.5034279555987932,-0.1035052022755945,-0.8900987523508789,-0.699707018463561,0.5100596219184197,0.9184771676276684,-0.963649861676971,3.885083003216225,-0.7659772668958664,-1.2937229757082185,0.7435500452254251,0.4608306801939211,0.1337104553845832,-0.7049259983890863,-1.3837714491773996,-0.4282895663715402,-0.8233178906068351,-0.1960142830746339,-0.6546536707079772,other
-0.1035052022755945,-0.4590262395210155,-1.1535094741252934,-0.5034279555987932,-0.1035052022755945,-0.3034949724363083,-0.699707018463561,-0.3179592448322615,0.024146916773074,0.4493264750927811,3.885083003216225,-0.7659772668958664,-1.2937229757082185,-0.1359744937211389,0.4608306801939211,0.1337104553845832,-0.7049259983890863,0.1469491804436178,-0.4282895663715402,-0.8233178906068351,-0.1960142830746339,-0.6546536707079772,other
-0.1035052022755945,-0.4590262395210155,-0.9875727016121244,-0.5034279555987932,-0.1035052022755945,-0.8794654512043912,0.5667310240044227,-0.3179592448322615,0.9184771676276684,-0.963649861676971,-0.3036857334050418,0.1405047057619635,-1.2937229757082185,2.678504030907866,0.4608306801939211,0.1337104553845832,-0.7049259983890863,-1.3837714491773996,-0.4282895663715402,-0.8233178906068351,-0.1960142830746339,-0.6546536707079772,other
-0.1035052022755945,1.1320525803091943,-0.4897623840726178,-0.5034279555987932,-0.1035052022755945,-0.4580322824319294,1.8331690664724063,1.3380784886691008,0.9184771676276684,0.4493264750927811,-0.3036857334050418,-0.7659772668958664,0.6116127764393787,-0.0480220398264825,0.4608306801939211,0.1337104553845832,-0.7049259983890863,0.1469491804436178,-0.4282895663715402,-0.8233178906068351,-0.1960142830746339,-0.6546536707079772,other
-0.1035052022755945,-1.2545656494361206,-0.2408572253028646,-0.5034279555987932,-0.1035052022755945,-0.2379229486996343,-0.699707018463561,-0.3179592448322615,0.9184771676276684,0.4493264750927811,-0.3036857334050418,1.0469866784197936,1.5642806525131776,2.590551577013209,0.4608306801939211,2.016956305871672,1.027078911657809,0.1469491804436178,-0.4282895663715402,-0.8233178906068351,-0.1960142830746339,1.5275252316519468,other
-0.1035052022755945,1.1320525803091943,-0.4897623840726178,1.3440140832958607,-0.1035052022755945,-0.6930282377693071,0.5667310240044227,-0.3179592448322615,-0.8701833340815202,1.862302811862533,-0.3036857334050418,-0.7659772668958664,-0.3410550996344197,1.007407406909394,0.4608306801939211,0.1337104553845832,1.027078911657809,-1.3837714491773996,-0.4282895663715402,-0.8233178906068351,-0.1960142830746339,-0.6546536707079772,other
-0.1035052022755945,1.1320525803091943,-0.6556991565857868,-0.5034279555987932,-0.1035052022755945,-0.6600650042151953,-0.0664879972295691,-1.973996978333624,-0.8701833340815202,-0.963649861676971,-0.3036857334050418,1.0469866784197936,-1.2937229757082185,2.502599123118553,0.4608306801939211,0.1337104553845832,-0.7049259983890863,0.1469491804436178,-0.4282895663715402,-0.8233178906068351,-0.1960142830746339,-0.6546536707079772,other
-0.1035052022755945,-1.2545656494361206,-0.2408572253028646,-0.5034279555987932,-0.1035052022755945,-0.4924132894722395,-0.699707018463561,-0.3179592448322615,0.9184771676276684,-0.963649861676971,-0.3036857334050418,1.0469866784197936,0.6116127764393787,-0.9275465787730464,-2.3750504286917478,-1.7495353951025054,1.027078911657809,0.1469491804436178,-0.4282895663715402,-0.8233178906068351,-0.1960142830746339,1.5275252316519468,young
-0.1035052022755945,-0.4590262395210155,3.243814997473682,0.4202930638485338,-0.1035052022755945,2.086162238551024,1.8331690664724063,-0.3179592448322615,-0.8701833340815202,0.4493264750927811,-0.3036857334050418,-0.7659772668958664,1.5642806525131776,-0.7516416709837337,0.4608306801939211,2.016956305871672,-0.7049259983890863,1.6776698100646354,-0.4282895663715402,-0.8233178906068351,-0.1960142830746339,-0.6546536707079772,other
-0.1035052022755945,-0.4590262395210155,1.9992892036249152,1.3440140832958607,-0.1035052022755945,0.5227125266457846,-0.699707018463561,-1.1459781115829426,0.9184771676276684,0.4493264750927811,-0.3036857334050418,-0.7659772668958664,-0.3410550996344197,-0.9275465787730464,0.4608306801939211,0.1337104553845832,1.027078911657809,-1.3837714491773996,-0.4282895663715402,-0.8233178906068351,-0.1960142830746339,1.5275252316519468,young
-0.1035052022755945,0.3365131703940894,-0.2408572253028646,-0.5034279555987932,-0.1035052022755945,-0.415144634474429,-0.699707018463561,-0.3179592448322615,0.9184771676276684,0.4493264750927811,1.7906986349055911,-0.7659772668958664,-1.2937229757082185,0.1278828679628304,-0.9571098742489133,0.1337104553845832,-0.7049259983890863,0.1469491804436178,-0.4282895663715402,-0.8233178906068351,-0.1960142830746339,1.5275252316519468,other
-0.1035052022755945,-1.2545656494361206,0.0080479334668887,-0.5034279555987932,-0.1035052022755945,0.0303906835634048,1.1999500452384144,-1.1459781115829426,0.9184771676276684,-0.963649861676971,-0.3036857334050418,-0.7659772668958664,0.6116127764393787,-0.5757367631944208,-2.3750504286917478,0.1337104553845832,-0.7049259983890863,0.1469491804436178,-0.4282895663715402,-0.8233178906068351,-0.1960142830746339,-0.6546536707079772,other
-0.1035052022755945,-0.4590262395210155,0.2569530922366421,0.4202930638485338,-0.1035052022755945,1.1100251933034542,-0.699707018463561,-1.1459781115829426,-1.7645135849361144,0.4493264750927811,-0.3036857334050418,-0.7659772668958664,0.6116127764393787,-0.2239269476157952,0.4608306801939211,0.1337104553845832,-0.7049259983890863,0.1469491804436178,-0.4282895663715402,-0.8233178906068351,-0.1960142830746339,-0.6546536707079772,other
-0.1035052022755945,-1.2545656494361206,0.2569530922366421,-0.5034279555987932,-0.1035052022755945,-0.4551967354595326,-0.699707018463561,-0.3179592448322615,-0.8701833340815202,0.4493264750927811,-0.3036857334050418,1.0469866784197936,-1.2937229757082185,-1.279356394351672,0.4608306801939211,-1.7495353951025054,-0.7049259983890863,-1.3837714491773996,2.3348689263480744,-0.8233178906068351,-0.1960142830746339,1.5275252316519468,young
-0.1035052022755945,1.1320525803091943,-0.2408572253028646,-0.5034279555987932,-0.1035052022755945,-0.4325123596803589,-0.699707018463561,-1.1459781115829426,0.9184771676276684,0.4493264750927811,-0.3036857334050418,-1.6724592395536964,-1.2937229757082185,-0.2239269476157952,0.4608306801939211,0.1337104553845832,-0.7049259983890863,0.1469491804436178,-0.4282895663715402,-0.8233178906068351,-0.1960142830746339,-0.6546536707079772,other
-0.1035052022755945,-0.4590262395210155,1.2525737273156554,-0.5034279555987932,-0.1035052022755945,-0.2127574693196135,-0.0664879972295691,-0.3179592448322615,0.9184771676276684,-0.963649861676971,1.7906986349055911,1.0469866784197936,1.5642806525131776,1.2712647685933636,0.4608306801939211,2.016956305871672,-0.7049259983890863,0.1469491804436178,-0.4282895663715402,-0.8233178906068351,-0.1960142830746339,1.5275252316519468,other
-0.1035052022755945,-0.4590262395210155,-0.9875727016121244,-0.5034279555987932,-0.1035052022755945,-0.9971406505588548,-0.699707018463561,-0.3179592448322615,0.9184771676276684,0.4493264750927811,-0.3036857334050418,0.1405047057619635,-1.2937229757082185,-1.0154990326677027,0.4608306801939211,0.1337104553845832,-0.7049259983890863,0.1469491804436178,-0.4282895663715402,-0.8233178906068351,-0.1960142830746339,-0.6546536707079772,young
-0.1035052022755945,1.1320525803091943,0.7547634097761486,-0.5034279555987932,-0.1035052022755945,-0.3325593289033747,0.5667310240044227,1.3380784886691008,0.9184771676276684,0.4493264750927811,-0.3036857334050418,-0.7659772668958664,0.6116127764393787,-0.4877843092997644,-2.3750504286917478,0.1337104553845832,-0.7049259983890863,1.6776698100646354,-0.4282895663715402,-0.8233178906068351,-0.1960142830746339,-0.6546536707079772,other
-0.1035052022755945,-0.4590262395210155,-1.1535094741252934,-0.5034279555987932,-0.1035052022755945,-0.333977102389573,-0.699707018463561,-1.1459781115829426,-1.7645135849361144,-0.963649861676971,3.885083003216225,-1.6724592395536964,-1.2937229757082185,0.8315024991200815,0.4608306801939211,0.1337104553845832,-0.7049259983890863,0.1469491804436178,-0.4282895663715402,-0.8233178906068351,-0.1960142830746339,-0.6546536707079772,other
-0.1035052022755945,-0.4590262395210155,-0.7386675428423712,-0.5034279555987932,-0.1035052022755945,-0.7490302904741423,0.5667310240044227,-0.3179592448322615,0.024146916773074,-2.376626198446723,-0.3036857334050418,-1.6724592395536964,0.6116127764393787,-0.83959412487839,0.4608306801939211,0.1337104553845832,-0.7049259983890863,0.1469491804436178,-0.4282895663715402,1.2145976802021623,-0.1960142830746339,-0.6546536707079772,other
-0.1035052022755945,-0.4590262395210155,-0.7386675428423712,-0.5034279555987932,-0.1035052022755945,-0.8879720921215815,0.5667310240044227,-0.3179592448322615,0.9184771676276684,0.4493264750927811,-0.3036857334050418,0.1405047057619635,-1.2937229757082185,2.678504030907866,0.4608306801939211,0.1337104553845832,-0.7049259983890863,-1.3837714491773996,-0.4282895663715402,-0.8233178906068351,-0.1960142830746339,1.5275252316519468,other
-0.1035052022755945,-1.2545656494361206,-1.2364778603818778,1.3440140832958607,-0.1035052022755945,-0.7451314133870968,1.8331690664724063,1.3380784886691008,0.9184771676276684,0.4493264750927811,-0.3036857334050418,1.0469866784197936,-1.2937229757082185,2.766456484802522,0.4608306801939211,0.1337104553845832,1.027078911657809,0.1469491804436178,-0.4282895663715402,1.2145976802021623,-0.1960142830746339,-0.6546536707079772,other
-0.1035052022755945,1.1320525803091943,-0.2408572253028646,1.3440140832958607,-0.1035052022755945,-0.3662314492005857,-0.699707018463561,-0.3179592448322615,-0.8701833340815202,-0.963649861676971,-0.3036857334050418,-1.6724592395536964,0.6116127764393787,-0.9275465787730464,0.4608306801939211,0.1337104553845832,1.027078911657809,0.1469491804436178,-0.4282895663715402,-0.8233178906068351,-0.1960142830746339,-0.6546536707079772,young
-0.1035052022755945,1.1320525803091943,-0.4897623840726178,-0.5034279555987932,-0.1035052022755945,-0.668217201760836,1.8331690664724063,-0.3179592448322615,0.9184771676276684,1.862302811862533,-0.3036857334050418,-0.7659772668958664,-1.2937229757082185,0.3917402296467994,0.4608306801939211,-1.7495353951025054,-0.7049259983890863,0.1469491804436178,-0.4282895663715402,1.2145976802021623,-0.1960142830746339,-0.6546536707079772,other
-0.1035052022755945,-1.2545656494361206,-0.2408572253028646,-0.5034279555987932,-0.1035052022755945,-0.3127105000965977,-0.699707018463561,-1.1459781115829426,0.9184771676276684,-0.963649861676971,-0.3036857334050418,-1.6724592395536964,0.6116127764393787,-0.7516416709837337,-0.9571098742489133,0.1337104553845832,-0.7049259983890863,0.1469491804436178,-0.4282895663715402,-0.8233178906068351,-0.1960142830746339,-0.6546536707079772,other
-0.1035052022755945,-1.2545656494361206,-0.7386675428423712,-1.42714897504612,-0.1035052022755945,-0.3977769092684992,-0.699707018463561,-0.3179592448322615,0.9184771676276684,-2.376626198446723,-0.3036857334050418,-1.6724592395536964,1.5642806525131776,-0.5757367631944208,0.4608306801939211,2.016956305871672,-0.7049259983890863,0.1469491804436178,-0.4282895663715402,-0.8233178906068351,-0.1960142830746339,1.5275252316519468,other
-0.1035052022755945,1.1320525803091943,0.2569530922366421,1.3440140832958607,-0.1035052022755945,-0.2081497054894688,-0.699707018463561,-0.3179592448322615,0.9184771676276684,0.4493264750927811,-0.3036857334050418,-0.7659772668958664,-1.2937229757082185,-0.0480220398264825,0.4608306801939211,0.1337104553845832,1.027078911657809,-1.3837714491773996,-0.4282895663715402,-0.8233178906068351,-0.1960142830746339,-0.6546536707079772,other
-0.1035052022755945,-0.4590262395210155,3.243814997473682,0.4202930638485338,-0.1035052022755945,1.4697852154262874,1.8331690664724063,-0.3179592448322615,-1.7645135849361144,0.4493264750927811,-0.3036857334050418,-1.6724592395536964,-1.2937229757082185,-0.7516416709837337,0.4608306801939211,0.1337104553845832,-0.7049259983890863,-1.3837714491773996,-0.4282895663715402,-0.8233178906068351,-0.1960142830746339,-0.6546536707079772,other
-0.1035052022755945,1.1320525803091943,0.2569530922366421,-0.5034279555987932,-0.1035052022755945,-0.7064970858881916,-0.699707018463561,1.3380784886691008,0.9184771676276684,0.4493264750927811,-0.3036857334050418,-1.6724592395536964,-1.2937229757082185,0.0399304140681737,0.4608306801939211,0.1337104553845832,-0.7049259983890863,1.6776698100646354,-0.4282895663715402,1.2145976802021623,-0.1960142830746339,-0.6546536707079772,other
-0.1035052022755945,-0.4590262395210155,-0.6556991565857868,-0.5034279555987932,-0.1035052022755945,-0.4147901911028794,-0.699707018463561,-1.1459781115829426,-0.8701833340815202,-0.963649861676971,3.885083003216225,1.0469866784197936,-0.3410550996344197,-1.1034514865623593,0.4608306801939211,0.1337104553845832,-0.7049259983890863,-1.3837714491773996,-0.4282895663715402,-0.8233178906068351,-0.1960142830746339,-0.6546536707079772,young
-0.1035052022755945,0.3365131703940894,1.2525737273156554,-0.5034279555987932,-0.1035052022755945,0.9133091220934324,-0.699707018463561,-0.3179592448322615,0.9184771676276684,0.4493264750927811,-0.3036857334050418,-1.6724592395536964,0.6116127764393787,-1.0154990326677027,0.4608306801939211,0.1337104553845832,-0.7049259983890863,0.1469491804436178,-0.4282895663715402,-0.8233178906068351,-0.1960142830746339,-0.6546536707079772,young
-0.1035052022755945,-1.2545656494361206,-0.7386675428423712,-0.5034279555987932,-0.1035052022755945,-0.7671069024231713,-0.699707018463561,-0.3179592448322615,-0.8701833340815202,0.4493264750927811,-0.3036857334050418,-0.7659772668958664,-1.2937229757082185,-1.3673088482463285,0.4608306801939211,-1.7495353951025054,-0.7049259983890863,1.6776698100646354,2.3348689263480744,1.2145976802021623,-0.1960142830746339,-0.6546536707079772,young
-0.1035052022755945,1.1320525803091943,-0.90460431535554,-0.5034279555987932,-0.1035052022755945,-0.4775266678671567,-0.699707018463561,-0.3179592448322615,-1.7645135849361144,0.4493264750927811,-0.3036857334050418,1.0469866784197936,-0.3410550996344197,0.2158353218574867,0.4608306801939211,0.1337104553845832,-0.7049259983890863,0.1469491804436178,-0.4282895663715402,1.2145976802021623,5.101669043266824,-0.6546536707079772,other
-0.1035052022755945,1.1320525803091943,-0.2408572253028646,-0.5034279555987932,-0.1035052022755945,-1.0060017348475947,-0.699707018463561,-1.973996978333624,0.024146916773074,-0.963649861676971,1.7906986349055911,1.0469866784197936,-1.2937229757082185,-1.1914039404570156,0.4608306801939211,-1.7495353951025054,-0.7049259983890863,0.1469491804436178,-0.4282895663715402,-0.8233178906068351,-0.1960142830746339,1.5275252316519468,young
-0.1035052022755945,-0.4590262395210155,-0.2408572253028646,-0.5034279555987932,-0.1035052022755945,-0.020649161939736,0.5667310240044227,-1.1459781115829426,-1.7645135849361144,1.862302811862533,-0.3036857334050418,0.1405047057619635,-1.2937229757082185,-0.9275465787730464,0.4608306801939211,-1.7495353951025054,-0.7049259983890863,0.1469491804436178,-0.4282895663715402,-0.8233178906068351,-0.1960142830746339,-0.6546536707079772,young
-0.1035052022755945,1.1320525803091943,-1.2364778603818778,-0.5034279555987932,-0.1035052022755945,-0.6823949366228195,-0.0664879972295691,1.3380784886691008,-0.8701833340815202,0.4493264750927811,-0.3036857334050418,1.0469866784197936,1.5642806525131776,0.5676451374361121,-2.3750504286917478,2.016956305871672,-0.7049259983890863,0.1469491804436178,2.3348689263480744,1.2145976802021623,-0.1960142830746339,-0.6546536707079772,other
-0.1035052022755945,1.1320525803091943,-0.4897623840726178,1.3440140832958607,-0.1035052022755945,-0.6423428356377159,-0.699707018463561,-0.3179592448322615,0.9184771676276684,-0.963649861676971,-0.3036857334050418,-0.7659772668958664,0.6116127764393787,0.6555975913307684,0.4608306801939211,0.1337104553845832,-0.7049259983890863,-1.3837714491773996,-0.4282895663715402,-0.8233178906068351,-0.1960142830746339,-0.6546536707079772,other
-0.1035052022755945,-0.4590262395210155,-0.6556991565857868,1.3440140832958607,-0.1035052022755945,-0.846856661021829,-0.699707018463561,-1.1459781115829426,0.9184771676276684,0.4493264750927811,3.885083003216225,1.0469866784197936,-1.2937229757082185,-1.1034514865623593,0.4608306801939211,0.1337104553845832,1.027078911657809,0.1469491804436178,-0.4282895663715402,-0.8233178906068351,-0.1960142830746339,-0.6546536707079772,young
-0.1035052022755945,-0.4590262395210155,0.2569530922366421,-0.5034279555987932,-0.1035052022755945,0.1725224755547901,0.5667310240044227,-1.973996978333624,-1.7645135849361144,-0.963649861676971,-0.3036857334050418,1.0469866784197936,1.5642806525131776,-1.1034514865623593,0.4608306801939211,-1.7495353951025054,-0.7049259983890863,-2.9144920787984168,-0.4282895663715402,-0.8233178906068351,-0.1960142830746339,-0.6546536707079772,young
-0.1035052022755945,1.1320525803091943,-0.2408572253028646,1.3440140832958607,-0.1035052022755945,-0.5987463009371163,1.1999500452384144,1.3380784886691008,0.9184771676276684,0.4493264750927811,-0.3036857334050418,1.0469866784197936,0.6116127764393787,0.9194549530147378,0.4608306801939211,0.1337104553845832,1.027078911657809,0.1469491804436178,-0.4282895663715402,-0.8233178906068351,-0.1960142830746339,-0.6546536707079772,other
-0.1035052022755945,-0.4590262395210155,-1.070541087868709,-0.5034279555987932,-0.1035052022755945,-0.6582927873574475,-0.699707018463561,-0.3179592448322615,0.9184771676276684,0.4493264750927811,3.885083003216225,-0.7659772668958664,-1.2937229757082185,-0.2239269476157952,0.4608306801939211,0.1337104553845832,-0.7049259983890863,0.1469491804436178,-0.4282895663715402,-0.8233178906068351,5.101669043266824,-0.6546536707079772,other
-0.1035052022755945,1.1320525803091943,-0.7386675428423712,1.3440140832958607,-0.1035052022755945,-0.9053398173275112,-0.699707018463561,1.3380784886691008,0.9184771676276684,0.4493264750927811,-0.3036857334050418,1.0469866784197936,-1.2937229757082185,1.4471696763826762,0.4608306801939211,0.1337104553845832,2.759083821704704,0.1469491804436178,-0.4282895663715402,-0.8233178906068351,-0.1960142830746339,-0.6546536707079772,other
-0.1035052022755945,1.1320525803091943,0.7547634097761486,-0.5034279555987932,-0.1035052022755945,-0.4977299400454834,1.8331690664724063,1.3380784886691008,0.9184771676276684,0.4493264750927811,-0.3036857334050418,1.0469866784197936,0.6116127764393787,1.9748843997506145,0.4608306801939211,0.1337104553845832,-0.7049259983890863,0.1469491804436178,-0.4282895663715402,1.2145976802021623,-0.1960142830746339,-0.6546536707079772,other
-0.1035052022755945,-1.2545656494361206,-1.2364778603818778,1.3440140832958607,-0.1035052022755945,-1.0396738551448057,0.5667310240044227,1.3380784886691008,0.9184771676276684,0.4493264750927811,-0.3036857334050418,1.0469866784197936,0.6116127764393787,1.4471696763826762,0.4608306801939211,0.1337104553845832,1.027078911657809,0.1469491804436178,-0.4282895663715402,-0.8233178906068351,-0.1960142830746339,-0.6546536707079772,other
-0.1035052022755945,-1.2545656494361206,-0.7386675428423712,-2.350869994493447,-0.1035052022755945,1.0377187455073382,-0.699707018463561,-0.3179592448322615,0.9184771676276684,0.4493264750927811,-0.3036857334050418,-0.7659772668958664,-0.3410550996344197,-0.6636892170890771,0.4608306801939211,-1.7495353951025054,1.027078911657809,0.1469491804436178,-0.4282895663715402,1.2145976802021623,-0.1960142830746339,1.5275252316519468,other
-0.1035052022755945,-0.4590262395210155,-1.2364778603818778,-0.5034279555987932,-0.1035052022755945,-0.4282590392217638,-0.699707018463561,-1.1459781115829426,0.9184771676276684,1.862302811862533,-0.3036857334050418,0.1405047057619635,0.6116127764393787,-0.4877843092997644,0.4608306801939211,-1.7495353951025054,-0.7049259983890863,1.6776698100646354,-0.4282895663715402,1.2145976802021623,-0.1960142830746339,-0.6546536707079772,other
-0.1035052022755945,1.1320525803091943,-1.2364778603818778,-0.5034279555987932,-0.1035052022755945,-0.5941385371069717,-0.699707018463561,0.5100596219184197,0.024146916773074,0.4493264750927811,-0.3036857334050418,-0.7659772668958664,-0.3410550996344197,1.3592172224880197,0.4608306801939211,0.1337104553845832,-0.7049259983890863,0.1469491804436178,2.3348689263480744,-0.8233178906068351,-0.1960142830746339,-0.6546536707079772,other
-0.1035052022755945,1.1320525803091943,1.2525737273156554,0.4202930638485338,-0.1035052022755945,0.4192150621533044,-0.699707018463561,-0.3179592448322615,0.9184771676276684,-0.963649861676971,-0.3036857334050418,1.0469866784197936,-1.2937229757082185,-0.1359744937211389,0.4608306801939211,0.1337104553845832,1.027078911657809,0.1469491804436178,-0.4282895663715402,-0.8233178906068351,-0.1960142830746339,-0.6546536707079772,other
-0.1035052022755945,-1.2545656494361206,0.2569530922366421,-0.5034279555987932,-0.1035052022755945,-0.2949883315191182,-0.699707018463561,-1.1459781115829426,0.9184771676276684,-0.963649861676971,-0.3036857334050418,1.0469866784197936,-1.2937229757082185,-0.0480220398264825,0.4608306801939211,0.1337104553845832,-0.7049259983890863,0.1469491804436178,-0.4282895663715402,1.2145976802021623,-0.1960142830746339,1.5275252316519468,other
-0.1035052022755945,-1.2545656494361206,0.7547634097761486,-0.5034279555987932,-0.1035052022755945,-0.2655695316805023,-0.699707018463561,1.3380784886691008,-1.7645135849361144,0.4493264750927811,3.885083003216225,0.1405047057619635,-0.3410550996344197,0.3037877757521431,0.4608306801939211,0.1337104553845832,-0.7049259983890863,0.1469491804436178,2.3348689263480744,-0.8233178906068351,-0.1960142830746339,-0.6546536707079772,other
-0.1035052022755945,1.1320525803091943,-0.7386675428423712,1.3440140832958607,-0.1035052022755945,-0.3332682156464739,1.8331690664724063,1.3380784886691008,-1.7645135849361144,0.4493264750927811,1.7906986349055911,1.0469866784197936,-1.2937229757082185,1.1833123146987068,0.4608306801939211,0.1337104553845832,-0.7049259983890863,0.1469491804436178,-0.4282895663715402,1.2145976802021623,-0.1960142830746339,-0.6546536707079772,other
-0.1035052022755945,0.3365131703940894,-0.9875727016121244,-0.5034279555987932,-0.1035052022755945,-0.8954154029241227,-0.699707018463561,-0.3179592448322615,0.024146916773074,-0.963649861676971,-0.3036857334050418,-0.7659772668958664,-1.2937229757082185,-0.6636892170890771,0.4608306801939211,0.1337104553845832,-0.7049259983890863,-1.3837714491773996,-0.4282895663715402,-0.8233178906068351,-0.1960142830746339,1.5275252316519468,other
-0.1035052022755945,1.1320525803091943,-0.8216359290989557,1.3440140832958607,-0.1035052022755945,-0.7504480639603407,-0.0664879972295691,-1.973996978333624,0.9184771676276684,-0.963649861676971,-0.3036857334050418,1.0469866784197936,-1.2937229757082185,1.886931945855958,0.4608306801939211,0.1337104553845832,2.759083821704704,-1.3837714491773996,-0.4282895663715402,-0.8233178906068351,-0.1960142830746339,-0.6546536707079772,other
-0.1035052022755945,1.1320525803091943,1.2525737273156554,0.4202930638485338,-0.1035052022755945,0.4224050524972507,-0.699707018463561,-0.3179592448322615,0.9184771676276684,0.4493264750927811,-0.3036857334050418,-0.7659772668958664,0.6116127764393787,-0.83959412487839,0.4608306801939211,0.1337104553845832,1.027078911657809,1.6776698100646354,-0.4282895663715402,1.2145976802021623,-0.1960142830746339,1.5275252316519468,other
-0.1035052022755945,-1.2545656494361206,0.2569530922366421,-0.5034279555987932,-0.1035052022755945,-0.591302990134575,-0.699707018463561,1.3380784886691008,0.9184771676276684,-0.963649861676971,-0.3036857334050418,1.0469866784197936,0.6116127764393787,1.7110270380666457,0.4608306801939211,0.1337104553845832,-0.7049259983890863,0.1469491804436178,-0.4282895663715402,-0.8233178906068351,-0.1960142830746339,-0.6546536707079772,other
-0.1035052022755945,-0.4590262395210155,-0.7386675428423712,-0.5034279555987932,-0.1035052022755945,-0.7724235529964152,-0.699707018463561,-0.3179592448322615,0.9184771676276684,-0.963649861676971,3.885083003216225,1.0469866784197936,-1.2937229757082185,1.1833123146987068,0.4608306801939211,0.1337104553845832,1.027078911657809,0.1469491804436178,-0.4282895663715402,1.2145976802021623,-0.1960142830746339,-0.6546536707079772,other
-0.1035052022755945,-0.4590262395210155,-0.9875727016121244,-0.5034279555987932,-0.1035052022755945,-0.5675552842407525,-0.699707018463561,-1.1459781115829426,0.9184771676276684,-0.963649861676971,-0.3036857334050418,-0.7659772668958664,0.6116127764393787,-1.1914039404570156,0.4608306801939211,0.1337104553845832,-0.7049259983890863,0.1469491804436178,-0.4282895663715402,1.2145976802021623,-0.1960142830746339,1.5275252316519468,young
-0.1035052022755945,1.1320525803091943,-0.4897623840726178,1.3440140832958607,-0.1035052022755945,-0.5111987881643678,-0.699707018463561,1.3380784886691008,0.9184771676276684,0.4493264750927811,-0.3036857334050418,1.0469866784197936,0.6116127764393787,0.9194549530147378,0.4608306801939211,0.1337104553845832,1.027078911657809,0.1469491804436178,-0.4282895663715402,1.2145976802021623,-0.1960142830746339,-0.6546536707079772,other
-0.1035052022755945,1.1320525803091943,-0.7386675428423712,1.3440140832958607,-0.1035052022755945,-0.9744562747796812,0.5667310240044227,1.3380784886691008,0.9184771676276684,0.4493264750927811,-0.3036857334050418,1.0469866784197936,-0.3410550996344197,0.5676451374361121,0.4608306801939211,0.1337104553845832,1.027078911657809,0.1469491804436178,2.3348689263480744,1.2145976802021623,-0.1960142830746339,-0.6546536707079772,other
-0.1035052022755945,1.1320525803091943,-0.2408572253028646,1.3440140832958607,-0.1035052022755945,-0.7451314133870968,1.8331690664724063,-0.3179592448322615,0.9184771676276684,0.4493264750927811,-0.3036857334050418,0.1405047057619635,-0.3410550996344197,-0.5757367631944208,0.4608306801939211,0.1337104553845832,1.027078911657809,0.1469491804436178,-0.4282895663715402,1.2145976802021623,-0.1960142830746339,-0.6546536707079772,other
-0.1035052022755945,0.3365131703940894,-0.2408572253028646,-1.42714897504612,-0.1035052022755945,-0.64730504283941,1.8331690664724063,0.5100596219184197,0.9184771676276684,0.4493264750927811,-0.3036857334050418,1.0469866784197936,0.6116127764393787,1.1833123146987068,-2.3750504286917478,0.1337104553845832,-0.7049259983890863,-1.3837714491773996,-0.4282895663715402,-0.8233178906068351,-0.1960142830746339,-0.6546536707079772,other
-0.1035052022755945,1.1320525803091943,0.2569530922366421,-0.5034279555987932,-0.1035052022755945,-0.4856788654127973,-0.0664879972295691,-0.3179592448322615,0.9184771676276684,0.4493264750927811,-0.3036857334050418,1.0469866784197936,0.6116127764393787,-0.5757367631944208,0.4608306801939211,-1.7495353951025054,-0.7049259983890863,1.6776698100646354,-0.4282895663715402,1.2145976802021623,-0.1960142830746339,-0.6546536707079772,other
-0.1035052022755945,-0.4590262395210155,1.2525737273156554,-2.350869994493447,-0.1035052022755945,0.1888268706460714,-0.699707018463561,-0.3179592448322615,0.9184771676276684,-0.963649861676971,-0.3036857334050418,-1.6724592395536964,0.6116127764393787,0.5676451374361121,0.4608306801939211,0.1337104553845832,-0.7049259983890863,0.1469491804436178,-0.4282895663715402,1.2145976802021623,-0.1960142830746339,1.5275252316519468,other
-0.1035052022755945,1.1320525803091943,-0.2408572253028646,1.3440140832958607,-0.1035052022755945,-0.7702968927671177,-0.699707018463561,-1.973996978333624,0.9184771676276684,-0.963649861676971,-0.3036857334050418,1.0469866784197936,0.6116127764393787,2.590551577013209,0.4608306801939211,0.1337104553845832,1.027078911657809,-2.9144920787984168,-0.4282895663715402,-0.8233178906068351,-0.1960142830746339,-0.6546536707079772,other
-0.1035052022755945,1.1320525803091943,-0.2408572253028646,1.3440140832958607,-0.1035052022755945,-0.3073938495233538,-0.699707018463561,-0.3179592448322615,-0.8701833340815202,-0.963649861676971,-0.3036857334050418,-0.7659772668958664,0.6116127764393787,-0.83959412487839,0.4608306801939211,0.1337104553845832,1.027078911657809,0.1469491804436178,-0.4282895663715402,-0.8233178906068351,-0.1960142830746339,-0.6546536707079772,other
-0.1035052022755945,1.1320525803091943,-0.9875727016121244,-0.5034279555987932,-0.1035052022755945,-0.2035419416593241,-0.699707018463561,-0.3179592448322615,-1.7645135849361144,0.4493264750927811,-0.3036857334050418,-0.7659772668958664,-1.2937229757082185,-0.3118794015104516,0.4608306801939211,0.1337104553845832,-0.7049259983890863,0.1469491804436178,2.3348689263480744,-0.8233178906068351,-0.1960142830746339,-0.6546536707079772,other
-0.1035052022755945,1.1320525803091943,0.7547634097761486,1.3440140832958607,-0.1035052022755945,1.230181496258765,1.8331690664724063,0.5100596219184197,-0.8701833340815202,0.4493264750927811,-0.3036857334050418,0.1405047057619635,-0.3410550996344197,0.0399304140681737,0.4608306801939211,0.1337104553845832,1.027078911657809,0.1469491804436178,-0.4282895663715402,-0.8233178906068351,-0.1960142830746339,-0.6546536707079772,other
-0.1035052022755945,-1.2545656494361206,-0.7386675428423712,-0.5034279555987932,-0.1035052022755945,-0.9017953836120154,-0.0664879972295691,-1.1459781115829426,0.9184771676276684,1.862302811862533,-0.3036857334050418,0.1405047057619635,1.5642806525131776,-0.2239269476157952,0.4608306801939211,0.1337104553845832,-0.7049259983890863,-1.3837714491773996,-0.4282895663715402,1.2145976802021623,-0.1960142830746339,1.5275252316519468,other
-0.1035052022755945,1.1320525803091943,1.2525737273156554,-0.5034279555987932,-0.1035052022755945,0.1147482059922072,-0.699707018463561,1.3380784886691008,0.9184771676276684,0.4493264750927811,-0.3036857334050418,-0.7659772668958664,0.6116127764393787,-0.6636892170890771,0.4608306801939211,0.1337104553845832,-0.7049259983890863,0.1469491804436178,-0.4282895663715402,-0.8233178906068351,-0.1960142830746339,-0.6546536707079772,other
-0.1035052022755945,-1.2545656494361206,-0.7386675428423712,-0.5034279555987932,-0.1035052022755945,-0.628519544147282,-0.699707018463561,-0.3179592448322615,0.9184771676276684,-0.963649861676971,-0.3036857334050418,-1.6724592395536964,0.6116127764393787,-1.1034514865623593,-2.3750504286917478,0.1337104553845832,-0.7049259983890863,0.1469491804436178,-0.4282895663715402,-0.8233178906068351,-0.1960142830746339,-0.6546536707079772,young
-0.1035052022755945,-0.4590262395210155,2.2481943623946687,-0.5034279555987932,-0.1035052022755945,-0.0748789977868232,-0.699707018463561,0.5100596219184197,0.9184771676276684,0.4493264750927811,-0.3036857334050418,1.0469866784197936,-1.2937229757082185,-0.6636892170890771,0.4608306801939211,0.1337104553845832,1.027078911657809,0.1469491804436178,-0.4282895663715402,-0.8233178906068351,-0.1960142830746339,1.5275252316519468,other
-0.1035052022755945,-1.2545656494361206,-0.2408572253028646,-1.42714897504612,-0.1035052022755945,-0.4718555739223634,-0.699707018463561,-1.1459781115829426,0.024146916773074,0.4493264750927811,1.7906986349055911,1.0469866784197936,1.5642806525131776,0.0399304140681737,-2.3750504286917478,2.016956305871672,-0.7049259983890863,1.6776698100646354,-0.4282895663715402,1.2145976802021623,-0.1960142830746339,-0.6546536707079772,other
-0.1035052022755945,-1.2545656494361206,0.0080479334668887,-0.5034279555987932,-0.1035052022755945,-0.2357962884703368,-0.699707018463561,-1.1459781115829426,0.9184771676276684,-0.963649861676971,-0.3036857334050418,1.0469866784197936,-0.3410550996344197,-0.6636892170890771,0.4608306801939211,-1.7495353951025054,-0.7049259983890863,1.6776698100646354,-0.4282895663715402,1.2145976802021623,-0.1960142830746339,-0.6546536707079772,other
-0.1035052022755945,1.1320525803091943,0.2569530922366421,1.3440140832958607,-0.1035052022755945,-0.141514351638146,-0.0664879972295691,1.3380784886691008,0.024146916773074,0.4493264750927811,-0.3036857334050418,1.0469866784197936,-1.2937229757082185,0.0399304140681737,0.4608306801939211,0.1337104553845832,-0.7049259983890863,0.1469491804436178,2.3348689263480744,1.2145976802021623,-0.1960142830746339,-0.6546536707079772,other
-0.1035052022755945,1.1320525803091943,0.2569530922366421,-0.5034279555987932,-0.1035052022755945,-0.8053867865505271,1.8331690664724063,1.3380784886691008,0.9184771676276684,0.4493264750927811,-0.3036857334050418,-0.7659772668958664,0.6116127764393787,-0.9275465787730464,0.4608306801939211,0.1337104553845832,1.027078911657809,0.1469491804436178,-0.4282895663715402,-0.8233178906068351,-0.1960142830746339,-0.6546536707079772,young
-0.1035052022755945,1.1320525803091943,-1.2364778603818778,1.3440140832958607,-0.1035052022755945,-0.4867421955274462,1.8331690664724063,-0.3179592448322615,-1.7645135849361144,0.4493264750927811,-0.3036857334050418,-0.7659772668958664,-1.2937229757082185,-0.1359744937211389,0.4608306801939211,0.1337104553845832,1.027078911657809,-1.3837714491773996,2.3348689263480744,-0.8233178906068351,-0.1960142830746339,-0.6546536707079772,other
-0.1035052022755945,-1.2545656494361206,0.2569530922366421,-0.5034279555987932,-0.1035052022755945,-0.4725644606654626,-0.699707018463561,-1.1459781115829426,0.9184771676276684,-2.376626198446723,-0.3036857334050418,0.1405047057619635,-0.3410550996344197,-0.3118794015104516,0.4608306801939211,0.1337104553845832,-0.7049259983890863,0.1469491804436178,-0.4282895663715402,-0.8233178906068351,-0.1960142830746339,1.5275252316519468,other
-0.1035052022755945,-0.4590262395210155,0.7547634097761486,0.4202930638485338,-0.1035052022755945,-0.4792988847249047,-0.0664879972295691,-1.1459781115829426,0.9184771676276684,0.4493264750927811,-0.3036857334050418,0.1405047057619635,1.5642806525131776,-0.4877843092997644,-0.9571098742489133,0.1337104553845832,1.027078911657809,1.6776698100646354,-0.4282895663715402,-0.8233178906068351,-0.1960142830746339,1.5275252316519468,other
-0.1035052022755945,1.1320525803091943,0.2569530922366421,-0.5034279555987932,-0.1035052022755945,-0.6161140261430462,-0.699707018463561,-1.1459781115829426,0.9184771676276684,-0.963649861676971,-0.3036857334050418,0.1405047057619635,0.6116127764393787,0.2158353218574867,-0.9571098742489133,0.1337104553845832,-0.7049259983890863,0.1469491804436178,-0.4282895663715402,1.2145976802021623,-0.1960142830746339,-0.6546536707079772,other
-0.1035052022755945,-0.4590262395210155,-0.4897623840726178,-0.5034279555987932,-0.1035052022755945,-0.8752121307457962,-0.699707018463561,1.3380784886691008,0.9184771676276684,0.4493264750927811,-0.3036857334050418,0.1405047057619635,0.6116127764393787,0.1278828679628304,0.4608306801939211,0.1337104553845832,-0.7049259983890863,0.1469491804436178,2.3348689263480744,-0.8233178906068351,-0.1960142830746339,1.5275252316519468,other
-0.1035052022755945,0.3365131703940894,1.2525737273156554,-0.5034279555987932,-0.1035052022755945,0.4259494862127466,-0.699707018463561,1.3380784886691008,0.9184771676276684,0.4493264750927811,-0.3036857334050418,-0.7659772668958664,0.6116127764393787,-0.3998318554051081,0.4608306801939211,0.1337104553845832,-0.7049259983890863,0.1469491804436178,-0.4282895663715402,-0.8233178906068351,-0.1960142830746339,-0.6546536707079772,other
-0.1035052022755945,-0.4590262395210155,-1.2364778603818778,-0.5034279555987932,-0.1035052022755945,-0.7809301939136054,-0.699707018463561,1.3380784886691008,0.9184771676276684,0.4493264750927811,-0.3036857334050418,1.0469866784197936,0.6116127764393787,-0.6636892170890771,0.4608306801939211,0.1337104553845832,-0.7049259983890863,0.1469491804436178,2.3348689263480744,-0.8233178906068351,-0.1960142830746339,-0.6546536707079772,other
-0.1035052022755945,1.1320525803091943,-0.7386675428423712,1.3440140832958607,-0.1035052022755945,-0.7018893220580469,-0.699707018463561,-0.3179592448322615,0.9184771676276684,-0.963649861676971,-0.3036857334050418,-0.7659772668958664,-0.3410550996344197,-0.0480220398264825,0.4608306801939211,0.1337104553845832,1.027078911657809,0.1469491804436178,-0.4282895663715402,-0.8233178906068351,-0.1960142830746339,-0.6546536707079772,other
-0.1035052022755945,-1.2545656494361206,0.2569530922366421,0.4202930638485338,-0.1035052022755945,-0.7965257022617872,-0.699707018463561,-1.1459781115829426,0.9184771676276684,1.862302811862533,-0.3036857334050418,1.0469866784197936,-1.2937229757082185,1.095359860804051,-0.9571098742489133,0.1337104553845832,-0.7049259983890863,0.1469491804436178,-0.4282895663715402,-0.8233178906068351,-0.1960142830746339,1.5275252316519468,other
-0.1035052022755945,1.1320525803091943,-0.7386675428423712,-0.5034279555987932,-0.1035052022755945,-0.8844276584060855,-0.699707018463561,-0.3179592448322615,0.9184771676276684,1.862302811862533,-0.3036857334050418,-0.7659772668958664,-1.2937229757082185,-0.6636892170890771,0.4608306801939211,0.1337104553845832,-0.7049259983890863,0.1469491804436178,-0.4282895663715402,-0.8233178906068351,-0.1960142830746339,-0.6546536707079772,other
-0.1035052022755945,-1.2545656494361206,-0.7386675428423712,-0.5034279555987932,-0.1035052022755945,-0.908175364299908,-0.699707018463561,1.3380784886691008,0.9184771676276684,0.4493264750927811,-0.3036857334050418,1.0469866784197936,-1.2937229757082185,1.886931945855958,-0.9571098742489133,0.1337104553845832,-0.7049259983890863,-1.3837714491773996,-0.4282895663715402,-0.8233178906068351,-0.1960142830746339,1.5275252316519468,other
-0.1035052022755945,1.1320525803091943,-1.2364778603818778,1.3440140832958607,-0.1035052022755945,-0.6696349752470342,-0.699707018463561,-0.3179592448322615,-1.7645135849361144,-0.963649861676971,-0.3036857334050418,-1.6724592395536964,0.6116127764393787,-0.6636892170890771,0.4608306801939211,0.1337104553845832,1.027078911657809,0.1469491804436178,-0.4282895663715402,1.2145976802021623,-0.1960142830746339,-0.6546536707079772,other
-0.1035052022755945,0.3365131703940894,-0.7386675428423712,-0.5034279555987932,-0.1035052022755945,-0.4927677328437891,-0.699707018463561,-0.3179592448322615,-0.8701833340815202,-0.963649861676971,-0.3036857334050418,-0.7659772668958664,0.6116127764393787,0.7435500452254251,0.4608306801939211,-1.7495353951025054,-0.7049259983890863,-1.3837714491773996,-0.4282895663715402,1.2145976802021623,-0.1960142830746339,-0.6546536707079772,other
-0.1035052022755945,-0.4590262395210155,1.9992892036249152,-0.5034279555987932,-0.1035052022755945,-0.0851578555617612,-0.0664879972295691,-0.3179592448322615,0.9184771676276684,0.4493264750927811,3.885083003216225,1.0469866784197936,-0.3410550996344197,-1.279356394351672,0.4608306801939211,-1.7495353951025054,-0.7049259983890863,0.1469491804436178,-0.4282895663715402,-0.8233178906068351,-0.1960142830746339,1.5275252316519468,young
-0.1035052022755945,1.1320525803091943,-0.7386675428423712,-0.5034279555987932,-0.1035052022755945,-0.9088842510430072,-0.699707018463561,-0.3179592448322615,0.9184771676276684,0.4493264750927811,-0.3036857334050418,-0.7659772668958664,-1.2937229757082185,-0.4877843092997644,-2.3750504286917478,0.1337104553845832,1.027078911657809,0.1469491804436178,-0.4282895663715402,-0.8233178906068351,-0.1960142830746339,-0.6546536707079772,other
-0.1035052022755945,1.1320525803091943,-1.2364778603818778,-0.5034279555987932,-0.1035052022755945,-0.4123090875020324,-0.699707018463561,0.5100596219184197,-0.8701833340815202,1.862302811862533,-0.3036857334050418,-0.7659772668958664,-1.2937229757082185,-0.5757367631944208,0.4608306801939211,-1.7495353951025054,-0.7049259983890863,0.1469491804436178,-0.4282895663715402,-0.8233178906068351,-0.1960142830746339,-0.6546536707079772,other
-0.1035052022755945,1.1320525803091943,-0.9875727016121244,1.3440140832958607,-0.1035052022755945,-0.069916790585129,1.8331690664724063,-0.3179592448322615,-1.7645135849361144,0.4493264750927811,-0.3036857334050418,-0.7659772668958664,-1.2937229757082185,-0.2239269476157952,0.4608306801939211,0.1337104553845832,1.027078911657809,0.1469491804436178,2.3348689263480744,-0.8233178906068351,-0.1960142830746339,-0.6546536707079772,other
-0.1035052022755945,-0.4590262395210155,-0.7386675428423712,-0.5034279555987932,-0.1035052022755945,-0.9379486075100734,-0.699707018463561,-1.1459781115829426,0.9184771676276684,1.862302811862533,3.885083003216225,-1.6724592395536964,-1.2937229757082185,-0.83959412487839,-2.3750504286917478,0.1337104553845832,-0.7049259983890863,-1.3837714491773996,-0.4282895663715402,-0.8233178906068351,-0.1960142830746339,-0.6546536707079772,other
-0.1035052022755945,1.1320525803091943,-0.4897623840726178,1.3440140832958607,-0.1035052022755945,-0.6774327294211252,-0.699707018463561,-0.3179592448322615,0.9184771676276684,0.4493264750927811,-0.3036857334050418,-0.7659772668958664,-0.3410550996344197,-0.3998318554051081,0.4608306801939211,0.1337104553845832,1.027078911657809,0.1469491804436178,-0.4282895663715402,-0.8233178906068351,-0.1960142830746339,-0.6546536707079772,other
-0.1035052022755945,1.1320525803091943,1.2525737273156554,-0.5034279555987932,-0.1035052022755945,0.1998146151641085,1.8331690664724063,1.3380784886691008,-0.8701833340815202,-0.963649861676971,-0.3036857334050418,1.0469866784197936,-1.2937229757082185,0.8315024991200815,0.4608306801939211,0.1337104553845832,-0.7049259983890863,-1.3837714491773996,-0.4282895663715402,1.2145976802021623,-0.1960142830746339,-0.6546536707079772,other
-0.1035052022755945,1.1320525803091943,-0.2408572253028646,1.3440140832958607,-0.1035052022755945,0.991995550577441,-0.699707018463561,1.3380784886691008,0.024146916773074,0.4493264750927811,-0.3036857334050418,1.0469866784197936,0.6116127764393787,-0.2239269476157952,0.4608306801939211,0.1337104553845832,1.027078911657809,0.1469491804436178,-0.4282895663715402,1.2145976802021623,-0.1960142830746339,-0.6546536707079772,other
-0.1035052022755945,1.1320525803091943,-0.4897623840726178,1.3440140832958607,-0.1035052022755945,-0.6380895151791208,-0.699707018463561,-0.3179592448322615,0.9184771676276684,0.4493264750927811,-0.3036857334050418,1.0469866784197936,1.5642806525131776,-0.0480220398264825,0.4608306801939211,2.016956305871672,1.027078911657809,0.1469491804436178,-0.4282895663715402,1.2145976802021623,-0.1960142830746339,-0.6546536707079772,other
-0.1035052022755945,0.3365131703940894,1.2525737273156554,-0.5034279555987932,-0.1035052022755945,0.2274611981449765,-0.699707018463561,-0.3179592448322615,-0.8701833340815202,0.4493264750927811,-0.3036857334050418,-0.7659772668958664,-1.2937229757082185,-1.1034514865623593,0.4608306801939211,0.1337104553845832,-0.7049259983890863,0.1469491804436178,-0.4282895663715402,1.2145976802021623,-0.1960142830746339,-0.6546536707079772,young
-0.1035052022755945,-0.4590262395210155,1.2525737273156554,-0.5034279555987932,-0.1035052022755945,0.5400802518517146,-0.699707018463561,-1.1459781115829426,0.9184771676276684,-0.963649861676971,-0.3036857334050418,-1.6724592395536964,1.5642806525131776,-0.4877843092997644,0.4608306801939211,0.1337104553845832,-0.7049259983890863,1.6776698100646354,-0.4282895663715402,1.2145976802021623,-0.1960142830746339,-0.6546536707079772,other
-0.1035052022755945,1.1320525803091943,-0.7386675428423712,-0.5034279555987932,-0.1035052022755945,-0.4637033763767227,-0.699707018463561,0.5100596219184197,0.9184771676276684,0.4493264750927811,-0.3036857334050418,-0.7659772668958664,0.6116127764393787,-0.3998318554051081,0.4608306801939211,-1.7495353951025054,1.027078911657809,1.6776698100646354,2.3348689263480744,1.2145976802021623,-0.1960142830746339,-0.6546536707079772,other
-0.1035052022755945,-1.2545656494361206,-0.9875727016121244,-0.5034279555987932,-0.1035052022755945,-0.6753060691918277,-0.699707018463561,-1.1459781115829426,0.024146916773074,-0.963649861676971,-0.3036857334050418,1.0469866784197936,-0.3410550996344197,-1.1914039404570156,0.4608306801939211,-1.7495353951025054,-0.7049259983890863,0.1469491804436178,-0.4282895663715402,-0.8233178906068351,-0.1960142830746339,1.5275252316519468,young
-0.1035052022755945,1.1320525803091943,2.2481943623946687,0.4202930638485338,-0.1035052022755945,3.359322829157149,0.5667310240044227,0.5100596219184197,0.9184771676276684,0.4493264750927811,-0.3036857334050418,-1.6724592395536964,0.6116127764393787,0.1278828679628304,0.4608306801939211,0.1337104553845832,-0.7049259983890863,1.6776698100646354,-0.4282895663715402,1.2145976802021623,-0.1960142830746339,-0.6546536707079772,other
-0.1035052022755945,1.1320525803091943,-1.1535094741252934,0.4202930638485338,-0.1035052022755945,-0.859616622397614,1.8331690664724063,1.3380784886691008,0.024146916773074,0.4493264750927811,-0.3036857334050418,1.0469866784197936,1.5642806525131776,0.0399304140681737,0.4608306801939211,2.016956305871672,-0.7049259983890863,0.1469491804436178,-0.4282895663715402,-0.8233178906068351,-0.1960142830746339,-0.6546536707079772,other
-0.1035052022755945,1.1320525803091943,1.2525737273156554,1.3440140832958607,-0.1035052022755945,0.0250740329901609,1.8331690664724063,1.3380784886691008,0.9184771676276684,0.4493264750927811,-0.3036857334050418,-0.7659772668958664,0.6116127764393787,1.3592172224880197,0.4608306801939211,0.1337104553845832,-0.7049259983890863,0.1469491804436178,-0.4282895663715402,1.2145976802021623,-0.1960142830746339,-0.6546536707079772,other
-0.1035052022755945,-1.2545656494361206,-0.7386675428423712,-0.5034279555987932,-0.1035052022755945,-0.9205808823041436,-0.0664879972295691,0.5100596219184197,0.9184771676276684,1.862302811862533,-0.3036857334050418,-1.6724592395536964,-0.3410550996344197,-1.3673088482463285,0.4608306801939211,0.1337104553845832,-0.7049259983890863,0.1469491804436178,-0.4282895663715402,-0.8233178906068351,-0.1960142830746339,1.5275252316519468,young
-0.1035052022755945,-0.4590262395210155,2.2481943623946687,-0.5034279555987932,-0.1035052022755945,2.725578080826483,1.1999500452384144,0.5100596219184197,-1.7645135849361144,0.4493264750927811,1.7906986349055911,-0.7659772668958664,1.5642806525131776,-0.7516416709837337,-2.3750504286917478,0.1337104553845832,1.027078911657809,0.1469491804436178,-0.4282895663715402,1.2145976802021623,-0.1960142830746339,1.5275252316519468,other
-0.1035052022755945,1.1320525803091943,-0.2408572253028646,0.4202930638485338,-0.1035052022755945,-0.3371670927335194,-0.699707018463561,-1.973996978333624,-0.8701833340815202,1.862302811862533,-0.3036857334050418,0.1405047057619635,-1.2937229757082185,-0.1359744937211389,0.4608306801939211,0.1337104553845832,1.027078911657809,0.1469491804436178,-0.4282895663715402,-0.8233178906068351,-0.1960142830746339,-0.6546536707079772,other
-0.1035052022755945,-0.4590262395210155,0.7547634097761486,-0.5034279555987932,-0.1035052022755945,-0.0993355904237449,1.8331690664724063,1.3380784886691008,-0.8701833340815202,-0.963649861676971,-0.3036857334050418,1.0469866784197936,0.6116127764393787,-0.9275465787730464,0.4608306801939211,0.1337104553845832,-0.7049259983890863,0.1469491804436178,-0.4282895663715402,-0.8233178906068351,-0.1960142830746339,-0.6546536707079772,young
-0.1035052022755945,1.1320525803091943,-0.9875727016121244,-0.5034279555987932,-0.1035052022755945,-0.6356084115782736,-0.699707018463561,0.5100596219184197,0.9184771676276684,0.4493264750927811,-0.3036857334050418,-0.7659772668958664,0.6116127764393787,-1.1914039404570156,0.4608306801939211,0.1337104553845832,-0.7049259983890863,0.1469491804436178,-0.4282895663715402,-0.8233178906068351,-0.1960142830746339,1.5275252316519468,young
-0.1035052022755945,-0.4590262395210155,-0.2408572253028646,-0.5034279555987932,-0.1035052022755945,-0.8525277549666225,-0.699707018463561,-0.3179592448322615,0.9184771676276684,1.862302811862533,3.885083003216225,-0.7659772668958664,-1.2937229757082185,-0.9275465787730464,0.4608306801939211,0.1337104553845832,-0.7049259983890863,-1.3837714491773996,-0.4282895663715402,-0.8233178906068351,-0.1960142830746339,-0.6546536707079772,young
-0.1035052022755945,0.3365131703940894,-0.7386675428423712,-0.5034279555987932,-0.1035052022755945,0.0452773051684877,1.8331690664724063,1.3380784886691008,-0.8701833340815202,0.4493264750927811,-0.3036857334050418,0.1405047057619635,0.6116127764393787,0.1278828679628304,0.4608306801939211,0.1337104553845832,-0.7049259983890863,1.6776698100646354,-0.4282895663715402,-0.8233178906068351,-0.1960142830746339,-0.6546536707079772,other
-0.1035052022755945,-1.2545656494361206,0.5058582510063955,-0.5034279555987932,-0.1035052022755945,0.0513028424848305,-0.699707018463561,-0.3179592448322615,0.024146916773074,0.4493264750927811,-0.3036857334050418,-0.7659772668958664,0.6116127764393787,-0.7516416709837337,0.4608306801939211,0.1337104553845832,-0.7049259983890863,1.6776698100646354,-0.4282895663715402,-0.8233178906068351,-0.1960142830746339,-0.6546536707079772,other
-0.1035052022755945,0.3365131703940894,1.2525737273156554,-0.5034279555987932,-0.1035052022755945,0.3327308794952047,-0.699707018463561,-0.3179592448322615,0.9184771676276684,0.4493264750927811,-0.3036857334050418,-0.7659772668958664,0.6116127764393787,-0.83959412487839,0.4608306801939211,0.1337104553845832,-0.7049259983890863,0.1469491804436178,-0.4282895663715402,-0.8233178906068351,-0.1960142830746339,1.5275252316519468,other
-0.1035052022755945,1.1320525803091943,-1.4024146328950466,1.3440140832958607,-0.1035052022755945,-0.6122151490560007,-0.699707018463561,0.5100596219184197,-0.8701833340815202,0.4493264750927811,-0.3036857334050418,-1.6724592395536964,-1.2937229757082185,0.5676451374361121,0.4608306801939211,0.1337104553845832,2.759083821704704,-1.3837714491773996,2.3348689263480744,-0.8233178906068351,-0.1960142830746339,-0.6546536707079772,other
-0.1035052022755945,-1.2545656494361206,0.2569530922366421,-0.5034279555987932,-0.1035052022755945,-0.5133254483936653,-0.699707018463561,-1.973996978333624,0.9184771676276684,0.4493264750927811,-0.3036857334050418,-0.7659772668958664,0.6116127764393787,-0.4877843092997644,-0.9571098742489133,0.1337104553845832,-0.7049259983890863,1.6776698100646354,2.3348689263480744,-0.8233178906068351,-0.1960142830746339,1.5275252316519468,other
-0.1035052022755945,1.1320525803091943,-0.7386675428423712,-0.5034279555987932,-0.1035052022755945,-0.4006124562408959,-0.0664879972295691,0.5100596219184197,0.024146916773074,0.4493264750927811,-0.3036857334050418,-1.6724592395536964,1.5642806525131776,-0.0480220398264825,0.4608306801939211,0.1337104553845832,-0.7049259983890863,0.1469491804436178,-0.4282895663715402,-0.8233178906068351,-0.1960142830746339,-0.6546536707079772,other
-0.1035052022755945,-0.4590262395210155,-0.4897623840726178,1.3440140832958607,-0.1035052022755945,-0.1925541971412869,1.8331690664724063,0.5100596219184197,0.9184771676276684,0.4493264750927811,3.885083003216225,-0.7659772668958664,-1.2937229757082185,-0.0480220398264825,-2.3750504286917478,0.1337104553845832,2.759083821704704,0.1469491804436178,-0.4282895663715402,1.2145976802021623,-0.1960142830746339,-0.6546536707079772,other
-0.1035052022755945,-1.2545656494361206,-0.9875727016121244,-0.5034279555987932,-0.1035052022755945,-0.6760149559349269,-0.699707018463561,0.5100596219184197,0.024146916773074,0.4493264750927811,-0.3036857334050418,1.0469866784197936,-1.2937229757082185,2.062836853645271,0.4608306801939211,0.1337104553845832,-0.7049259983890863,0.1469491804436178,-0.4282895663715402,-0.8233178906068351,-0.1960142830746339,-0.6546536707079772,other
-0.128458240432681,1.1320525803091943,-0.7386675428423712,1.3440140832958607,-0.128458240432681,-0.6625461078160425,0.5667310240044227,0.5100596219184197,0.024146916773074,-0.963649861676971,-0.3036857334050418,1.0469866784197936,0.6116127764393787,0.1278828679628304,0.4608306801939211,-1.7495353951025054,-0.7049259983890863,0.1469491804436178,-0.4282895663715402,1.2145976802021623,-0.1960142830746339,-0.6546536707079772,other
-0.128458240432681,1.1320525803091943,-0.7386675428423712,1.3440140832958607,-0.128458240432681,-0.5952018672216205,1.1999500452384144,0.5100596219184197,0.024146916773074,-0.963649861676971,-0.3036857334050418,-0.7659772668958664,-0.3410550996344197,-0.0480220398264825,0.4608306801939211,0.1337104553845832,-0.7049259983890863,0.1469491804436178,-0.4282895663715402,-0.8233178906068351,5.101669043266824,-0.6546536707079772,other
-0.128458240432681,-0.4590262395210155,-0.2408572253028646,-2.350869994493447,-0.128458240432681,-0.0096614174216987,-0.699707018463561,-0.3179592448322615,-1.7645135849361144,-0.963649861676971,-0.3036857334050418,1.0469866784197936,0.6116127764393787,-0.2239269476157952,-2.3750504286917478,0.1337104553845832,1.027078911657809,0.1469491804436178,-0.4282895663715402,1.2145976802021623,-0.1960142830746339,-0.6546536707079772,other
-0.128458240432681,1.1320525803091943,-0.2408572253028646,1.3440140832958607,-0.128458240432681,-0.5154521086229629,-0.699707018463561,-0.3179592448322615,0.9184771676276684,-0.963649861676971,-0.3036857334050418,-0.7659772668958664,1.5642806525131776,-0.6636892170890771,0.4608306801939211,0.1337104553845832,1.027078911657809,0.1469491804436178,-0.4282895663715402,-0.8233178906068351,-0.1960142830746339,-0.6546536707079772,other
-0.128458240432681,-0.4590262395210155,0.2569530922366421,0.4202930638485338,-0.128458240432681,-0.3325593289033747,1.8331690664724063,-1.1459781115829426,0.9184771676276684,0.4493264750927811,-0.3036857334050418,-0.7659772668958664,-0.3410550996344197,-0.5757367631944208,-2.3750504286917478,0.1337104553845832,-0.7049259983890863,-1.3837714491773996,-0.4282895663715402,-0.8233178906068351,-0.1960142830746339,-0.6546536707079772,other
-0.128458240432681,1.1320525803091943,0.2569530922366421,-0.5034279555987932,-0.128458240432681,0.2483733570664023,-0.699707018463561,0.5100596219184197,-0.8701833340815202,-0.963649861676971,-0.3036857334050418,1.0469866784197936,-0.3410550996344197,-0.9275465787730464,0.4608306801939211,-1.7495353951025054,-0.7049259983890863,0.1469491804436178,-0.4282895663715402,1.2145976802021623,-0.1960142830746339,-0.6546536707079772,young
-0.128458240432681,-1.2545656494361206,-0.7386675428423712,-0.5034279555987932,-0.128458240432681,-0.7025982088011461,-0.699707018463561,-0.3179592448322615,0.9184771676276684,0.4493264750927811,3.885083003216225,-1.6724592395536964,-0.3410550996344197,-1.279356394351672,0.4608306801939211,0.1337104553845832,-0.7049259983890863,-1.3837714491773996,-0.4282895663715402,-0.8233178906068351,-0.1960142830746339,-0.6546536707079772,young
-0.128458240432681,-0.4590262395210155,-0.2408572253028646,1.3440140832958607,-0.128458240432681,-0.4761088943809584,-0.699707018463561,-1.1459781115829426,-0.8701833340815202,0.4493264750927811,-0.3036857334050418,-0.7659772668958664,-1.2937229757082185,-0.3998318554051081,0.4608306801939211,0.1337104553845832,1.027078911657809,-1.3837714491773996,-0.4282895663715402,-0.8233178906068351,-0.1960142830746339,1.5275252316519468,other
-0.128458240432681,-1.2545656494361206,0.2569530922366421,-1.42714897504612,-0.128458240432681,0.0995071410155747,-0.699707018463561,0.5100596219184197,0.024146916773074,0.4493264750927811,-0.3036857334050418,1.0469866784197936,0.6116127764393787,-0.7516416709837337,-2.3750504286917478,0.1337104553845832,-0.7049259983890863,0.1469491804436178,-0.4282895663715402,-0.8233178906068351,-0.1960142830746339,1.5275252316519468,other
-0.128458240432681,-0.4590262395210155,-0.7386675428423712,-0.5034279555987932,-0.128458240432681,-0.8224000683849073,-0.0664879972295691,-1.1459781115829426,0.9184771676276684,-0.963649861676971,-0.3036857334050418,1.0469866784197936,0.6116127764393787,-0.7516416709837337,-2.3750504286917478,-1.7495353951025054,4.4910887317516,0.1469491804436178,-0.4282895663715402,-0.8233178906068351,-0.1960142830746339,1.5275252316519468,other
-0.128458240432681,-1.2545656494361206,-0.2408572253028646,-0.5034279555987932,-0.128458240432681,-0.436765680138954,-0.699707018463561,-0.3179592448322615,-1.7645135849361144,-0.963649861676971,-0.3036857334050418,1.0469866784197936,-1.2937229757082185,-1.3673088482463285,-2.3750504286917478,-1.7495353951025054,-0.7049259983890863,0.1469491804436178,-0.4282895663715402,-0.8233178906068351,-0.1960142830746339,1.5275252316519468,young
-0.128458240432681,-1.2545656494361206,-0.7386675428423712,1.3440140832958607,-0.128458240432681,-0.363395902228189,-0.699707018463561,1.3380784886691008,0.024146916773074,0.4493264750927811,-0.3036857334050418,0.1405047057619635,-0.3410550996344197,2.150789307539927,0.4608306801939211,0.1337104553845832,1.027078911657809,0.1469491804436178,-0.4282895663715402,-0.8233178906068351,-0.1960142830746339,1.5275252316519468,other
-0.128458240432681,-1.2545656494361206,0.2569530922366421,-0.5034279555987932,-0.128458240432681,-0.0132058511371946,-0.699707018463561,-1.1459781115829426,0.9184771676276684,-0.963649861676971,-0.3036857334050418,1.0469866784197936,-1.2937229757082185,-1.1034514865623593,0.4608306801939211,-1.7495353951025054,-0.7049259983890863,-1.3837714491773996,-0.4282895663715402,1.2145976802021623,-0.1960142830746339,1.5275252316519468,young
-0.128458240432681,-1.2545656494361206,0.2569530922366421,-0.5034279555987932,-0.128458240432681,-0.3233438012430854,-0.0664879972295691,-1.973996978333624,-1.7645135849361144,-2.376626198446723,-0.3036857334050418,-1.6724592395536964,-0.3410550996344197,-0.2239269476157952,0.4608306801939211,0.1337104553845832,-0.7049259983890863,0.1469491804436178,-0.4282895663715402,-0.8233178906068351,-0.1960142830746339,1.5275252316519468,other
-0.128458240432681,-1.2545656494361206,0.2569530922366421,-0.5034279555987932,-0.128458240432681,-0.5402631446314341,-0.699707018463561,-1.1459781115829426,0.9184771676276684,0.4493264750927811,1.7906986349055911,-1.6724592395536964,-0.3410550996344197,-1.0154990326677027,0.4608306801939211,0.1337104553845832,-0.7049259983890863,-1.3837714491773996,-0.4282895663715402,-0.8233178906068351,5.101669043266824,-0.6546536707079772,young
-0.128458240432681,1.1320525803091943,-0.7386675428423712,-0.5034279555987932,-0.128458240432681,-0.6015818479095131,-0.699707018463561,-0.3179592448322615,0.9184771676276684,0.4493264750927811,-0.3036857334050418,-0.7659772668958664,-1.2937229757082185,1.2712647685933636,0.4608306801939211,0.1337104553845832,-0.7049259983890863,0.1469491804436178,-0.4282895663715402,-0.8233178906068351,-0.1960142830746339,-0.6546536707079772,other
-0.128458240432681,1.1320525803091943,-1.2364778603818778,-0.5034279555987932,-0.128458240432681,0.47486267148659,-0.699707018463561,-1.1459781115829426,-1.7645135849361144,-0.963649861676971,-0.3036857334050418,1.0469866784197936,-0.3410550996344197,-0.3118794015104516,0.4608306801939211,0.1337104553845832,-0.7049259983890863,0.1469491804436178,-0.4282895663715402,-0.8233178906068351,-0.1960142830746339,1.5275252316519468,other
-0.128458240432681,1.1320525803091943,-0.4897623840726178,1.3440140832958607,-0.128458240432681,-0.1712875948483116,-0.699707018463561,0.5100596219184197,-0.8701833340815202,-0.963649861676971,1.7906986349055911,0.1405047057619635,0.6116127764393787,-1.0154990326677027,-2.3750504286917478,0.1337104553845832,1.027078911657809,0.1469491804436178,-0.4282895663715402,-0.8233178906068351,-0.1960142830746339,-0.6546536707079772,young
-0.128458240432681,-1.2545656494361206,-0.7386675428423712,-0.5034279555987932,-0.128458240432681,-0.712168179832985,1.8331690664724063,1.3380784886691008,-0.8701833340815202,-2.376626198446723,-0.3036857334050418,1.0469866784197936,-0.3410550996344197,1.1833123146987068,0.4608306801939211,0.1337104553845832,-0.7049259983890863,-1.3837714491773996,-0.4282895663715402,1.2145976802021623,-0.1960142830746339,-0.6546536707079772,other
-0.128458240432681,1.1320525803091943,-0.4897623840726178,1.3440140832958607,-0.128458240432681,-0.6207217899731909,1.8331690664724063,1.3380784886691008,0.9184771676276684,0.4493264750927811,-0.3036857334050418,1.0469866784197936,-0.3410550996344197,2.414646669223896,0.4608306801939211,0.1337104553845832,-0.7049259983890863,0.1469491804436178,-0.4282895663715402,-0.8233178906068351,-0.1960142830746339,-0.6546536707079772,other
-0.128458240432681,-1.2545656494361206,-0.4897623840726178,1.3440140832958607,-0.128458240432681,-0.8138934274677173,-0.699707018463561,-0.3179592448322615,-0.8701833340815202,-2.376626198446723,-0.3036857334050418,0.1405047057619635,-0.3410550996344197,-0.9275465787730464,0.4608306801939211,0.1337104553845832,1.027078911657809,0.1469491804436178,-0.4282895663715402,-0.8233178906068351,-0.1960142830746339,-0.6546536707079772,young
-0.128458240432681,-1.2545656494361206,1.5014788860854085,1.3440140832958607,-0.128458240432681,3.8661768504730616,1.8331690664724063,0.5100596219184197,0.9184771676276684,0.4493264750927811,-0.3036857334050418,1.0469866784197936,-0.3410550996344197,-0.4877843092997644,0.4608306801939211,0.1337104553845832,1.027078911657809,1.6776698100646354,-0.4282895663715402,1.2145976802021623,-0.1960142830746339,-0.6546536707079772,other
-0.128458240432681,1.1320525803091943,-0.7386675428423712,1.3440140832958607,-0.128458240432681,-0.4736277907801113,-0.699707018463561,1.3380784886691008,0.9184771676276684,0.4493264750927811,-0.3036857334050418,1.0469866784197936,-1.2937229757082185,0.6555975913307684,0.4608306801939211,0.1337104553845832,2.759083821704704,0.1469491804436178,-0.4282895663715402,1.2145976802021623,-0.1960142830746339,-0.6546536707079772,other
-0.128458240432681,-1.2545656494361206,1.7503840448551622,-0.5034279555987932,-0.128458240432681,1.634246939825297,-0.699707018463561,0.5100596219184197,-0.8701833340815202,0.4493264750927811,3.885083003216225,1.0469866784197936,-0.3410550996344197,0.8315024991200815,0.4608306801939211,2.016956305871672,-0.7049259983890863,0.1469491804436178,2.3348689263480744,-0.8233178906068351,-0.1960142830746339,-0.6546536707079772,other
-0.128458240432681,-0.4590262395210155,-0.7386675428423712,-2.350869994493447,-0.128458240432681,-0.1071333445978358,-0.699707018463561,-1.1459781115829426,0.9184771676276684,-0.963649861676971,-0.3036857334050418,0.1405047057619635,-0.3410550996344197,-0.9275465787730464,0.4608306801939211,-1.7495353951025054,1.027078911657809,0.1469491804436178,-0.4282895663715402,-0.8233178906068351,-0.1960142830746339,1.5275252316519468,young
-0.128458240432681,-1.2545656494361206,0.2569530922366421,-1.42714897504612,-0.128458240432681,-0.2793928231709363,0.5667310240044227,-0.3179592448322615,0.9184771676276684,0.4493264750927811,-0.3036857334050418,1.0469866784197936,-1.2937229757082185,-1.1914039404570156,-0.9571098742489133,0.1337104553845832,-0.7049259983890863,0.1469491804436178,-0.4282895663715402,1.2145976802021623,-0.1960142830746339,-0.6546536707079772,young
-0.128458240432681,1.1320525803091943,-0.9875727016121244,-0.5034279555987932,-0.128458240432681,-0.6675083150177368,-0.699707018463561,-0.3179592448322615,0.9184771676276684,-0.963649861676971,-0.3036857334050418,-0.7659772668958664,-1.2937229757082185,-0.83959412487839,0.4608306801939211,-1.7495353951025054,-0.7049259983890863,0.1469491804436178,-0.4282895663715402,-0.8233178906068351,-0.1960142830746339,-0.6546536707079772,other
-0.128458240432681,-1.2545656494361206,-1.2364778603818778,-0.5034279555987932,-0.128458240432681,-1.0077739517053426,-0.699707018463561,1.3380784886691008,-0.8701833340815202,-0.963649861676971,-0.3036857334050418,-1.6724592395536964,-0.3410550996344197,1.1833123146987068,-2.3750504286917478,0.1337104553845832,-0.7049259983890863,0.1469491804436178,-0.4282895663715402,1.2145976802021623,-0.1960142830746339,-0.6546536707079772,other
-0.128458240432681,-0.4590262395210155,0.7547634097761486,1.3440140832958607,-0.128458240432681,1.81288639908629,-0.699707018463561,0.5100596219184197,-0.8701833340815202,0.4493264750927811,-0.3036857334050418,-0.7659772668958664,-0.3410550996344197,1.1833123146987068,0.4608306801939211,0.1337104553845832,-0.7049259983890863,0.1469491804436178,-0.4282895663715402,-0.8233178906068351,-0.1960142830746339,1.5275252316519468,other
-0.128458240432681,1.1320525803091943,0.2569530922366421,-0.5034279555987932,-0.128458240432681,-0.1546287563854807,0.5667310240044227,1.3380784886691008,0.024146916773074,0.4493264750927811,-0.3036857334050418,1.0469866784197936,-0.3410550996344197,1.5351221302773324,0.4608306801939211,0.1337104553845832,-0.7049259983890863,0.1469491804436178,-0.4282895663715402,-0.8233178906068351,-0.1960142830746339,-0.6546536707079772,other
-0.128458240432681,0.3365131703940894,-0.90460431535554,-0.5034279555987932,-0.128458240432681,-0.7075604160028404,-0.699707018463561,-1.1459781115829426,0.9184771676276684,-0.963649861676971,-0.3036857334050418,-0.7659772668958664,-0.3410550996344197,-1.1034514865623593,0.4608306801939211,0.1337104553845832,-0.7049259983890863,0.1469491804436178,-0.4282895663715402,-0.8233178906068351,-0.1960142830746339,-0.6546536707079772,young
-0.128458240432681,1.1320525803091943,0.2569530922366421,1.3440140832958607,-0.128458240432681,-0.4406645572259994,-0.699707018463561,0.5100596219184197,-0.8701833340815202,0.4493264750927811,-0.3036857334050418,-0.7659772668958664,-0.3410550996344197,-0.4877843092997644,0.4608306801939211,0.1337104553845832,1.027078911657809,-1.3837714491773996,-0.4282895663715402,-0.8233178906068351,-0.1960142830746339,-0.6546536707079772,other
-0.128458240432681,-0.4590262395210155,-0.2408572253028646,1.3440140832958607,-0.128458240432681,1.0951385716983717,-0.699707018463561,1.3380784886691008,-0.8701833340815202,0.4493264750927811,-0.3036857334050418,-1.6724592395536964,1.5642806525131776,0.4796926835414558,0.4608306801939211,0.1337104553845832,-0.7049259983890863,0.1469491804436178,-0.4282895663715402,1.2145976802021623,-0.1960142830746339,-0.6546536707079772,other
-0.128458240432681,0.3365131703940894,-0.7386675428423712,-0.5034279555987932,-0.128458240432681,-0.3616236853704411,-0.699707018463561,-0.3179592448322615,-1.7645135849361144,-0.963649861676971,-0.3036857334050418,-0.7659772668958664,0.6116127764393787,0.9194549530147378,0.4608306801939211,0.1337104553845832,-0.7049259983890863,-1.3837714491773996,-0.4282895663715402,-0.8233178906068351,-0.1960142830746339,-0.6546536707079772,other
-0.128458240432681,-0.4590262395210155,0.7547634097761486,-1.42714897504612,-0.128458240432681,0.0796583122087977,1.1999500452384144,-0.3179592448322615,0.9184771676276684,0.4493264750927811,-0.3036857334050418,-0.7659772668958664,0.6116127764393787,-0.1359744937211389,-0.9571098742489133,0.1337104553845832,-0.7049259983890863,0.1469491804436178,2.3348689263480744,1.2145976802021623,-0.1960142830746339,-0.6546536707079772,other
-0.128458240432681,0.3365131703940894,-1.2364778603818778,-0.5034279555987932,-0.128458240432681,-0.4094735405296356,-0.699707018463561,-0.3179592448322615,-0.8701833340815202,0.4493264750927811,-0.3036857334050418,-0.7659772668958664,-1.2937229757082185,0.4796926835414558,0.4608306801939211,0.1337104553845832,-0.7049259983890863,0.1469491804436178,-0.4282895663715402,1.2145976802021623,-0.1960142830746339,-0.6546536707079772,other
-0.128458240432681,-0.4590262395210155,-1.2364778603818778,0.4202930638485338,-0.128458240432681,-0.787310174601498,-0.699707018463561,-1.973996978333624,0.9184771676276684,0.4493264750927811,-0.3036857334050418,-1.6724592395536964,-0.3410550996344197,-0.0480220398264825,-0.9571098742489133,0.1337104553845832,1.027078911657809,1.6776698100646354,-0.4282895663715402,1.2145976802021623,-0.1960142830746339,-0.6546536707079772,other
-0.128458240432681,1.1320525803091943,0.0080479334668887,-0.5034279555987932,-0.128458240432681,-0.3651681190859369,-0.699707018463561,1.3380784886691008,0.9184771676276684,0.4493264750927811,-0.3036857334050418,-0.7659772668958664,-1.2937229757082185,1.2712647685933636,0.4608306801939211,0.1337104553845832,1.027078911657809,0.1469491804436178,-0.4282895663715402,-0.8233178906068351,-0.1960142830746339,-0.6546536707079772,other
-0.128458240432681,-1.2545656494361206,1.2525737273156554,1.3440140832958607,-0.128458240432681,1.0483520466538256,-0.699707018463561,-1.1459781115829426,0.9184771676276684,-0.963649861676971,1.7906986349055911,1.0469866784197936,1.5642806525131776,-1.1034514865623593,0.4608306801939211,-1.7495353951025054,1.027078911657809,-1.3837714491773996,-0.4282895663715402,1.2145976802021623,-0.1960142830746339,1.5275252316519468,young
-0.128458240432681,-1.2545656494361206,-0.7386675428423712,-0.5034279555987932,-0.128458240432681,1.6282214025089543,-0.699707018463561,1.3380784886691008,0.9184771676276684,0.4493264750927811,-0.3036857334050418,1.0469866784197936,1.5642806525131776,1.5351221302773324,0.4608306801939211,2.016956305871672,-0.7049259983890863,1.6776698100646354,-0.4282895663715402,1.2145976802021623,-0.1960142830746339,1.5275252316519468,other
-0.128458240432681,0.3365131703940894,0.2569530922366421,-0.5034279555987932,-0.128458240432681,-0.4771722244956072,-0.699707018463561,-0.3179592448322615,-0.8701833340815202,0.4493264750927811,-0.3036857334050418,-0.7659772668958664,-1.2937229757082185,-0.83959412487839,0.4608306801939211,0.1337104553845832,-0.7049259983890863,0.1469491804436178,-0.4282895663715402,-0.8233178906068351,-0.1960142830746339,-0.6546536707079772,other
-0.128458240432681,-1.2545656494361206,0.2569530922366421,-0.5034279555987932,-0.128458240432681,-0.0433335377189097,-0.699707018463561,-1.1459781115829426,0.9184771676276684,0.4493264750927811,-0.3036857334050418,-1.6724592395536964,1.5642806525131776,-1.1914039404570156,-2.3750504286917478,2.016956305871672,-0.7049259983890863,0.1469491804436178,-0.4282895663715402,-0.8233178906068351,-0.1960142830746339,-0.6546536707079772,young
-0.128458240432681,-1.2545656494361206,0.2569530922366421,-0.5034279555987932,-0.128458240432681,0.2653866389007827,-0.699707018463561,-0.3179592448322615,-0.8701833340815202,0.4493264750927811,-0.3036857334050418,-0.7659772668958664,0.6116127764393787,-0.7516416709837337,-0.9571098742489133,0.1337104553845832,-0.7049259983890863,0.1469491804436178,-0.4282895663715402,-0.8233178906068351,-0.1960142830746339,-0.6546536707079772,other
-0.128458240432681,-1.2545656494361206,-0.2408572253028646,-1.42714897504612,-0.128458240432681,-0.6090251587120545,-0.699707018463561,-0.3179592448322615,0.9184771676276684,0.4493264750927811,-0.3036857334050418,0.1405047057619635,0.6116127764393787,0.7435500452254251,-2.3750504286917478,0.1337104553845832,-0.7049259983890863,0.1469491804436178,-0.4282895663715402,-0.8233178906068351,-0.1960142830746339,1.5275252316519468,other
-0.128458240432681,1.1320525803091943,-0.9875727016121244,-0.5034279555987932,-0.128458240432681,-0.4576778390603798,-0.699707018463561,-1.1459781115829426,-0.8701833340815202,-0.963649861676971,1.7906986349055911,-0.7659772668958664,0.6116127764393787,-1.4552613021409848,0.4608306801939211,-1.7495353951025054,1.027078911657809,0.1469491804436178,-0.4282895663715402,-0.8233178906068351,-0.1960142830746339,1.5275252316519468,young
-0.128458240432681,-1.2545656494361206,-0.7386675428423712,-0.5034279555987932,-0.128458240432681,-0.2460751462452749,-0.699707018463561,-0.3179592448322615,-0.8701833340815202,-2.376626198446723,-0.3036857334050418,-1.6724592395536964,0.6116127764393787,0.5676451374361121,0.4608306801939211,0.1337104553845832,-0.7049259983890863,0.1469491804436178,-0.4282895663715402,-0.8233178906068351,-0.1960142830746339,-0.6546536707079772,other
-0.128458240432681,-0.4590262395210155,-0.7386675428423712,-0.5034279555987932,-0.128458240432681,-0.4782355546102559,-0.699707018463561,-0.3179592448322615,0.9184771676276684,0.4493264750927811,-0.3036857334050418,-0.7659772668958664,-0.3410550996344197,0.1278828679628304,0.4608306801939211,0.1337104553845832,-0.7049259983890863,-1.3837714491773996,-0.4282895663715402,-0.8233178906068351,-0.1960142830746339,1.5275252316519468,other
-0.128458240432681,-1.2545656494361206,-1.2364778603818778,-0.5034279555987932,-0.128458240432681,-0.6724705222194309,-0.699707018463561,-0.3179592448322615,-1.7645135849361144,0.4493264750927811,-0.3036857334050418,-0.7659772668958664,-1.2937229757082185,0.0399304140681737,-2.3750504286917478,0.1337104553845832,-0.7049259983890863,-1.3837714491773996,-0.4282895663715402,1.2145976802021623,-0.1960142830746339,-0.6546536707079772,other
-0.128458240432681,1.1320525803091943,-0.90460431535554,1.3440140832958607,-0.128458240432681,-0.4261323789924663,1.8331690664724063,-0.3179592448322615,-0.8701833340815202,1.862302811862533,-0.3036857334050418,-1.6724592395536964,0.6116127764393787,-0.83959412487839,0.4608306801939211,0.1337104553845832,1.027078911657809,0.1469491804436178,-0.4282895663715402,-0.8233178906068351,5.101669043266824,-0.6546536707079772,other
-0.128458240432681,-0.4590262395210155,0.2569530922366421,1.3440140832958607,-0.128458240432681,0.5191680929302886,-0.699707018463561,-1.1459781115829426,-0.8701833340815202,-0.963649861676971,-0.3036857334050418,1.0469866784197936,0.6116127764393787,-0.9275465787730464,-2.3750504286917478,0.1337104553845832,-0.7049259983890863,-1.3837714491773996,-0.4282895663715402,-0.8233178906068351,-0.1960142830746339,1.5275252316519468,young
-0.128458240432681,-1.2545656494361206,0.7547634097761486,-2.350869994493447,-0.128458240432681,0.4649382570832016,-0.699707018463561,-0.3179592448322615,-0.8701833340815202,-2.376626198446723,3.885083003216225,-0.7659772668958664,-1.2937229757082185,-0.3118794015104516,0.4608306801939211,0.1337104553845832,1.027078911657809,0.1469491804436178,-0.4282895663715402,-0.8233178906068351,-0.1960142830746339,-0.6546536707079772,other
-0.128458240432681,-1.2545656494361206,-0.7386675428423712,-0.5034279555987932,-0.128458240432681,-0.5009199303894296,-0.699707018463561,-1.1459781115829426,0.9184771676276684,-0.963649861676971,-0.3036857334050418,-1.6724592395536964,0.6116127764393787,-1.1914039404570156,0.4608306801939211,-1.7495353951025054,-0.7049259983890863,0.1469491804436178,-0.4282895663715402,-0.8233178906068351,-0.1960142830746339,-0.6546536707079772,young
-0.128458240432681,-1.2545656494361206,-0.2408572253028646,1.3440140832958607,-0.128458240432681,-0.7876646179730475,-0.699707018463561,-1.1459781115829426,0.9184771676276684,-0.963649861676971,-0.3036857334050418,1.0469866784197936,-0.3410550996344197,-1.279356394351672,0.4608306801939211,-1.7495353951025054,-0.7049259983890863,0.1469491804436178,-0.4282895663715402,-0.8233178906068351,-0.1960142830746339,-0.6546536707079772,young
-0.128458240432681,-1.2545656494361206,-0.4897623840726178,1.3440140832958607,-0.128458240432681,-0.6515583632980052,-0.699707018463561,-0.3179592448322615,0.9184771676276684,-0.963649861676971,-0.3036857334050418,0.1405047057619635,-0.3410550996344197,-0.9275465787730464,0.4608306801939211,-1.7495353951025054,1.027078911657809,0.1469491804436178,-0.4282895663715402,-0.8233178906068351,-0.1960142830746339,-0.6546536707079772,young
-0.128458240432681,-1.2545656494361206,0.2569530922366421,-0.5034279555987932,-0.128458240432681,-0.0887022892772571,-0.699707018463561,-0.3179592448322615,-0.8701833340815202,-2.376626198446723,-0.3036857334050418,-0.7659772668958664,-1.2937229757082185,-1.0154990326677027,0.4608306801939211,-1.7495353951025054,-0.7049259983890863,-1.3837714491773996,-0.4282895663715402,-0.8233178906068351,-0.1960142830746339,-0.6546536707079772,young
-0.128458240432681,1.1320525803091943,-0.4897623840726178,-0.5034279555987932,-0.128458240432681,-0.3846625045211643,1.8331690664724063,0.5100596219184197,-1.7645135849361144,-0.963649861676971,-0.3036857334050418,1.0469866784197936,-1.2937229757082185,-0.2239269476157952,-2.3750504286917478,-1.7495353951025054,-0.7049259983890863,-1.3837714491773996,-0.4282895663715402,-0.8233178906068351,-0.1960142830746339,-0.6546536707079772,other
-0.128458240432681,1.1320525803091943,-0.7386675428423712,-0.5034279555987932,-0.128458240432681,-0.8890354222362301,-0.699707018463561,-0.3179592448322615,0.9184771676276684,-0.963649861676971,-0.3036857334050418,-1.6724592395536964,-1.2937229757082185,-0.83959412487839,0.4608306801939211,0.1337104553845832,-0.7049259983890863,0.1469491804436178,-0.4282895663715402,1.2145976802021623,-0.1960142830746339,-0.6546536707079772,other
-0.128458240432681,-0.4590262395210155,-0.9875727016121244,-0.5034279555987932,-0.128458240432681,-0.8340966996460438,-0.699707018463561,-0.3179592448322615,0.9184771676276684,-0.963649861676971,-0.3036857334050418,-1.6724592395536964,-0.3410550996344197,-0.4877843092997644,0.4608306801939211,0.1337104553845832,-0.7049259983890863,0.1469491804436178,-0.4282895663715402,-0.8233178906068351,-0.1960142830746339,1.5275252316519468,other
-0.128458240432681,1.1320525803091943,1.2525737273156554,-0.5034279555987932,-0.128458240432681,0.027555136591008,-0.699707018463561,-0.3179592448322615,0.9184771676276684,-0.963649861676971,-0.3036857334050418,-0.7659772668958664,0.6116127764393787,-0.6636892170890771,0.4608306801939211,0.1337104553845832,-0.7049259983890863,1.6776698100646354,-0.4282895663715402,1.2145976802021623,-0.1960142830746339,1.5275252316519468,other
-0.128458240432681,-1.2545656494361206,0.2569530922366421,-1.42714897504612,-0.128458240432681,-0.1571098599863279,0.5667310240044227,-0.3179592448322615,0.9184771676276684,0.4493264750927811,-0.3036857334050418,1.0469866784197936,-1.2937229757082185,-1.1914039404570156,-0.9571098742489133,0.1337104553845832,-0.7049259983890863,0.1469491804436178,-0.4282895663715402,1.2145976802021623,-0.1960142830746339,-0.6546536707079772,young
-0.128458240432681,-1.2545656494361206,-0.2408572253028646,-0.5034279555987932,-0.128458240432681,0.3125276073168781,-0.699707018463561,-0.3179592448322615,-0.8701833340815202,0.4493264750927811,1.7906986349055911,0.1405047057619635,0.6116127764393787,0.5676451374361121,0.4608306801939211,0.1337104553845832,-0.7049259983890863,0.1469491804436178,-0.4282895663715402,-0.8233178906068351,-0.1960142830746339,1.5275252316519468,other
-0.128458240432681,-0.4590262395210155,0.2569530922366421,0.4202930638485338,-0.128458240432681,-0.4279045958502142,-0.699707018463561,-1.973996978333624,0.024146916773074,-0.963649861676971,-0.3036857334050418,-0.7659772668958664,-0.3410550996344197,-0.1359744937211389,0.4608306801939211,0.1337104553845832,-0.7049259983890863,1.6776698100646354,-0.4282895663715402,1.2145976802021623,-0.1960142830746339,1.5275252316519468,other
-0.128458240432681,-1.2545656494361206,-0.7386675428423712,-0.5034279555987932,-0.128458240432681,-0.5721630480708972,-0.699707018463561,-0.3179592448322615,-0.8701833340815202,0.4493264750927811,-0.3036857334050418,-0.7659772668958664,-1.2937229757082185,-0.7516416709837337,0.4608306801939211,0.1337104553845832,-0.7049259983890863,0.1469491804436178,-0.4282895663715402,-0.8233178906068351,-0.1960142830746339,-0.6546536707079772,other
-0.128458240432681,1.1320525803091943,0.2569530922366421,1.3440140832958607,-0.128458240432681,0.6659076487518188,-0.699707018463561,1.3380784886691008,0.9184771676276684,0.4493264750927811,-0.3036857334050418,1.0469866784197936,0.6116127764393787,-0.2239269476157952,0.4608306801939211,0.1337104553845832,-0.7049259983890863,0.1469491804436178,-0.4282895663715402,1.2145976802021623,-0.1960142830746339,-0.6546536707079772,other
-0.128458240432681,-1.2545656494361206,1.2525737273156554,-0.5034279555987932,-0.128458240432681,0.2437655932362578,-0.699707018463561,-1.973996978333624,0.9184771676276684,0.4493264750927811,-0.3036857334050418,0.1405047057619635,-0.3410550996344197,-0.4877843092997644,0.4608306801939211,0.1337104553845832,-0.7049259983890863,1.6776698100646354,-0.4282895663715402,1.2145976802021623,-0.1960142830746339,-0.6546536707079772,other
-0.128458240432681,-1.2545656494361206,0.2569530922366421,-1.42714897504612,-0.128458240432681,1.2762591345602117,-0.699707018463561,-1.1459781115829426,-0.8701833340815202,-2.376626198446723,-0.3036857334050418,-1.6724592395536964,-0.3410550996344197,1.7110270380666457,-2.3750504286917478,0.1337104553845832,-0.7049259983890863,0.1469491804436178,-0.4282895663715402,1.2145976802021623,-0.1960142830746339,1.5275252316519468,other
-0.128458240432681,1.1320525803091943,-0.2408572253028646,0.4202930638485338,-0.128458240432681,-0.5186420989669092,-0.699707018463561,0.5100596219184197,0.9184771676276684,-0.963649861676971,-0.3036857334050418,-1.6724592395536964,-1.2937229757082185,-1.1914039404570156,0.4608306801939211,0.1337104553845832,-0.7049259983890863,0.1469491804436178,-0.4282895663715402,-0.8233178906068351,-0.1960142830746339,1.5275252316519468,young
-0.128458240432681,1.1320525803091943,-0.7386675428423712,-0.5034279555987932,-0.128458240432681,-0.5441620217184796,-0.699707018463561,0.5100596219184197,0.024146916773074,-0.963649861676971,-0.3036857334050418,1.0469866784197936,-1.2937229757082185,-0.3998318554051081,0.4608306801939211,0.1337104553845832,-0.7049259983890863,-1.3837714491773996,-0.4282895663715402,-0.8233178906068351,-0.1960142830746339,-0.6546536707079772,other
-0.128458240432681,0.3365131703940894,-0.7386675428423712,-0.5034279555987932,-0.128458240432681,-0.6370261850644721,-0.699707018463561,-1.1459781115829426,0.9184771676276684,-0.963649861676971,-0.3036857334050418,-1.6724592395536964,-0.3410550996344197,-0.2239269476157952,-2.3750504286917478,0.1337104553845832,-0.7049259983890863,1.6776698100646354,-0.4282895663715402,1.2145976802021623,-0.1960142830746339,-0.6546536707079772,other
-0.128458240432681,-0.4590262395210155,0.7547634097761486,-0.5034279555987932,-0.128458240432681,0.0601639267735703,-0.0664879972295691,-0.3179592448322615,-0.8701833340815202,-0.963649861676971,1.7906986349055911,1.0469866784197936,0.6116127764393787,-1.279356394351672,0.4608306801939211,-1.7495353951025054,-0.7049259983890863,0.1469491804436178,-0.4282895663715402,-0.8233178906068351,-0.1960142830746339,1.5275252316519468,young
-0.128458240432681,-0.4590262395210155,-0.9875727016121244,-0.5034279555987932,-0.128458240432681,-0.4399556704829003,1.8331690664724063,0.5100596219184197,-0.8701833340815202,0.4493264750927811,-0.3036857334050418,-1.6724592395536964,0.6116127764393787,-1.0154990326677027,0.4608306801939211,0.1337104553845832,-0.7049259983890863,0.1469491804436178,-0.4282895663715402,1.2145976802021623,-0.1960142830746339,-0.6546536707079772,young
-0.128458240432681,1.1320525803091943,0.2569530922366421,0.4202930638485338,-0.128458240432681,0.3118187205737789,-0.0664879972295691,-0.3179592448322615,-0.8701833340815202,0.4493264750927811,-0.3036857334050418,0.1405047057619635,-0.3410550996344197,-0.0480220398264825,0.4608306801939211,0.1337104553845832,1.027078911657809,0.1469491804436178,-0.4282895663715402,-0.8233178906068351,-0.1960142830746339,-0.6546536707079772,other
-0.128458240432681,1.1320525803091943,0.2569530922366421,1.3440140832958607,-0.128458240432681,0.1792568996142324,1.1999500452384144,-0.3179592448322615,0.9184771676276684,0.4493264750927811,-0.3036857334050418,1.0469866784197936,-1.2937229757082185,1.2712647685933636,0.4608306801939211,0.1337104553845832,-0.7049259983890863,0.1469491804436178,-0.4282895663715402,1.2145976802021623,-0.1960142830746339,-0.6546536707079772,other
-0.128458240432681,1.1320525803091943,1.7503840448551622,1.3440140832958607,-0.128458240432681,0.2731843930748736,0.5667310240044227,-0.3179592448322615,0.9184771676276684,0.4493264750927811,-0.3036857334050418,1.0469866784197936,-1.2937229757082185,0.0399304140681737,0.4608306801939211,0.1337104553845832,1.027078911657809,0.1469491804436178,-0.4282895663715402,1.2145976802021623,-0.1960142830746339,-0.6546536707079772,other
-0.128458240432681,0.3365131703940894,-0.2408572253028646,-0.5034279555987932,-0.128458240432681,-0.1443498986105428,-0.699707018463561,-0.3179592448322615,-0.8701833340815202,0.4493264750927811,-0.3036857334050418,-1.6724592395536964,-1.2937229757082185,-0.1359744937211389,0.4608306801939211,0.1337104553845832,-0.7049259983890863,-1.3837714491773996,2.3348689263480744,-0.8233178906068351,-0.1960142830746339,1.5275252316519468,other
-0.128458240432681,-0.4590262395210155,-0.8216359290989557,-0.5034279555987932,-0.128458240432681,-0.6005185177948643,1.1999500452384144,-1.1459781115829426,0.9184771676276684,-0.963649861676971,-0.3036857334050418,-1.6724592395536964,-1.2937229757082185,-1.3673088482463285,0.4608306801939211,0.1337104553845832,-0.7049259983890863,0.1469491804436178,-0.4282895663715402,-0.8233178906068351,-0.1960142830746339,-0.6546536707079772,young
-0.128458240432681,-0.4590262395210155,-0.9875727016121244,1.3440140832958607,-0.128458240432681,-0.4792988847249047,-0.699707018463561,0.5100596219184197,0.9184771676276684,0.4493264750927811,-0.3036857334050418,0.1405047057619635,0.6116127764393787,-0.0480220398264825,0.4608306801939211,-1.7495353951025054,-0.7049259983890863,0.1469491804436178,-0.4282895663715402,1.2145976802021623,-0.1960142830746339,-0.6546536707079772,other
-0.128458240432681,-1.2545656494361206,-0.2408572253028646,-0.5034279555987932,-0.128458240432681,-0.2829372568864322,-0.699707018463561,-1.973996978333624,0.9184771676276684,0.4493264750927811,-0.3036857334050418,-1.6724592395536964,0.6116127764393787,-0.9275465787730464,0.4608306801939211,0.1337104553845832,-0.7049259983890863,-2.9144920787984168,-0.4282895663715402,-0.8233178906068351,-0.1960142830746339,1.5275252316519468,young
-0.128458240432681,1.1320525803091943,-1.2364778603818778,-0.5034279555987932,-0.128458240432681,-0.533528720571992,-0.699707018463561,-0.3179592448322615,-1.7645135849361144,1.862302811862533,-0.3036857334050418,-0.7659772668958664,-0.3410550996344197,-1.279356394351672,0.4608306801939211,-1.7495353951025054,-0.7049259983890863,0.1469491804436178,-0.4282895663715402,-0.8233178906068351,-0.1960142830746339,-0.6546536707079772,young
-0.128458240432681,-1.2545656494361206,-0.2408572253028646,-0.5034279555987932,-0.128458240432681,-0.2868361339734777,-0.699707018463561,-0.3179592448322615,-0.8701833340815202,0.4493264750927811,-0.3036857334050418,-0.7659772668958664,0.6116127764393787,-1.1914039404570156,0.4608306801939211,0.1337104553845832,-0.7049259983890863,0.1469491804436178,-0.4282895663715402,-0.8233178906068351,-0.1960142830746339,1.5275252316519468,young
-0.128458240432681,1.1320525803091943,0.0080479334668887,1.3440140832958607,-0.128458240432681,-0.3485092806231062,-0.699707018463561,-1.1459781115829426,0.9184771676276684,-0.963649861676971,-0.3036857334050418,1.0469866784197936,-0.3410550996344197,-1.1034514865623593,0.4608306801939211,0.1337104553845832,-0.7049259983890863,0.1469491804436178,-0.4282895663715402,1.2145976802021623,-0.1960142830746339,-0.6546536707079772,young
-0.128458240432681,-1.2545656494361206,-0.7386675428423712,-0.5034279555987932,-0.128458240432681,-0.5852774528182321,-0.699707018463561,-0.3179592448322615,-0.8701833340815202,-0.963649861676971,1.7906986349055911,0.1405047057619635,-0.3410550996344197,-0.4877843092997644,0.4608306801939211,0.1337104553845832,-0.7049259983890863,0.1469491804436178,-0.4282895663715402,-0.8233178906068351,-0.1960142830746339,-0.6546536707079772,other
-0.128458240432681,1.1320525803091943,1.2525737273156554,-0.5034279555987932,-0.128458240432681,2.7301858446566274,-0.699707018463561,-1.973996978333624,0.9184771676276684,-0.963649861676971,-0.3036857334050418,-0.7659772668958664,0.6116127764393787,-0.83959412487839,0.4608306801939211,0.1337104553845832,1.027078911657809,1.6776698100646354,-0.4282895663715402,1.2145976802021623,-0.1960142830746339,1.5275252316519468,other
-0.128458240432681,-1.2545656494361206,0.7547634097761486,-0.5034279555987932,-0.128458240432681,-0.3066849627802546,-0.699707018463561,0.5100596219184197,0.9184771676276684,-0.963649861676971,-0.3036857334050418,1.0469866784197936,-1.2937229757082185,-1.1034514865623593,0.4608306801939211,-1.7495353951025054,-0.7049259983890863,0.1469491804436178,-0.4282895663715402,-0.8233178906068351,-0.1960142830746339,1.5275252316519468,young
-0.128458240432681,-0.4590262395210155,2.2481943623946687,1.3440140832958607,-0.128458240432681,0.6467677066881409,-0.699707018463561,-0.3179592448322615,-0.8701833340815202,-0.963649861676971,-0.3036857334050418,0.1405047057619635,0.6116127764393787,-0.4877843092997644,0.4608306801939211,0.1337104553845832,-0.7049259983890863,1.6776698100646354,-0.4282895663715402,1.2145976802021623,-0.1960142830746339,1.5275252316519468,other
-0.128458240432681,-1.2545656494361206,0.2569530922366421,-0.5034279555987932,-0.128458240432681,1.5771815570058134,1.8331690664724063,-1.1459781115829426,-1.7645135849361144,-0.963649861676971,-0.3036857334050418,-0.7659772668958664,-0.3410550996344197,-0.4877843092997644,0.4608306801939211,0.1337104553845832,-0.7049259983890863,0.1469491804436178,-0.4282895663715402,1.2145976802021623,5.101669043266824,-0.6546536707079772,other
-0.128458240432681,0.3365131703940894,-0.7386675428423712,-0.5034279555987932,-0.128458240432681,-0.6547483536419515,1.8331690664724063,1.3380784886691008,0.024146916773074,-0.963649861676971,-0.3036857334050418,1.0469866784197936,-1.2937229757082185,1.7110270380666457,0.4608306801939211,0.1337104553845832,-0.7049259983890863,1.6776698100646354,-0.4282895663715402,1.2145976802021623,-0.1960142830746339,-0.6546536707079772,other
-0.128458240432681,-1.2545656494361206,0.2569530922366421,-0.5034279555987932,-0.128458240432681,0.0261373631048097,-0.699707018463561,1.3380784886691008,0.9184771676276684,0.4493264750927811,-0.3036857334050418,-0.7659772668958664,-0.3410550996344197,0.3037877757521431,0.4608306801939211,-1.7495353951025054,-0.7049259983890863,1.6776698100646354,-0.4282895663715402,1.2145976802021623,-0.1960142830746339,1.5275252316519468,other
-0.128458240432681,1.1320525803091943,-0.7386675428423712,-2.350869994493447,-0.128458240432681,-0.1815664526232495,-0.699707018463561,1.3380784886691008,-0.8701833340815202,0.4493264750927811,-0.3036857334050418,1.0469866784197936,-0.3410550996344197,-0.1359744937211389,0.4608306801939211,0.1337104553845832,1.027078911657809,0.1469491804436178,-0.4282895663715402,-0.8233178906068351,-0.1960142830746339,-0.6546536707079772,other
-0.128458240432681,-0.4590262395210155,0.2569530922366421,-0.5034279555987932,-0.128458240432681,-0.0716890074428769,-0.0664879972295691,1.3380784886691008,0.9184771676276684,0.4493264750927811,-0.3036857334050418,1.0469866784197936,1.5642806525131776,-0.4877843092997644,0.4608306801939211,2.016956305871672,-0.7049259983890863,0.1469491804436178,-0.4282895663715402,-0.8233178906068351,-0.1960142830746339,-0.6546536707079772,other
-0.128458240432681,1.1320525803091943,0.5058582510063955,1.3440140832958607,-0.128458240432681,0.4447349849048748,1.1999500452384144,-1.1459781115829426,0.9184771676276684,0.4493264750927811,-0.3036857334050418,-0.7659772668958664,-1.2937229757082185,-0.3118794015104516,-0.9571098742489133,0.1337104553845832,1.027078911657809,-1.3837714491773996,2.3348689263480744,1.2145976802021623,-0.1960142830746339,-0.6546536707079772,other
-0.128458240432681,1.1320525803091943,-0.4897623840726178,0.4202930638485338,-0.128458240432681,-0.819210078040961,1.1999500452384144,0.5100596219184197,0.024146916773074,-0.963649861676971,-0.3036857334050418,-0.7659772668958664,-0.3410550996344197,-0.4877843092997644,0.4608306801939211,0.1337104553845832,1.027078911657809,0.1469491804436178,-0.4282895663715402,-0.8233178906068351,-0.1960142830746339,-0.6546536707079772,other
-0.128458240432681,-0.4590262395210155,-0.9875727016121244,-0.5034279555987932,-0.128458240432681,-0.8195645214125106,-0.699707018463561,-0.3179592448322615,-1.7645135849361144,-0.963649861676971,-0.3036857334050418,-0.7659772668958664,0.6116127764393787,-0.5757367631944208,0.4608306801939211,0.1337104553845832,-0.7049259983890863,0.1469491804436178,-0.4282895663715402,-0.8233178906068351,5.101669043266824,1.5275252316519468,other
-0.128458240432681,-1.2545656494361206,1.2525737273156554,-0.5034279555987932,-0.128458240432681,0.1236092902809468,-0.699707018463561,-0.3179592448322615,-1.7645135849361144,0.4493264750927811,3.885083003216225,-0.7659772668958664,-0.3410550996344197,0.1278828679628304,0.4608306801939211,0.1337104553845832,-0.7049259983890863,0.1469491804436178,2.3348689263480744,-0.8233178906068351,-0.1960142830746339,-0.6546536707079772,other
-0.128458240432681,-0.4590262395210155,-0.7386675428423712,-0.5034279555987932,-0.128458240432681,-0.0901200627634555,-0.699707018463561,-1.1459781115829426,0.024146916773074,-0.963649861676971,-0.3036857334050418,-1.6724592395536964,-1.2937229757082185,-0.1359744937211389,0.4608306801939211,-1.7495353951025054,-0.7049259983890863,1.6776698100646354,-0.4282895663715402,-0.8233178906068351,-0.1960142830746339,-0.6546536707079772,other
-0.128458240432681,1.1320525803091943,-0.7386675428423712,-0.5034279555987932,-0.128458240432681,-0.7614358084783779,0.5667310240044227,-0.3179592448322615,0.9184771676276684,-0.963649861676971,-0.3036857334050418,1.0469866784197936,0.6116127764393787,-0.5757367631944208,0.4608306801939211,-1.7495353951025054,-0.7049259983890863,-1.3837714491773996,-0.4282895663715402,-0.8233178906068351,-0.1960142830746339,1.5275252316519468,other
-0.128458240432681,-1.2545656494361206,1.2525737273156554,1.3440140832958607,-0.128458240432681,0.7442396338642782,-0.699707018463561,-0.3179592448322615,0.024146916773074,0.4493264750927811,3.885083003216225,-0.7659772668958664,-0.3410550996344197,-0.6636892170890771,0.4608306801939211,0.1337104553845832,1.027078911657809,0.1469491804436178,-0.4282895663715402,-0.8233178906068351,-0.1960142830746339,-0.6546536707079772,other
-0.128458240432681,1.1320525803091943,-0.90460431535554,-0.5034279555987932,-0.128458240432681,-0.3761558636039742,-0.699707018463561,-0.3179592448322615,-0.8701833340815202,0.4493264750927811,-0.3036857334050418,-0.7659772668958664,-1.2937229757082185,-0.9275465787730464,-2.3750504286917478,-1.7495353951025054,-0.7049259983890863,-1.3837714491773996,-0.4282895663715402,-0.8233178906068351,-0.1960142830746339,1.5275252316519468,young
-0.128458240432681,-1.2545656494361206,-0.2408572253028646,-0.5034279555987932,-0.128458240432681,-0.7586002615059813,-0.699707018463561,-1.973996978333624,0.9184771676276684,-0.963649861676971,-0.3036857334050418,-0.7659772668958664,0.6116127764393787,-0.2239269476157952,0.4608306801939211,0.1337104553845832,-0.7049259983890863,0.1469491804436178,-0.4282895663715402,-0.8233178906068351,-0.1960142830746339,1.5275252316519468,other
-0.128458240432681,-1.2545656494361206,0.0080479334668887,-0.5034279555987932,-0.128458240432681,0.1161659794784055,-0.699707018463561,0.5100596219184197,-1.7645135849361144,-0.963649861676971,-0.3036857334050418,1.0469866784197936,0.6116127764393787,-0.83959412487839,0.4608306801939211,-1.7495353951025054,-0.7049259983890863,-1.3837714491773996,-0.4282895663715402,-0.8233178906068351,-0.1960142830746339,-0.6546536707079772,other
-0.128458240432681,-1.2545656494361206,-0.2408572253028646,-2.350869994493447,-0.128458240432681,-0.0557390557231453,-0.699707018463561,-1.1459781115829426,-1.7645135849361144,-0.963649861676971,-0.3036857334050418,1.0469866784197936,-0.3410550996344197,-0.83959412487839,0.4608306801939211,-1.7495353951025054,-0.7049259983890863,0.1469491804436178,-0.4282895663715402,-0.8233178906068351,-0.1960142830746339,1.5275252316519468,other
-0.128458240432681,-1.2545656494361206,-0.0749204527896957,1.3440140832958607,-0.128458240432681,0.3547063685312792,-0.699707018463561,1.3380784886691008,-1.7645135849361144,-0.963649861676971,-0.3036857334050418,1.0469866784197936,-0.3410550996344197,-1.0154990326677027,0.4608306801939211,0.1337104553845832,1.027078911657809,0.1469491804436178,-0.4282895663715402,-0.8233178906068351,-0.1960142830746339,-0.6546536707079772,young
-0.128458240432681,-0.4590262395210155,-0.90460431535554,-0.5034279555987932,-0.128458240432681,-0.6203673466016414,-0.699707018463561,-0.3179592448322615,0.9184771676276684,-2.376626198446723,-0.3036857334050418,-0.7659772668958664,0.6116127764393787,-0.3998318554051081,0.4608306801939211,0.1337104553845832,-0.7049259983890863,-1.3837714491773996,-0.4282895663715402,-0.8233178906068351,-0.1960142830746339,-0.6546536707079772,other
-0.128458240432681,-1.2545656494361206,0.2569530922366421,-0.5034279555987932,-0.128458240432681,0.3181987012616716,-0.699707018463561,-0.3179592448322615,0.9184771676276684,0.4493264750927811,-0.3036857334050418,1.0469866784197936,-0.3410550996344197,-0.6636892170890771,0.4608306801939211,0.1337104553845832,-0.7049259983890863,0.1469491804436178,-0.4282895663715402,-0.8233178906068351,-0.1960142830746339,-0.6546536707079772,other
-0.128458240432681,-1.2545656494361206,-0.4897623840726178,1.3440140832958607,-0.128458240432681,-0.6356084115782736,-0.699707018463561,1.3380784886691008,0.9184771676276684,0.4493264750927811,-0.3036857334050418,1.0469866784197936,0.6116127764393787,0.7435500452254251,0.4608306801939211,0.1337104553845832,1.027078911657809,0.1469491804436178,2.3348689263480744,1.2145976802021623,-0.1960142830746339,-0.6546536707079772,other
-0.128458240432681,-1.2545656494361206,-0.9875727016121244,-0.5034279555987932,-0.128458240432681,-0.4023846730986438,-0.699707018463561,-0.3179592448322615,0.024146916773074,0.4493264750927811,-0.3036857334050418,-0.7659772668958664,-1.2937229757082185,-0.9275465787730464,0.4608306801939211,0.1337104553845832,-0.7049259983890863,0.1469491804436178,-0.4282895663715402,-0.8233178906068351,-0.1960142830746339,-0.6546536707079772,young
-0.128458240432681,-1.2545656494361206,-0.90460431535554,1.3440140832958607,-0.128458240432681,-0.4038024465848421,1.8331690664724063,-1.1459781115829426,-0.8701833340815202,-0.963649861676971,1.7906986349055911,0.1405047057619635,-1.2937229757082185,-0.7516416709837337,0.4608306801939211,-1.7495353951025054,1.027078911657809,0.1469491804436178,-0.4282895663715402,-0.8233178906068351,5.101669043266824,-0.6546536707079772,other
-0.128458240432681,-1.2545656494361206,-1.2364778603818778,1.3440140832958607,-0.128458240432681,-0.4959577231877354,-0.699707018463561,-1.973996978333624,0.9184771676276684,0.4493264750927811,-0.3036857334050418,1.0469866784197936,1.5642806525131776,0.0399304140681737,0.4608306801939211,2.016956305871672,2.759083821704704,1.6776698100646354,-0.4282895663715402,1.2145976802021623,-0.1960142830746339,-0.6546536707079772,other
-0.128458240432681,-1.2545656494361206,1.003668568545902,1.3440140832958607,-0.128458240432681,0.3578963588752255,0.5667310240044227,-0.3179592448322615,-1.7645135849361144,-0.963649861676971,-0.3036857334050418,1.0469866784197936,0.6116127764393787,-1.1034514865623593,0.4608306801939211,0.1337104553845832,1.027078911657809,0.1469491804436178,-0.4282895663715402,-0.8233178906068351,-0.1960142830746339,1.5275252316519468,young
-0.128458240432681,1.1320525803091943,0.2569530922366421,-0.5034279555987932,-0.128458240432681,-0.8301978225589983,1.8331690664724063,0.5100596219184197,0.9184771676276684,0.4493264750927811,-0.3036857334050418,-0.7659772668958664,0.6116127764393787,-0.3998318554051081,-0.9571098742489133,0.1337104553845832,-0.7049259983890863,0.1469491804436178,-0.4282895663715402,1.2145976802021623,-0.1960142830746339,-0.6546536707079772,other
-0.128458240432681,1.1320525803091943,-0.2408572253028646,-0.5034279555987932,-0.128458240432681,0.0534295027141281,-0.699707018463561,1.3380784886691008,0.9184771676276684,0.4493264750927811,-0.3036857334050418,1.0469866784197936,-0.3410550996344197,1.007407406909394,-2.3750504286917478,0.1337104553845832,2.759083821704704,0.1469491804436178,2.3348689263480744,1.2145976802021623,-0.1960142830746339,-0.6546536707079772,other
-0.128458240432681,-0.4590262395210155,-0.7386675428423712,-0.5034279555987932,-0.128458240432681,-0.8110578804953206,1.1999500452384144,-1.1459781115829426,-1.7645135849361144,-0.963649861676971,-0.3036857334050418,1.0469866784197936,-1.2937229757082185,-1.4552613021409848,0.4608306801939211,-1.7495353951025054,-0.7049259983890863,-1.3837714491773996,-0.4282895663715402,-0.8233178906068351,-0.1960142830746339,-0.6546536707079772,young
-0.128458240432681,-0.4590262395210155,0.0080479334668887,-0.5034279555987932,-0.128458240432681,0.2497911305526007,1.8331690664724063,0.5100596219184197,-0.8701833340815202,0.4493264750927811,-0.3036857334050418,0.1405047057619635,0.6116127764393787,-0.0480220398264825,0.4608306801939211,0.1337104553845832,-0.7049259983890863,0.1469491804436178,-0.4282895663715402,1.2145976802021623,-0.1960142830746339,-0.6546536707079772,other
-0.128458240432681,1.1320525803091943,-0.9875727016121244,1.3440140832958607,-0.128458240432681,-0.3066849627802546,-0.699707018463561,-1.973996978333624,-0.8701833340815202,0.4493264750927811,-0.3036857334050418,0.1405047057619635,0.6116127764393787,-0.3998318554051081,0.4608306801939211,0.1337104553845832,-0.7049259983890863,1.6776698100646354,-0.4282895663715402,-0.8233178906068351,-0.1960142830746339,-0.6546536707079772,other
-0.128458240432681,-1.2545656494361206,-0.7386675428423712,-0.5034279555987932,-0.128458240432681,-0.2457207028737253,-0.699707018463561,-1.973996978333624,0.024146916773074,-0.963649861676971,-0.3036857334050418,1.0469866784197936,1.5642806525131776,1.7110270380666457,0.4608306801939211,2.016956305871672,-0.7049259983890863,1.6776698100646354,-0.4282895663715402,-0.8233178906068351,-0.1960142830746339,-0.6546536707079772,other
-0.128458240432681,-1.2545656494361206,1.2525737273156554,1.3440140832958607,-0.128458240432681,-0.3272426783301308,-0.699707018463561,-0.3179592448322615,0.024146916773074,1.862302811862533,-0.3036857334050418,-0.7659772668958664,-0.3410550996344197,0.9194549530147378,0.4608306801939211,0.1337104553845832,1.027078911657809,0.1469491804436178,-0.4282895663715402,1.2145976802021623,-0.1960142830746339,-0.6546536707079772,other
-0.128458240432681,1.1320525803091943,-0.2408572253028646,-0.5034279555987932,-0.128458240432681,-0.4562600655741814,-0.699707018463561,-0.3179592448322615,0.9184771676276684,0.4493264750927811,-0.3036857334050418,1.0469866784197936,1.5642806525131776,1.007407406909394,-2.3750504286917478,2.016956305871672,1.027078911657809,0.1469491804436178,-0.4282895663715402,-0.8233178906068351,-0.1960142830746339,-0.6546536707079772,other
-0.128458240432681,-1.2545656494361206,-0.0749204527896957,-0.5034279555987932,-0.128458240432681,-0.3754469768608751,1.8331690664724063,0.5100596219184197,0.9184771676276684,0.4493264750927811,-0.3036857334050418,1.0469866784197936,0.6116127764393787,0.3037877757521431,0.4608306801939211,0.1337104553845832,-0.7049259983890863,0.1469491804436178,-0.4282895663715402,1.2145976802021623,-0.1960142830746339,-0.6546536707079772,other
-0.128458240432681,1.1320525803091943,-0.4897623840726178,-0.5034279555987932,-0.128458240432681,-0.1996430645722786,-0.699707018463561,-1.1459781115829426,-0.8701833340815202,0.4493264750927811,-0.3036857334050418,0.1405047057619635,-0.3410550996344197,-0.7516416709837337,-2.3750504286917478,0.1337104553845832,1.027078911657809,-1.3837714491773996,-0.4282895663715402,-0.8233178906068351,-0.1960142830746339,-0.6546536707079772,other
-0.128458240432681,-1.2545656494361206,-0.4897623840726178,-0.5034279555987932,-0.128458240432681,-0.5055276942195743,-0.699707018463561,-1.1459781115829426,0.9184771676276684,-0.963649861676971,3.885083003216225,-1.6724592395536964,-0.3410550996344197,0.9194549530147378,0.4608306801939211,-1.7495353951025054,-0.7049259983890863,0.1469491804436178,-0.4282895663715402,-0.8233178906068351,-0.1960142830746339,-0.6546536707079772,other
-0.128458240432681,-1.2545656494361206,1.2525737273156554,-0.5034279555987932,-0.128458240432681,0.6761865065267568,-0.699707018463561,0.5100596219184197,0.9184771676276684,0.4493264750927811,-0.3036857334050418,-0.7659772668958664,-0.3410550996344197,-0.5757367631944208,0.4608306801939211,0.1337104553845832,-0.7049259983890863,0.1469491804436178,-0.4282895663715402,-0.8233178906068351,-0.1960142830746339,1.5275252316519468,other
-0.128458240432681,1.1320525803091943,-1.4024146328950466,-0.5034279555987932,-0.128458240432681,-0.9464552484272636,-0.699707018463561,-1.1459781115829426,-1.7645135849361144,-0.963649861676971,-0.3036857334050418,0.1405047057619635,-1.2937229757082185,-1.1034514865623593,0.4608306801939211,-1.7495353951025054,-0.7049259983890863,-1.3837714491773996,2.3348689263480744,-0.8233178906068351,-0.1960142830746339,-0.6546536707079772,young
-0.128458240432681,-1.2545656494361206,0.2569530922366421,-1.42714897504612,-0.128458240432681,0.027555136591008,0.5667310240044227,-1.1459781115829426,0.9184771676276684,0.4493264750927811,-0.3036857334050418,1.0469866784197936,1.5642806525131776,-0.4877843092997644,0.4608306801939211,2.016956305871672,-0.7049259983890863,0.1469491804436178,2.3348689263480744,1.2145976802021623,-0.1960142830746339,1.5275252316519468,other
-0.128458240432681,1.1320525803091943,-0.90460431535554,1.3440140832958607,-0.128458240432681,-0.3988402393831479,-0.699707018463561,-1.1459781115829426,-1.7645135849361144,-0.963649861676971,-0.3036857334050418,0.1405047057619635,-1.2937229757082185,-1.1034514865623593,0.4608306801939211,-1.7495353951025054,1.027078911657809,0.1469491804436178,-0.4282895663715402,-0.8233178906068351,-0.1960142830746339,-0.6546536707079772,young
-0.128458240432681,1.1320525803091943,-0.2408572253028646,-0.5034279555987932,-0.128458240432681,-0.6161140261430462,-0.699707018463561,-1.1459781115829426,0.9184771676276684,1.862302811862533,1.7906986349055911,-1.6724592395536964,-0.3410550996344197,0.6555975913307684,0.4608306801939211,0.1337104553845832,-0.7049259983890863,-1.3837714491773996,2.3348689263480744,-0.8233178906068351,-0.1960142830746339,1.5275252316519468,other
-0.128458240432681,1.1320525803091943,-0.4897623840726178,1.3440140832958607,-0.128458240432681,0.0254284763617105,-0.699707018463561,-0.3179592448322615,0.9184771676276684,0.4493264750927811,-0.3036857334050418,-0.7659772668958664,1.5642806525131776,-0.6636892170890771,0.4608306801939211,2.016956305871672,-0.7049259983890863,0.1469491804436178,-0.4282895663715402,1.2145976802021623,-0.1960142830746339,-0.6546536707079772,other
-0.128458240432681,-0.4590262395210155,-0.2408572253028646,-0.5034279555987932,-0.128458240432681,-0.095791156708249,-0.699707018463561,0.5100596219184197,-0.8701833340815202,-0.963649861676971,-0.3036857334050418,1.0469866784197936,-1.2937229757082185,0.3917402296467994,0.4608306801939211,-1.7495353951025054,-0.7049259983890863,0.1469491804436178,-0.4282895663715402,-0.8233178906068351,-0.1960142830746339,-0.6546536707079772,other
-0.128458240432681,-0.4590262395210155,-0.2408572253028646,-0.5034279555987932,-0.128458240432681,-0.4775266678671567,1.8331690664724063,-1.1459781115829426,0.9184771676276684,-0.963649861676971,-0.3036857334050418,0.1405047057619635,-1.2937229757082185,-0.7516416709837337,0.4608306801939211,-1.7495353951025054,-0.7049259983890863,0.1469491804436178,-0.4282895663715402,-0.8233178906068351,-0.1960142830746339,1.5275252316519468,other
-0.128458240432681,1.1320525803091943,-0.7386675428423712,-0.5034279555987932,-0.128458240432681,-0.5328198338288928,-0.699707018463561,-0.3179592448322615,0.024146916773074,0.4493264750927811,-0.3036857334050418,-0.7659772668958664,-1.2937229757082185,-1.0154990326677027,0.4608306801939211,-1.7495353951025054,-0.7049259983890863,-1.3837714491773996,-0.4282895663715402,-0.8233178906068351,-0.1960142830746339,-0.6546536707079772,young
-0.128458240432681,1.1320525803091943,-0.2408572253028646,1.3440140832958607,-0.128458240432681,0.1803202297288811,-0.699707018463561,-1.1459781115829426,0.024146916773074,-2.376626198446723,-0.3036857334050418,-0.7659772668958664,0.6116127764393787,-0.0480220398264825,0.4608306801939211,0.1337104553845832,1.027078911657809,1.6776698100646354,-0.4282895663715402,1.2145976802021623,-0.1960142830746339,-0.6546536707079772,other
-0.128458240432681,1.1320525803091943,0.0080479334668887,0.4202930638485338,-0.128458240432681,-0.5955563105931702,-0.0664879972295691,0.5100596219184197,0.9184771676276684,0.4493264750927811,-0.3036857334050418,0.1405047057619635,-1.2937229757082185,-0.1359744937211389,0.4608306801939211,0.1337104553845832,1.027078911657809,1.6776698100646354,-0.4282895663715402,-0.8233178906068351,-0.1960142830746339,-0.6546536707079772,other
-0.128458240432681,-0.4590262395210155,-0.7386675428423712,-0.5034279555987932,-0.128458240432681,-0.1805031225086008,1.8331690664724063,1.3380784886691008,-1.7645135849361144,-0.963649861676971,-0.3036857334050418,-0.7659772668958664,-0.3410550996344197,-0.9275465787730464,-2.3750504286917478,0.1337104553845832,-0.7049259983890863,0.1469491804436178,-0.4282895663715402,1.2145976802021623,-0.1960142830746339,1.5275252316519468,young
-0.128458240432681,-1.2545656494361206,1.2525737273156554,-0.5034279555987932,-0.128458240432681,-0.1982252910860802,-0.699707018463561,1.3380784886691008,-0.8701833340815202,0.4493264750927811,-0.3036857334050418,-0.7659772668958664,-0.3410550996344197,0.4796926835414558,-2.3750504286917478,0.1337104553845832,-0.7049259983890863,0.1469491804436178,2.3348689263480744,-0.8233178906068351,-0.1960142830746339,1.5275252316519468,other
-0.128458240432681,-1.2545656494361206,1.2525737273156554,-0.5034279555987932,-0.128458240432681,0.0619361436313183,-0.699707018463561,1.3380784886691008,0.9184771676276684,0.4493264750927811,-0.3036857334050418,-0.7659772668958664,0.6116127764393787,0.5676451374361121,0.4608306801939211,0.1337104553845832,-0.7049259983890863,0.1469491804436178,2.3348689263480744,-0.8233178906068351,-0.1960142830746339,1.5275252316519468,other
-0.128458240432681,-1.2545656494361206,-0.2408572253028646,-0.5034279555987932,-0.128458240432681,0.1342425914274345,-0.699707018463561,-1.1459781115829426,-1.7645135849361144,-0.963649861676971,-0.3036857334050418,1.0469866784197936,0.6116127764393787,-1.1914039404570156,0.4608306801939211,-1.7495353951025054,-0.7049259983890863,0.1469491804436178,-0.4282895663715402,-0.8233178906068351,-0.1960142830746339,-0.6546536707079772,young
-0.128458240432681,1.1320525803091943,-0.9875727016121244,-0.5034279555987932,-0.128458240432681,-0.6940915678839559,-0.699707018463561,1.3380784886691008,-1.7645135849361144,0.4493264750927811,-0.3036857334050418,1.0469866784197936,0.6116127764393787,-1.3673088482463285,0.4608306801939211,0.1337104553845832,-0.7049259983890863,0.1469491804436178,-0.4282895663715402,-0.8233178906068351,-0.1960142830746339,-0.6546536707079772,young
-0.128458240432681,-1.2545656494361206,0.7547634097761486,-0.5034279555987932,-0.128458240432681,0.124318177024046,1.1999500452384144,1.3380784886691008,0.9184771676276684,-0.963649861676971,-0.3036857334050418,1.0469866784197936,-0.3410550996344197,1.886931945855958,0.4608306801939211,-1.7495353951025054,1.027078911657809,0.1469491804436178,-0.4282895663715402,1.2145976802021623,-0.1960142830746339,-0.6546536707079772,other
-0.128458240432681,0.3365131703940894,0.2569530922366421,1.3440140832958607,-0.128458240432681,0.122545960166298,1.8331690664724063,1.3380784886691008,0.9184771676276684,0.4493264750927811,1.7906986349055911,1.0469866784197936,1.5642806525131776,-1.3673088482463285,0.4608306801939211,-1.7495353951025054,1.027078911657809,0.1469491804436178,-0.4282895663715402,-0.8233178906068351,-0.1960142830746339,-0.6546536707079772,young
-0.128458240432681,-1.2545656494361206,-1.2364778603818778,1.3440140832958607,-0.128458240432681,0.0399606545952438,-0.699707018463561,-0.3179592448322615,-1.7645135849361144,-2.376626198446723,-0.3036857334050418,1.0469866784197936,-1.2937229757082185,0.7435500452254251,0.4608306801939211,-1.7495353951025054,-0.7049259983890863,1.6776698100646354,-0.4282895663715402,1.2145976802021623,-0.1960142830746339,1.5275252316519468,other
-0.128458240432681,-0.4590262395210155,0.7547634097761486,-0.5034279555987932,-0.128458240432681,0.1987512850494598,-0.699707018463561,-1.1459781115829426,-0.8701833340815202,1.862302811862533,-0.3036857334050418,-1.6724592395536964,-0.3410550996344197,-1.1914039404570156,0.4608306801939211,0.1337104553845832,-0.7049259983890863,0.1469491804436178,-0.4282895663715402,-0.8233178906068351,-0.1960142830746339,-0.6546536707079772,young
-0.128458240432681,-0.4590262395210155,0.2569530922366421,-0.5034279555987932,-0.128458240432681,0.3827073948836968,1.8331690664724063,-0.3179592448322615,-1.7645135849361144,-0.963649861676971,-0.3036857334050418,1.0469866784197936,-0.3410550996344197,1.095359860804051,0.4608306801939211,0.1337104553845832,-0.7049259983890863,-1.3837714491773996,-0.4282895663715402,1.2145976802021623,-0.1960142830746339,-0.6546536707079772,other
-0.128458240432681,1.1320525803091943,1.2525737273156554,1.3440140832958607,-0.128458240432681,1.366642194305357,-0.699707018463561,-1.1459781115829426,-0.8701833340815202,-0.963649861676971,-0.3036857334050418,1.0469866784197936,-0.3410550996344197,-1.1034514865623593,0.4608306801939211,-1.7495353951025054,1.027078911657809,0.1469491804436178,-0.4282895663715402,1.2145976802021623,-0.1960142830746339,1.5275252316519468,young
-0.128458240432681,-1.2545656494361206,-0.7386675428423712,-0.5034279555987932,-0.128458240432681,-0.9085298076714576,-0.699707018463561,-0.3179592448322615,-0.8701833340815202,0.4493264750927811,3.885083003216225,0.1405047057619635,-0.3410550996344197,0.2158353218574867,0.4608306801939211,0.1337104553845832,-0.7049259983890863,-1.3837714491773996,2.3348689263480744,-0.8233178906068351,-0.1960142830746339,-0.6546536707079772,other
-0.128458240432681,-1.2545656494361206,1.2525737273156554,-1.42714897504612,-0.128458240432681,-0.1861742164533942,-0.699707018463561,1.3380784886691008,0.9184771676276684,0.4493264750927811,-0.3036857334050418,1.0469866784197936,0.6116127764393787,-0.3998318554051081,-2.3750504286917478,0.1337104553845832,-0.7049259983890863,0.1469491804436178,-0.4282895663715402,-0.8233178906068351,-0.1960142830746339,1.5275252316519468,other
-0.128458240432681,-1.2545656494361206,-0.7386675428423712,-0.5034279555987932,-0.128458240432681,0.1129759891344592,-0.699707018463561,-0.3179592448322615,-0.8701833340815202,0.4493264750927811,1.7906986349055911,-0.7659772668958664,-0.3410550996344197,-0.5757367631944208,0.4608306801939211,0.1337104553845832,-0.7049259983890863,-1.3837714491773996,2.3348689263480744,-0.8233178906068351,-0.1960142830746339,-0.6546536707079772,other
-0.128458240432681,1.1320525803091943,-0.7386675428423712,1.3440140832958607,-0.128458240432681,-0.7135859533191834,-0.699707018463561,-1.1459781115829426,-0.8701833340815202,-0.963649861676971,-0.3036857334050418,1.0469866784197936,-0.3410550996344197,-1.1914039404570156,0.4608306801939211,-1.7495353951025054,1.027078911657809,-1.3837714491773996,-0.4282895663715402,-0.8233178906068351,-0.1960142830746339,-0.6546536707079772,young
-0.128458240432681,-1.2545656494361206,2.2481943623946687,-2.350869994493447,-0.128458240432681,1.3638066473329604,-0.699707018463561,-0.3179592448322615,0.024146916773074,0.4493264750927811,-0.3036857334050418,1.0469866784197936,1.5642806525131776,1.5351221302773324,0.4608306801939211,2.016956305871672,1.027078911657809,0.1469491804436178,2.3348689263480744,-0.8233178906068351,-0.1960142830746339,1.5275252316519468,other
-0.128458240432681,0.3365131703940894,0.2569530922366421,-0.5034279555987932,-0.128458240432681,0.169332485210844,-0.699707018463561,-1.1459781115829426,-0.8701833340815202,-0.963649861676971,-0.3036857334050418,1.0469866784197936,0.6116127764393787,-0.83959412487839,0.4608306801939211,0.1337104553845832,-0.7049259983890863,0.1469491804436178,-0.4282895663715402,-0.8233178906068351,-0.1960142830746339,-0.6546536707079772,other
-0.128458240432681,1.1320525803091943,0.2569530922366421,-0.5034279555987932,-0.128458240432681,0.7938617058812206,-0.0664879972295691,-0.3179592448322615,0.9184771676276684,0.4493264750927811,-0.3036857334050418,-1.6724592395536964,0.6116127764393787,-0.9275465787730464,-0.9571098742489133,0.1337104553845832,-0.7049259983890863,0.1469491804436178,-0.4282895663715402,-0.8233178906068351,-0.1960142830746339,-0.6546536707079772,young
-0.128458240432681,-0.4590262395210155,-1.070541087868709,-0.5034279555987932,-0.128458240432681,-0.7210292641217247,-0.699707018463561,-0.3179592448322615,0.024146916773074,-0.963649861676971,-0.3036857334050418,1.0469866784197936,-1.2937229757082185,-1.0154990326677027,0.4608306801939211,0.1337104553845832,-0.7049259983890863,0.1469491804436178,-0.4282895663715402,-0.8233178906068351,-0.1960142830746339,1.5275252316519468,young
-0.128458240432681,1.1320525803091943,-1.2364778603818778,-0.5034279555987932,-0.128458240432681,-0.6125695924275504,1.1999500452384144,-0.3179592448322615,0.9184771676276684,-2.376626198446723,-0.3036857334050418,-0.7659772668958664,-1.2937229757082185,-0.2239269476157952,0.4608306801939211,0.1337104553845832,-0.7049259983890863,0.1469491804436178,-0.4282895663715402,-0.8233178906068351,-0.1960142830746339,-0.6546536707079772,other
-0.128458240432681,-0.4590262395210155,-0.2408572253028646,1.3440140832958607,-0.128458240432681,0.1207737433085502,-0.699707018463561,1.3380784886691008,0.024146916773074,-0.963649861676971,-0.3036857334050418,1.0469866784197936,-0.3410550996344197,0.1278828679628304,0.4608306801939211,0.1337104553845832,-0.7049259983890863,0.1469491804436178,-0.4282895663715402,1.2145976802021623,-0.1960142830746339,-0.6546536707079772,other
-0.128458240432681,-0.4590262395210155,-0.7386675428423712,1.3440140832958607,-0.128458240432681,0.122545960166298,-0.699707018463561,1.3380784886691008,-1.7645135849361144,0.4493264750927811,-0.3036857334050418,1.0469866784197936,0.6116127764393787,-0.6636892170890771,0.4608306801939211,-1.7495353951025054,2.759083821704704,0.1469491804436178,-0.4282895663715402,1.2145976802021623,-0.1960142830746339,-0.6546536707079772,other
-0.128458240432681,0.3365131703940894,-0.2408572253028646,-0.5034279555987932,-0.128458240432681,-0.0787778748738686,-0.699707018463561,-1.1459781115829426,-1.7645135849361144,-0.963649861676971,-0.3036857334050418,-1.6724592395536964,-0.3410550996344197,0.8315024991200815,-0.9571098742489133,0.1337104553845832,-0.7049259983890863,-1.3837714491773996,-0.4282895663715402,-0.8233178906068351,-0.1960142830746339,-0.6546536707079772,other
-0.128458240432681,-1.2545656494361206,0.7547634097761486,-0.5034279555987932,-0.128458240432681,1.091239694611326,1.8331690664724063,1.3380784886691008,0.9184771676276684,0.4493264750927811,-0.3036857334050418,1.0469866784197936,-0.3410550996344197,-0.3998318554051081,0.4608306801939211,0.1337104553845832,-0.7049259983890863,0.1469491804436178,-0.4282895663715402,-0.8233178906068351,-0.1960142830746339,1.5275252316519468,other
-0.128458240432681,-0.4590262395210155,-0.2408572253028646,1.3440140832958607,-0.128458240432681,1.4541897070781058,-0.699707018463561,-1.973996978333624,0.9184771676276684,0.4493264750927811,-0.3036857334050418,1.0469866784197936,-0.3410550996344197,0.3917402296467994,-0.9571098742489133,0.1337104553845832,1.027078911657809,1.6776698100646354,-0.4282895663715402,1.2145976802021623,-0.1960142830746339,-0.6546536707079772,other
-0.128458240432681,-1.2545656494361206,0.7547634097761486,-0.5034279555987932,-0.128458240432681,-0.0578657159524428,-0.699707018463561,-1.1459781115829426,-0.8701833340815202,-2.376626198446723,-0.3036857334050418,1.0469866784197936,-0.3410550996344197,-0.3998318554051081,0.4608306801939211,0.1337104553845832,-0.7049259983890863,-1.3837714491773996,-0.4282895663715402,-0.8233178906068351,-0.1960142830746339,1.5275252316519468,other
-0.128458240432681,-0.4590262395210155,0.2569530922366421,-0.5034279555987932,-0.128458240432681,0.2785010436481174,-0.699707018463561,0.5100596219184197,0.024146916773074,-2.376626198446723,-0.3036857334050418,0.1405047057619635,0.6116127764393787,0.6555975913307684,0.4608306801939211,0.1337104553845832,-0.7049259983890863,0.1469491804436178,-0.4282895663715402,1.2145976802021623,-0.1960142830746339,1.5275252316519468,other
-0.128458240432681,-0.4590262395210155,0.0080479334668887,1.3440140832958607,-0.128458240432681,-0.1865286598249438,1.1999500452384144,0.5100596219184197,0.024146916773074,0.4493264750927811,-0.3036857334050418,-0.7659772668958664,0.6116127764393787,-0.3118794015104516,0.4608306801939211,0.1337104553845832,1.027078911657809,0.1469491804436178,-0.4282895663715402,1.2145976802021623,-0.1960142830746339,-0.6546536707079772,other
-0.128458240432681,1.1320525803091943,-0.2408572253028646,-0.5034279555987932,-0.128458240432681,-0.2680506352813494,-0.699707018463561,-0.3179592448322615,0.024146916773074,0.4493264750927811,-0.3036857334050418,1.0469866784197936,-1.2937229757082185,0.6555975913307684,0.4608306801939211,0.1337104553845832,-0.7049259983890863,0.1469491804436178,-0.4282895663715402,1.2145976802021623,-0.1960142830746339,-0.6546536707079772,other
-0.128458240432681,-1.2545656494361206,-0.2408572253028646,1.3440140832958607,-0.128458240432681,-0.4066379935572389,-0.699707018463561,-0.3179592448322615,0.9184771676276684,-0.963649861676971,-0.3036857334050418,1.0469866784197936,-1.2937229757082185,-1.0154990326677027,0.4608306801939211,-1.7495353951025054,1.027078911657809,0.1469491804436178,-0.4282895663715402,-0.8233178906068351,-0.1960142830746339,1.5275252316519468,young
-0.128458240432681,-0.4590262395210155,2.2481943623946687,-0.5034279555987932,-0.128458240432681,2.3707802659053443,-0.699707018463561,-1.1459781115829426,-1.7645135849361144,-0.963649861676971,-0.3036857334050418,-0.7659772668958664,0.6116127764393787,-0.83959412487839,0.4608306801939211,0.1337104553845832,-0.7049259983890863,0.1469491804436178,-0.4282895663715402,1.2145976802021623,-0.1960142830746339,1.5275252316519468,other
-0.128458240432681,1.1320525803091943,-1.2364778603818778,-0.5034279555987932,-0.128458240432681,-0.1039433542538894,0.5667310240044227,-0.3179592448322615,-1.7645135849361144,0.4493264750927811,-0.3036857334050418,-0.7659772668958664,0.6116127764393787,-0.3118794015104516,0.4608306801939211,0.1337104553845832,-0.7049259983890863,0.1469491804436178,-0.4282895663715402,1.2145976802021623,-0.1960142830746339,-0.6546536707079772,other
-0.128458240432681,-1.2545656494361206,-0.4897623840726178,0.4202930638485338,-0.128458240432681,0.1317614878265874,-0.699707018463561,1.3380784886691008,-1.7645135849361144,-0.963649861676971,-0.3036857334050418,1.0469866784197936,-0.3410550996344197,-0.7516416709837337,0.4608306801939211,0.1337104553845832,1.027078911657809,-1.3837714491773996,-0.4282895663715402,-0.8233178906068351,-0.1960142830746339,-0.6546536707079772,other
-0.128458240432681,-0.4590262395210155,-0.2408572253028646,0.4202930638485338,-0.128458240432681,0.363567452820019,-0.699707018463561,1.3380784886691008,0.9184771676276684,-2.376626198446723,-0.3036857334050418,0.1405047057619635,1.5642806525131776,0.3917402296467994,0.4608306801939211,0.1337104553845832,-0.7049259983890863,1.6776698100646354,-0.4282895663715402,1.2145976802021623,-0.1960142830746339,1.5275252316519468,other
-0.128458240432681,1.1320525803091943,-0.4897623840726178,-0.5034279555987932,-0.128458240432681,-0.3722569865169287,0.5667310240044227,-0.3179592448322615,-0.8701833340815202,-0.963649861676971,-0.3036857334050418,1.0469866784197936,0.6116127764393787,-1.3673088482463285,0.4608306801939211,-1.7495353951025054,-0.7049259983890863,0.1469491804436178,-0.4282895663715402,-0.8233178906068351,-0.1960142830746339,-0.6546536707079772,young
-0.128458240432681,-1.2545656494361206,-0.7386675428423712,-0.5034279555987932,-0.128458240432681,-0.9283786364782346,-0.699707018463561,1.3380784886691008,0.9184771676276684,-0.963649861676971,-0.3036857334050418,1.0469866784197936,-0.3410550996344197,-1.0154990326677027,0.4608306801939211,-1.7495353951025054,-0.7049259983890863,0.1469491804436178,-0.4282895663715402,-0.8233178906068351,-0.1960142830746339,-0.6546536707079772,young
-0.128458240432681,-0.4590262395210155,1.2525737273156554,-0.5034279555987932,-0.128458240432681,2.0425657038504244,-0.0664879972295691,-1.1459781115829426,0.9184771676276684,0.4493264750927811,1.7906986349055911,-1.6724592395536964,1.5642806525131776,-0.5757367631944208,0.4608306801939211,-1.7495353951025054,-0.7049259983890863,1.6776698100646354,-0.4282895663715402,1.2145976802021623,-0.1960142830746339,1.5275252316519468,other
-0.128458240432681,1.1320525803091943,-1.2364778603818778,1.3440140832958607,-0.128458240432681,-0.7267003580665181,1.8331690664724063,-0.3179592448322615,-1.7645135849361144,1.862302811862533,-0.3036857334050418,-0.7659772668958664,-0.3410550996344197,-0.7516416709837337,0.4608306801939211,0.1337104553845832,1.027078911657809,0.1469491804436178,-0.4282895663715402,-0.8233178906068351,-0.1960142830746339,-0.6546536707079772,other
-0.128458240432681,-1.2545656494361206,0.2569530922366421,-0.5034279555987932,-0.128458240432681,-0.097563373565997,1.8331690664724063,-0.3179592448322615,-0.8701833340815202,1.862302811862533,-0.3036857334050418,1.0469866784197936,0.6116127764393787,-1.3673088482463285,0.4608306801939211,0.1337104553845832,-0.7049259983890863,0.1469491804436178,-0.4282895663715402,-0.8233178906068351,-0.1960142830746339,1.5275252316519468,young
-0.128458240432681,0.3365131703940894,0.2569530922366421,-0.5034279555987932,-0.128458240432681,-0.1344254842071542,-0.699707018463561,1.3380784886691008,0.024146916773074,-2.376626198446723,-0.3036857334050418,1.0469866784197936,1.5642806525131776,1.3592172224880197,0.4608306801939211,2.016956305871672,-0.7049259983890863,0.1469491804436178,-0.4282895663715402,-0.8233178906068351,-0.1960142830746339,-0.6546536707079772,other
-0.128458240432681,-1.2545656494361206,-0.7386675428423712,-0.5034279555987932,-0.128458240432681,-0.7050793124019933,-0.699707018463561,-0.3179592448322615,-0.8701833340815202,-0.963649861676971,-0.3036857334050418,1.0469866784197936,0.6116127764393787,-1.3673088482463285,0.4608306801939211,-1.7495353951025054,-0.7049259983890863,0.1469491804436178,-0.4282895663715402,-0.8233178906068351,-0.1960142830746339,1.5275252316519468,young
-0.128458240432681,1.1320525803091943,-0.7386675428423712,1.3440140832958607,-0.128458240432681,0.0211751559031156,-0.699707018463561,1.3380784886691008,-0.8701833340815202,0.4493264750927811,-0.3036857334050418,1.0469866784197936,-0.3410550996344197,0.5676451374361121,-0.9571098742489133,0.1337104553845832,-0.7049259983890863,0.1469491804436178,-0.4282895663715402,-0.8233178906068351,-0.1960142830746339,-0.6546536707079772,other
-0.128458240432681,1.1320525803091943,-0.7386675428423712,1.3440140832958607,-0.128458240432681,0.8966502836306013,1.8331690664724063,1.3380784886691008,-0.8701833340815202,0.4493264750927811,-0.3036857334050418,1.0469866784197936,-0.3410550996344197,1.1833123146987068,0.4608306801939211,-1.7495353951025054,-0.7049259983890863,0.1469491804436178,-0.4282895663715402,1.2145976802021623,-0.1960142830746339,-0.6546536707079772,other
-0.128458240432681,-0.4590262395210155,-0.2408572253028646,1.3440140832958607,-0.128458240432681,-0.7004715485718486,-0.699707018463561,-1.1459781115829426,0.9184771676276684,-0.963649861676971,-0.3036857334050418,-1.6724592395536964,-0.3410550996344197,-0.7516416709837337,0.4608306801939211,0.1337104553845832,1.027078911657809,0.1469491804436178,-0.4282895663715402,-0.8233178906068351,-0.1960142830746339,-0.6546536707079772,other
-0.128458240432681,1.1320525803091943,0.2569530922366421,1.3440140832958607,-0.128458240432681,-0.5976829708224676,-0.699707018463561,0.5100596219184197,0.9184771676276684,0.4493264750927811,-0.3036857334050418,0.1405047057619635,-0.3410550996344197,0.3917402296467994,0.4608306801939211,0.1337104553845832,1.027078911657809,0.1469491804436178,-0.4282895663715402,-0.8233178906068351,-0.1960142830746339,-0.6546536707079772,other
-0.128458240432681,1.1320525803091943,0.2569530922366421,-0.5034279555987932,-0.128458240432681,-0.074170111043724,0.5667310240044227,1.3380784886691008,0.9184771676276684,0.4493264750927811,-0.3036857334050418,0.1405047057619635,1.5642806525131776,-0.3118794015104516,0.4608306801939211,-1.7495353951025054,-0.7049259983890863,0.1469491804436178,-0.4282895663715402,1.2145976802021623,-0.1960142830746339,-0.6546536707079772,other
-0.128458240432681,1.1320525803091943,1.2525737273156554,0.4202930638485338,-0.128458240432681,1.5619404920291806,0.5667310240044227,0.5100596219184197,-0.8701833340815202,-0.963649861676971,-0.3036857334050418,1.0469866784197936,0.6116127764393787,0.3917402296467994,0.4608306801939211,0.1337104553845832,1.027078911657809,0.1469491804436178,-0.4282895663715402,1.2145976802021623,-0.1960142830746339,-0.6546536707079772,other
-0.128458240432681,-1.2545656494361206,-0.2408572253028646,-0.5034279555987932,-0.128458240432681,-0.2170107897782086,1.1999500452384144,-0.3179592448322615,0.9184771676276684,0.4493264750927811,-0.3036857334050418,-0.7659772668958664,0.6116127764393787,-0.6636892170890771,0.4608306801939211,0.1337104553845832,-0.7049259983890863,0.1469491804436178,-0.4282895663715402,-0.8233178906068351,-0.1960142830746339,-0.6546536707079772,other
-0.128458240432681,1.1320525803091943,-0.9875727016121244,-0.5034279555987932,-0.128458240432681,-0.3439015167929615,-0.0664879972295691,-1.1459781115829426,-0.8701833340815202,-0.963649861676971,-0.3036857334050418,1.0469866784197936,-0.3410550996344197,-1.1914039404570156,0.4608306801939211,-1.7495353951025054,-0.7049259983890863,0.1469491804436178,-0.4282895663715402,-0.8233178906068351,-0.1960142830746339,-0.6546536707079772,young
-0.128458240432681,-1.2545656494361206,0.2569530922366421,-2.350869994493447,-0.128458240432681,0.2972865423402456,-0.699707018463561,1.3380784886691008,0.024146916773074,0.4493264750927811,-0.3036857334050418,1.0469866784197936,1.5642806525131776,-1.1034514865623593,-2.3750504286917478,-1.7495353951025054,1.027078911657809,0.1469491804436178,2.3348689263480744,-0.8233178906068351,-0.1960142830746339,1.5275252316519468,young
-0.1534112785897674,1.1320525803091943,-0.4897623840726178,-0.5034279555987932,-0.1534112785897674,-0.0858667423048604,-0.699707018463561,0.5100596219184197,-0.8701833340815202,0.4493264750927811,-0.3036857334050418,-0.7659772668958664,0.6116127764393787,-0.2239269476157952,0.4608306801939211,0.1337104553845832,-0.7049259983890863,0.1469491804436178,-0.4282895663715402,-0.8233178906068351,-0.1960142830746339,-0.6546536707079772,other
-0.1534112785897674,1.1320525803091943,-0.90460431535554,-0.5034279555987932,-0.1534112785897674,-0.1312354938632078,1.8331690664724063,-1.1459781115829426,-1.7645135849361144,-0.963649861676971,-0.3036857334050418,1.0469866784197936,-1.2937229757082185,-0.3998318554051081,0.4608306801939211,-1.7495353951025054,-0.7049259983890863,0.1469491804436178,-0.4282895663715402,-0.8233178906068351,-0.1960142830746339,-0.6546536707079772,other
-0.1534112785897674,1.1320525803091943,0.2569530922366421,1.3440140832958607,-0.1534112785897674,0.2731843930748736,1.8331690664724063,0.5100596219184197,0.024146916773074,0.4493264750927811,-0.3036857334050418,1.0469866784197936,-0.3410550996344197,0.6555975913307684,0.4608306801939211,0.1337104553845832,1.027078911657809,0.1469491804436178,-0.4282895663715402,1.2145976802021623,-0.1960142830746339,-0.6546536707079772,other
-0.1534112785897674,-1.2545656494361206,-0.2408572253028646,-0.5034279555987932,-0.1534112785897674,1.5027484489803993,1.8331690664724063,1.3380784886691008,-1.7645135849361144,0.4493264750927811,-0.3036857334050418,1.0469866784197936,-0.3410550996344197,1.3592172224880197,0.4608306801939211,2.016956305871672,-0.7049259983890863,0.1469491804436178,2.3348689263480744,1.2145976802021623,-0.1960142830746339,1.5275252316519468,other
-0.1534112785897674,-0.4590262395210155,1.2525737273156554,1.3440140832958607,-0.1534112785897674,0.8962958402590518,-0.699707018463561,-0.3179592448322615,0.024146916773074,0.4493264750927811,-0.3036857334050418,1.0469866784197936,0.6116127764393787,-0.1359744937211389,0.4608306801939211,0.1337104553845832,1.027078911657809,0.1469491804436178,-0.4282895663715402,1.2145976802021623,-0.1960142830746339,-0.6546536707079772,other
-0.1534112785897674,-1.2545656494361206,2.2481943623946687,1.3440140832958607,-0.1534112785897674,1.084505270551884,-0.699707018463561,1.3380784886691008,0.9184771676276684,0.4493264750927811,-0.3036857334050418,1.0469866784197936,1.5642806525131776,0.9194549530147378,0.4608306801939211,2.016956305871672,1.027078911657809,0.1469491804436178,-0.4282895663715402,1.2145976802021623,-0.1960142830746339,1.5275252316519468,other
-0.1534112785897674,1.1320525803091943,0.0080479334668887,0.4202930638485338,-0.1534112785897674,-0.0986267036806457,-0.699707018463561,-0.3179592448322615,0.024146916773074,0.4493264750927811,-0.3036857334050418,-0.7659772668958664,-1.2937229757082185,-0.6636892170890771,-0.9571098742489133,0.1337104553845832,1.027078911657809,-1.3837714491773996,-0.4282895663715402,-0.8233178906068351,-0.1960142830746339,-0.6546536707079772,other
-0.1534112785897674,1.1320525803091943,-0.90460431535554,-0.5034279555987932,-0.1534112785897674,-0.150020992555336,-0.0664879972295691,-0.3179592448322615,-1.7645135849361144,0.4493264750927811,1.7906986349055911,-0.7659772668958664,-1.2937229757082185,-0.3118794015104516,0.4608306801939211,0.1337104553845832,-0.7049259983890863,0.1469491804436178,2.3348689263480744,-0.8233178906068351,-0.1960142830746339,-0.6546536707079772,other
-0.1534112785897674,1.1320525803091943,0.58882663726298,-1.42714897504612,-0.1534112785897674,1.6136892242754208,1.8331690664724063,-1.1459781115829426,0.024146916773074,0.4493264750927811,3.885083003216225,1.0469866784197936,-1.2937229757082185,0.3917402296467994,-2.3750504286917478,-1.7495353951025054,1.027078911657809,0.1469491804436178,2.3348689263480744,1.2145976802021623,-0.1960142830746339,-0.6546536707079772,other
-0.1534112785897674,-1.2545656494361206,0.2569530922366421,1.3440140832958607,-0.1534112785897674,-0.1113866650564309,-0.699707018463561,1.3380784886691008,0.9184771676276684,0.4493264750927811,-0.3036857334050418,1.0469866784197936,-0.3410550996344197,2.414646669223896,0.4608306801939211,0.1337104553845832,1.027078911657809,0.1469491804436178,-0.4282895663715402,1.2145976802021623,-0.1960142830746339,-0.6546536707079772,other
-0.1534112785897674,1.1320525803091943,0.2569530922366421,1.3440140832958607,-0.1534112785897674,1.2656258334137238,1.8331690664724063,-0.3179592448322615,-0.8701833340815202,0.4493264750927811,-0.3036857334050418,1.0469866784197936,-0.3410550996344197,0.9194549530147378,0.4608306801939211,0.1337104553845832,1.027078911657809,1.6776698100646354,2.3348689263480744,1.2145976802021623,-0.1960142830746339,-0.6546536707079772,other
-0.1534112785897674,1.1320525803091943,1.2525737273156554,0.4202930638485338,-0.1534112785897674,2.0117291305256098,1.8331690664724063,0.5100596219184197,0.024146916773074,0.4493264750927811,-0.3036857334050418,-0.7659772668958664,0.6116127764393787,-0.3998318554051081,-0.9571098742489133,0.1337104553845832,-0.7049259983890863,1.6776698100646354,2.3348689263480744,1.2145976802021623,-0.1960142830746339,-0.6546536707079772,other
-0.1534112785897674,1.1320525803091943,0.0080479334668887,-0.5034279555987932,-0.1534112785897674,0.7006430991636785,1.8331690664724063,-0.3179592448322615,-1.7645135849361144,0.4493264750927811,-0.3036857334050418,0.1405047057619635,0.6116127764393787,-0.83959412487839,0.4608306801939211,0.1337104553845832,-0.7049259983890863,0.1469491804436178,-0.4282895663715402,-0.8233178906068351,-0.1960142830746339,-0.6546536707079772,other
-0.1534112785897674,1.1320525803091943,0.2569530922366421,-0.5034279555987932,-0.1534112785897674,-0.2368596185849855,1.1999500452384144,-0.3179592448322615,-0.8701833340815202,-0.963649861676971,-0.3036857334050418,1.0469866784197936,0.6116127764393787,-0.6636892170890771,0.4608306801939211,-1.7495353951025054,-0.7049259983890863,0.1469491804436178,-0.4282895663715402,1.2145976802021623,-0.1960142830746339,-0.6546536707079772,other
-0.1534112785897674,1.1320525803091943,0.2569530922366421,-0.5034279555987932,-0.1534112785897674,2.1286954431369742,1.8331690664724063,-0.3179592448322615,-0.8701833340815202,-2.376626198446723,-0.3036857334050418,1.0469866784197936,1.5642806525131776,1.095359860804051,0.4608306801939211,2.016956305871672,-0.7049259983890863,0.1469491804436178,-0.4282895663715402,1.2145976802021623,-0.1960142830746339,-0.6546536707079772,other
-0.1534112785897674,1.1320525803091943,1.2525737273156554,1.3440140832958607,-0.1534112785897674,2.5540274889964816,1.8331690664724063,1.3380784886691008,-0.8701833340815202,0.4493264750927811,-0.3036857334050418,1.0469866784197936,1.5642806525131776,0.5676451374361121,0.4608306801939211,2.016956305871672,1.027078911657809,0.1469491804436178,-0.4282895663715402,-0.8233178906068351,-0.1960142830746339,-0.6546536707079772,other
-0.1534112785897674,-0.4590262395210155,1.7503840448551622,-1.42714897504612,-0.1534112785897674,2.130822103366272,-0.699707018463561,-1.973996978333624,-1.7645135849361144,0.4493264750927811,-0.3036857334050418,-0.7659772668958664,1.5642806525131776,1.7110270380666457,-2.3750504286917478,2.016956305871672,-0.7049259983890863,1.6776698100646354,-0.4282895663715402,1.2145976802021623,-0.1960142830746339,-0.6546536707079772,other
-0.1534112785897674,-0.4590262395210155,-0.0749204527896957,-0.5034279555987932,-0.1534112785897674,1.1330640124541775,1.8331690664724063,-1.973996978333624,-1.7645135849361144,-2.376626198446723,-0.3036857334050418,1.0469866784197936,-1.2937229757082185,2.150789307539927,0.4608306801939211,0.1337104553845832,-0.7049259983890863,1.6776698100646354,-0.4282895663715402,1.2145976802021623,-0.1960142830746339,-0.6546536707079772,other
-0.1534112785897674,-0.4590262395210155,0.2569530922366421,-0.5034279555987932,-0.1534112785897674,2.937889660384687,-0.699707018463561,-0.3179592448322615,-1.7645135849361144,-0.963649861676971,-0.3036857334050418,1.0469866784197936,0.6116127764393787,-1.1034514865623593,0.4608306801939211,-1.7495353951025054,1.027078911657809,1.6776698100646354,-0.4282895663715402,-0.8233178906068351,-0.1960142830746339,1.5275252316519468,young
-0.1534112785897674,-1.2545656494361206,1.2525737273156554,-0.5034279555987932,-0.1534112785897674,1.7572387897530046,-0.699707018463561,-0.3179592448322615,-0.8701833340815202,0.4493264750927811,-0.3036857334050418,-0.7659772668958664,-0.3410550996344197,-0.83959412487839,0.4608306801939211,0.1337104553845832,-0.7049259983890863,0.1469491804436178,2.3348689263480744,-0.8233178906068351,-0.1960142830746339,1.5275252316519468,other
-0.1534112785897674,1.1320525803091943,2.2481943623946687,1.3440140832958607,-0.1534112785897674,-0.1844019995956463,1.8331690664724063,1.3380784886691008,0.9184771676276684,0.4493264750927811,-0.3036857334050418,0.1405047057619635,0.6116127764393787,0.2158353218574867,0.4608306801939211,0.1337104553845832,1.027078911657809,0.1469491804436178,2.3348689263480744,1.2145976802021623,-0.1960142830746339,-0.6546536707079772,other
-0.1534112785897674,1.1320525803091943,0.7547634097761486,1.3440140832958607,-0.1534112785897674,1.5328761355621146,1.8331690664724063,1.3380784886691008,-1.7645135849361144,0.4493264750927811,-0.3036857334050418,1.0469866784197936,0.6116127764393787,2.414646669223896,0.4608306801939211,0.1337104553845832,1.027078911657809,0.1469491804436178,-0.4282895663715402,-0.8233178906068351,-0.1960142830746339,-0.6546536707079772,other
-0.1534112785897674,1.1320525803091943,1.2525737273156554,1.3440140832958607,-0.1534112785897674,0.8647503801911384,1.1999500452384144,1.3380784886691008,0.9184771676276684,0.4493264750927811,-0.3036857334050418,-0.7659772668958664,0.6116127764393787,0.2158353218574867,0.4608306801939211,0.1337104553845832,1.027078911657809,1.6776698100646354,-0.4282895663715402,1.2145976802021623,-0.1960142830746339,-0.6546536707079772,other
-0.1534112785897674,-1.2545656494361206,0.2569530922366421,-0.5034279555987932,-0.1534112785897674,1.172407226696182,-0.699707018463561,-1.973996978333624,0.9184771676276684,0.4493264750927811,-0.3036857334050418,-0.7659772668958664,1.5642806525131776,-0.5757367631944208,0.4608306801939211,2.016956305871672,-0.7049259983890863,1.6776698100646354,-0.4282895663715402,1.2145976802021623,-0.1960142830746339,-0.6546536707079772,other
-0.1534112785897674,1.1320525803091943,0.0080479334668887,-0.5034279555987932,-0.1534112785897674,-0.2818739267717834,1.8331690664724063,1.3380784886691008,0.9184771676276684,0.4493264750927811,-0.3036857334050418,1.0469866784197936,-1.2937229757082185,0.9194549530147378,0.4608306801939211,0.1337104553845832,-0.7049259983890863,1.6776698100646354,-0.4282895663715402,1.2145976802021623,-0.1960142830746339,-0.6546536707079772,other
-0.1534112785897674,1.1320525803091943,0.2569530922366421,1.3440140832958607,-0.1534112785897674,0.8977136137452503,1.1999500452384144,-0.3179592448322615,0.9184771676276684,0.4493264750927811,-0.3036857334050418,-0.7659772668958664,-1.2937229757082185,-0.7516416709837337,0.4608306801939211,0.1337104553845832,1.027078911657809,0.1469491804436178,-0.4282895663715402,-0.8233178906068351,-0.1960142830746339,-0.6546536707079772,other
-0.1534112785897674,-1.2545656494361206,1.2525737273156554,1.3440140832958607,-0.1534112785897674,2.25345950992243,-0.699707018463561,0.5100596219184197,0.9184771676276684,0.4493264750927811,-0.3036857334050418,1.0469866784197936,0.6116127764393787,-1.0154990326677027,0.4608306801939211,0.1337104553845832,1.027078911657809,0.1469491804436178,-0.4282895663715402,1.2145976802021623,-0.1960142830746339,1.5275252316519468,young
-0.1534112785897674,1.1320525803091943,-0.4897623840726178,0.4202930638485338,-0.1534112785897674,0.1143937626206576,-0.699707018463561,-1.1459781115829426,-1.7645135849361144,-0.963649861676971,-0.3036857334050418,-0.7659772668958664,-0.3410550996344197,0.9194549530147378,0.4608306801939211,0.1337104553845832,1.027078911657809,-1.3837714491773996,-0.4282895663715402,-0.8233178906068351,-0.1960142830746339,-0.6546536707079772,other
-0.1534112785897674,-1.2545656494361206,2.2481943623946687,-0.5034279555987932,-0.1534112785897674,2.490227682117556,-0.699707018463561,0.5100596219184197,0.9184771676276684,0.4493264750927811,-0.3036857334050418,1.0469866784197936,1.5642806525131776,0.3037877757521431,-0.9571098742489133,2.016956305871672,2.759083821704704,0.1469491804436178,2.3348689263480744,1.2145976802021623,-0.1960142830746339,1.5275252316519468,other
-0.1534112785897674,1.1320525803091943,0.2569530922366421,-0.5034279555987932,-0.1534112785897674,1.0781252898639913,1.8331690664724063,1.3380784886691008,0.024146916773074,0.4493264750927811,-0.3036857334050418,1.0469866784197936,0.6116127764393787,0.4796926835414558,0.4608306801939211,0.1337104553845832,-0.7049259983890863,1.6776698100646354,2.3348689263480744,1.2145976802021623,-0.1960142830746339,-0.6546536707079772,other
-0.1534112785897674,1.1320525803091943,0.0080479334668887,1.3440140832958607,-0.1534112785897674,0.0013263270963384,-0.699707018463561,1.3380784886691008,-1.7645135849361144,0.4493264750927811,-0.3036857334050418,1.0469866784197936,0.6116127764393787,0.0399304140681737,0.4608306801939211,0.1337104553845832,-0.7049259983890863,1.6776698100646354,-0.4282895663715402,1.2145976802021623,-0.1960142830746339,-0.6546536707079772,other
-0.1534112785897674,-1.2545656494361206,0.2569530922366421,-0.5034279555987932,-0.1534112785897674,-0.1627809539311213,1.8331690664724063,1.3380784886691008,-0.8701833340815202,-0.963649861676971,-0.3036857334050418,1.0469866784197936,-1.2937229757082185,-0.83959412487839,0.4608306801939211,-1.7495353951025054,-0.7049259983890863,0.1469491804436178,-0.4282895663715402,-0.8233178906068351,-0.1960142830746339,-0.6546536707079772,other
-0.1534112785897674,1.1320525803091943,0.2569530922366421,-0.5034279555987932,-0.1534112785897674,1.6101447905599249,-0.699707018463561,0.5100596219184197,0.024146916773074,0.4493264750927811,-0.3036857334050418,0.1405047057619635,0.6116127764393787,0.2158353218574867,0.4608306801939211,0.1337104553845832,-0.7049259983890863,1.6776698100646354,-0.4282895663715402,1.2145976802021623,-0.1960142830746339,-0.6546536707079772,other
-0.1534112785897674,-1.2545656494361206,1.2525737273156554,-0.5034279555987932,-0.1534112785897674,1.794809787137261,1.8331690664724063,1.3380784886691008,0.024146916773074,0.4493264750927811,-0.3036857334050418,1.0469866784197936,1.5642806525131776,1.007407406909394,0.4608306801939211,2.016956305871672,-0.7049259983890863,0.1469491804436178,-0.4282895663715402,-0.8233178906068351,-0.1960142830746339,1.5275252316519468,other
-0.1534112785897674,-0.4590262395210155,-0.0749204527896957,-2.350869994493447,-0.1534112785897674,1.0196421335583088,-0.0664879972295691,1.3380784886691008,0.024146916773074,1.862302811862533,-0.3036857334050418,1.0469866784197936,0.6116127764393787,-0.3998318554051081,-2.3750504286917478,0.1337104553845832,1.027078911657809,0.1469491804436178,-0.4282895663715402,1.2145976802021623,-0.1960142830746339,-0.6546536707079772,other
-0.1534112785897674,-1.2545656494361206,0.7547634097761486,-0.5034279555987932,-0.1534112785897674,0.2076123693381996,-0.699707018463561,-0.3179592448322615,0.9184771676276684,-2.376626198446723,-0.3036857334050418,1.0469866784197936,-0.3410550996344197,0.3917402296467994,0.4608306801939211,0.1337104553845832,-0.7049259983890863,1.6776698100646354,-0.4282895663715402,1.2145976802021623,-0.1960142830746339,-0.6546536707079772,other
-0.1534112785897674,-0.4590262395210155,0.2569530922366421,-0.5034279555987932,-0.1534112785897674,0.2983498724548944,0.5667310240044227,-1.1459781115829426,0.024146916773074,-0.963649861676971,-0.3036857334050418,1.0469866784197936,0.6116127764393787,-0.6636892170890771,0.4608306801939211,-1.7495353951025054,-0.7049259983890863,0.1469491804436178,-0.4282895663715402,-0.8233178906068351,-0.1960142830746339,1.5275252316519468,other
-0.1534112785897674,-0.4590262395210155,1.9992892036249152,1.3440140832958607,-0.1534112785897674,0.4624571534823544,-0.0664879972295691,-1.973996978333624,0.024146916773074,0.4493264750927811,-0.3036857334050418,1.0469866784197936,0.6116127764393787,-0.7516416709837337,0.4608306801939211,0.1337104553845832,-0.7049259983890863,0.1469491804436178,-0.4282895663715402,-0.8233178906068351,-0.1960142830746339,-0.6546536707079772,other
-0.1534112785897674,1.1320525803091943,1.2525737273156554,1.3440140832958607,-0.1534112785897674,0.9111824618641348,-0.699707018463561,1.3380784886691008,-0.8701833340815202,0.4493264750927811,-0.3036857334050418,-0.7659772668958664,-0.3410550996344197,-0.0480220398264825,0.4608306801939211,0.1337104553845832,1.027078911657809,0.1469491804436178,2.3348689263480744,1.2145976802021623,-0.1960142830746339,-0.6546536707079772,other
-0.1534112785897674,-0.4590262395210155,0.422889864749811,-0.5034279555987932,-0.1534112785897674,1.6640201830354624,-0.699707018463561,-1.1459781115829426,-0.8701833340815202,0.4493264750927811,-0.3036857334050418,0.1405047057619635,0.6116127764393787,-0.4877843092997644,0.4608306801939211,0.1337104553845832,1.027078911657809,0.1469491804436178,-0.4282895663715402,-0.8233178906068351,-0.1960142830746339,-0.6546536707079772,other
-0.1534112785897674,1.1320525803091943,-0.7386675428423712,0.4202930638485338,-0.1534112785897674,-0.626747327289534,-0.699707018463561,-0.3179592448322615,0.9184771676276684,1.862302811862533,-0.3036857334050418,1.0469866784197936,-1.2937229757082185,0.4796926835414558,0.4608306801939211,-1.7495353951025054,-0.7049259983890863,0.1469491804436178,-0.4282895663715402,-0.8233178906068351,-0.1960142830746339,-0.6546536707079772,other
-0.1534112785897674,-0.4590262395210155,-0.2408572253028646,-0.5034279555987932,-0.1534112785897674,-0.1744775851922577,-0.699707018463561,-0.3179592448322615,-1.7645135849361144,1.862302811862533,-0.3036857334050418,0.1405047057619635,0.6116127764393787,-1.279356394351672,0.4608306801939211,-1.7495353951025054,-0.7049259983890863,0.1469491804436178,-0.4282895663715402,1.2145976802021623,-0.1960142830746339,-0.6546536707079772,young
-0.1534112785897674,1.1320525803091943,0.5058582510063955,0.4202930638485338,-0.1534112785897674,1.8933450444280469,1.1999500452384144,-0.3179592448322615,-0.8701833340815202,0.4493264750927811,-0.3036857334050418,-0.7659772668958664,0.6116127764393787,-0.7516416709837337,0.4608306801939211,0.1337104553845832,1.027078911657809,0.1469491804436178,-0.4282895663715402,-0.8233178906068351,-0.1960142830746339,-0.6546536707079772,other
-0.1534112785897674,1.1320525803091943,2.2481943623946687,1.3440140832958607,-0.1534112785897674,1.9801836704576965,1.8331690664724063,0.5100596219184197,-0.8701833340815202,0.4493264750927811,-0.3036857334050418,-1.6724592395536964,1.5642806525131776,-0.0480220398264825,0.4608306801939211,2.016956305871672,1.027078911657809,0.1469491804436178,-0.4282895663715402,1.2145976802021623,-0.1960142830746339,-0.6546536707079772,other
-0.1534112785897674,-0.4590262395210155,-0.7386675428423712,-0.5034279555987932,-0.1534112785897674,-0.4406645572259994,1.8331690664724063,-0.3179592448322615,0.9184771676276684,0.4493264750927811,-0.3036857334050418,-0.7659772668958664,0.6116127764393787,-0.4877843092997644,0.4608306801939211,0.1337104553845832,-0.7049259983890863,0.1469491804436178,-0.4282895663715402,-0.8233178906068351,-0.1960142830746339,-0.6546536707079772,other
-0.1534112785897674,1.1320525803091943,-0.4897623840726178,1.3440140832958607,-0.1534112785897674,0.0342895606504503,1.1999500452384144,1.3380784886691008,0.024146916773074,0.4493264750927811,-0.3036857334050418,1.0469866784197936,1.5642806525131776,-1.1034514865623593,0.4608306801939211,-1.7495353951025054,1.027078911657809,0.1469491804436178,-0.4282895663715402,1.2145976802021623,-0.1960142830746339,-0.6546536707079772,young
-0.1534112785897674,-0.4590262395210155,-0.7386675428423712,1.3440140832958607,-0.1534112785897674,-0.5002110436463305,-0.699707018463561,-1.973996978333624,0.9184771676276684,0.4493264750927811,-0.3036857334050418,-0.7659772668958664,0.6116127764393787,-0.1359744937211389,0.4608306801939211,0.1337104553845832,1.027078911657809,1.6776698100646354,-0.4282895663715402,1.2145976802021623,-0.1960142830746339,-0.6546536707079772,other
-0.1534112785897674,1.1320525803091943,0.2569530922366421,1.3440140832958607,-0.1534112785897674,0.2115112464252451,-0.699707018463561,1.3380784886691008,0.9184771676276684,-0.963649861676971,-0.3036857334050418,-0.7659772668958664,0.6116127764393787,0.4796926835414558,0.4608306801939211,-1.7495353951025054,1.027078911657809,1.6776698100646354,-0.4282895663715402,1.2145976802021623,-0.1960142830746339,-0.6546536707079772,other
-0.1534112785897674,-1.2545656494361206,2.2481943623946687,-0.5034279555987932,-0.1534112785897674,0.5375991482508674,-0.699707018463561,0.5100596219184197,0.9184771676276684,0.4493264750927811,-0.3036857334050418,0.1405047057619635,-0.3410550996344197,-0.83959412487839,0.4608306801939211,0.1337104553845832,-0.7049259983890863,0.1469491804436178,2.3348689263480744,-0.8233178906068351,-0.1960142830746339,-0.6546536707079772,other
-0.1534112785897674,-1.2545656494361206,0.2569530922366421,-0.5034279555987932,-0.1534112785897674,-0.1089055614555837,1.8331690664724063,1.3380784886691008,0.9184771676276684,0.4493264750927811,-0.3036857334050418,1.0469866784197936,1.5642806525131776,1.1833123146987068,-2.3750504286917478,2.016956305871672,-0.7049259983890863,0.1469491804436178,2.3348689263480744,1.2145976802021623,-0.1960142830746339,-0.6546536707079772,other
-0.1534112785897674,1.1320525803091943,1.5014788860854085,-0.5034279555987932,-0.1534112785897674,-0.2489106932176715,0.5667310240044227,-0.3179592448322615,0.9184771676276684,0.4493264750927811,-0.3036857334050418,1.0469866784197936,0.6116127764393787,-1.0154990326677027,0.4608306801939211,0.1337104553845832,-0.7049259983890863,0.1469491804436178,-0.4282895663715402,-0.8233178906068351,-0.1960142830746339,-0.6546536707079772,young
-0.1534112785897674,-0.4590262395210155,1.2525737273156554,-0.5034279555987932,-0.1534112785897674,2.1715830910944747,-0.699707018463561,-1.1459781115829426,-1.7645135849361144,1.862302811862533,-0.3036857334050418,1.0469866784197936,0.6116127764393787,-0.6636892170890771,0.4608306801939211,-1.7495353951025054,-0.7049259983890863,1.6776698100646354,-0.4282895663715402,1.2145976802021623,-0.1960142830746339,1.5275252316519468,other
-0.1534112785897674,-1.2545656494361206,0.2569530922366421,1.3440140832958607,-0.1534112785897674,1.1156962872482477,-0.699707018463561,1.3380784886691008,-0.8701833340815202,-0.963649861676971,-0.3036857334050418,1.0469866784197936,1.5642806525131776,0.7435500452254251,0.4608306801939211,2.016956305871672,1.027078911657809,1.6776698100646354,2.3348689263480744,1.2145976802021623,-0.1960142830746339,-0.6546536707079772,other
-0.1534112785897674,1.1320525803091943,0.2569530922366421,-0.5034279555987932,-0.1534112785897674,0.7662151229003525,1.8331690664724063,-1.973996978333624,-0.8701833340815202,-0.963649861676971,-0.3036857334050418,1.0469866784197936,-0.3410550996344197,-0.83959412487839,0.4608306801939211,-1.7495353951025054,-0.7049259983890863,1.6776698100646354,-0.4282895663715402,1.2145976802021623,-0.1960142830746339,-0.6546536707079772,other
-0.1534112785897674,1.1320525803091943,1.003668568545902,1.3440140832958607,-0.1534112785897674,1.4113020591206054,-0.699707018463561,0.5100596219184197,0.024146916773074,0.4493264750927811,-0.3036857334050418,-0.7659772668958664,0.6116127764393787,-0.0480220398264825,0.4608306801939211,0.1337104553845832,1.027078911657809,1.6776698100646354,-0.4282895663715402,1.2145976802021623,-0.1960142830746339,-0.6546536707079772,other
-0.1534112785897674,1.1320525803091943,-0.7386675428423712,-0.5034279555987932,-0.1534112785897674,-0.2928616712898206,1.8331690664724063,-1.1459781115829426,-0.8701833340815202,1.862302811862533,-0.3036857334050418,1.0469866784197936,0.6116127764393787,-0.83959412487839,0.4608306801939211,-1.7495353951025054,-0.7049259983890863,0.1469491804436178,-0.4282895663715402,1.2145976802021623,-0.1960142830746339,-0.6546536707079772,other
-0.1534112785897674,0.3365131703940894,1.7503840448551622,1.3440140832958607,-0.1534112785897674,0.540434695223264,-0.699707018463561,1.3380784886691008,0.9184771676276684,0.4493264750927811,-0.3036857334050418,1.0469866784197936,1.5642806525131776,1.7989794919613016,0.4608306801939211,2.016956305871672,-0.7049259983890863,0.1469491804436178,-0.4282895663715402,-0.8233178906068351,-0.1960142830746339,-0.6546536707079772,other
-0.1534112785897674,-0.4590262395210155,0.2569530922366421,1.3440140832958607,-0.1534112785897674,1.590295961753148,1.1999500452384144,1.3380784886691008,-0.8701833340815202,-0.963649861676971,-0.3036857334050418,1.0469866784197936,1.5642806525131776,-0.5757367631944208,0.4608306801939211,-1.7495353951025054,-0.7049259983890863,0.1469491804436178,-0.4282895663715402,-0.8233178906068351,-0.1960142830746339,-0.6546536707079772,other
-0.1534112785897674,1.1320525803091943,-0.4897623840726178,-0.5034279555987932,-0.1534112785897674,0.1916624176184681,-0.0664879972295691,-1.1459781115829426,-1.7645135849361144,-0.963649861676971,-0.3036857334050418,1.0469866784197936,0.6116127764393787,-1.1034514865623593,0.4608306801939211,0.1337104553845832,-0.7049259983890863,0.1469491804436178,-0.4282895663715402,1.2145976802021623,-0.1960142830746339,-0.6546536707079772,young
-0.1534112785897674,1.1320525803091943,-0.7386675428423712,-0.5034279555987932,-0.1534112785897674,0.4975470472657637,1.8331690664724063,-1.1459781115829426,-1.7645135849361144,-0.963649861676971,-0.3036857334050418,1.0469866784197936,0.6116127764393787,-1.3673088482463285,0.4608306801939211,-1.7495353951025054,-0.7049259983890863,0.1469491804436178,-0.4282895663715402,-0.8233178906068351,-0.1960142830746339,-0.6546536707079772,young
-0.1534112785897674,1.1320525803091943,1.2525737273156554,1.3440140832958607,-0.1534112785897674,2.7585413143805946,1.8331690664724063,-0.3179592448322615,0.9184771676276684,0.4493264750927811,-0.3036857334050418,-0.7659772668958664,0.6116127764393787,-0.4877843092997644,0.4608306801939211,0.1337104553845832,-0.7049259983890863,1.6776698100646354,-0.4282895663715402,1.2145976802021623,-0.1960142830746339,-0.6546536707079772,other
-0.1534112785897674,1.1320525803091943,-0.7386675428423712,-0.5034279555987932,-0.1534112785897674,-0.658647230728997,1.1999500452384144,0.5100596219184197,0.024146916773074,0.4493264750927811,-0.3036857334050418,-0.7659772668958664,-0.3410550996344197,1.7110270380666457,0.4608306801939211,0.1337104553845832,-0.7049259983890863,0.1469491804436178,-0.4282895663715402,-0.8233178906068351,5.101669043266824,-0.6546536707079772,other
-0.1534112785897674,-1.2545656494361206,0.7547634097761486,1.3440140832958607,-0.1534112785897674,2.605776221242722,-0.699707018463561,1.3380784886691008,0.024146916773074,0.4493264750927811,-0.3036857334050418,1.0469866784197936,1.5642806525131776,0.2158353218574867,0.4608306801939211,2.016956305871672,2.759083821704704,1.6776698100646354,2.3348689263480744,1.2145976802021623,-0.1960142830746339,-0.6546536707079772,other
-0.1534112785897674,1.1320525803091943,0.2569530922366421,0.4202930638485338,-0.1534112785897674,0.4989648207519621,-0.699707018463561,0.5100596219184197,0.024146916773074,0.4493264750927811,-0.3036857334050418,0.1405047057619635,0.6116127764393787,-0.0480220398264825,0.4608306801939211,0.1337104553845832,1.027078911657809,-1.3837714491773996,-0.4282895663715402,1.2145976802021623,-0.1960142830746339,-0.6546536707079772,other
-0.1534112785897674,-0.4590262395210155,0.2569530922366421,-0.5034279555987932,-0.1534112785897674,-0.1812120092517,1.8331690664724063,1.3380784886691008,0.9184771676276684,0.4493264750927811,-0.3036857334050418,1.0469866784197936,1.5642806525131776,0.0399304140681737,-2.3750504286917478,2.016956305871672,-0.7049259983890863,0.1469491804436178,-0.4282895663715402,1.2145976802021623,-0.1960142830746339,-0.6546536707079772,other
-0.1534112785897674,-1.2545656494361206,0.2569530922366421,-0.5034279555987932,-0.1534112785897674,-0.1230832963175674,-0.699707018463561,-0.3179592448322615,0.024146916773074,0.4493264750927811,3.885083003216225,1.0469866784197936,1.5642806525131776,2.414646669223896,-2.3750504286917478,0.1337104553845832,-0.7049259983890863,0.1469491804436178,2.3348689263480744,1.2145976802021623,-0.1960142830746339,-0.6546536707079772,other
-0.1534112785897674,-0.4590262395210155,-0.9875727016121244,-1.42714897504612,-0.1534112785897674,0.6584643379492773,-0.699707018463561,1.3380784886691008,-0.8701833340815202,-0.963649861676971,-0.3036857334050418,1.0469866784197936,1.5642806525131776,3.3821236620651165,-2.3750504286917478,2.016956305871672,-0.7049259983890863,1.6776698100646354,2.3348689263480744,1.2145976802021623,-0.1960142830746339,1.5275252316519468,other
-0.1534112785897674,-1.2545656494361206,1.2525737273156554,-0.5034279555987932,-0.1534112785897674,0.787481725193328,-0.699707018463561,1.3380784886691008,-0.8701833340815202,0.4493264750927811,-0.3036857334050418,1.0469866784197936,1.5642806525131776,0.5676451374361121,0.4608306801939211,2.016956305871672,-0.7049259983890863,0.1469491804436178,2.3348689263480744,-0.8233178906068351,-0.1960142830746339,-0.6546536707079772,other
-0.1534112785897674,-1.2545656494361206,2.2481943623946687,-2.350869994493447,-0.1534112785897674,0.4727360112572925,-0.699707018463561,1.3380784886691008,0.024146916773074,0.4493264750927811,-0.3036857334050418,1.0469866784197936,1.5642806525131776,-1.0154990326677027,0.4608306801939211,2.016956305871672,1.027078911657809,0.1469491804436178,2.3348689263480744,-0.8233178906068351,-0.1960142830746339,1.5275252316519468,young
-0.1534112785897674,0.3365131703940894,-0.4897623840726178,1.3440140832958607,-0.1534112785897674,-0.3229893578715358,0.5667310240044227,-0.3179592448322615,-0.8701833340815202,0.4493264750927811,-0.3036857334050418,-0.7659772668958664,0.6116127764393787,0.0399304140681737,0.4608306801939211,0.1337104553845832,-0.7049259983890863,0.1469491804436178,-0.4282895663715402,1.2145976802021623,-0.1960142830746339,-0.6546536707079772,other
-0.1534112785897674,-1.2545656494361206,-0.7386675428423712,-0.5034279555987932,-0.1534112785897674,0.040669541338343,-0.699707018463561,1.3380784886691008,0.024146916773074,0.4493264750927811,-0.3036857334050418,1.0469866784197936,1.5642806525131776,-0.0480220398264825,0.4608306801939211,2.016956305871672,-0.7049259983890863,0.1469491804436178,-0.4282895663715402,1.2145976802021623,-0.1960142830746339,1.5275252316519468,other
-0.1534112785897674,1.1320525803091943,1.5014788860854085,-0.5034279555987932,-0.1534112785897674,1.8844839601393075,-0.0664879972295691,1.3380784886691008,0.9184771676276684,0.4493264750927811,-0.3036857334050418,-0.7659772668958664,0.6116127764393787,0.8315024991200815,0.4608306801939211,0.1337104553845832,-0.7049259983890863,1.6776698100646354,-0.4282895663715402,1.2145976802021623,-0.1960142830746339,-0.6546536707079772,other
-0.1534112785897674,1.1320525803091943,1.2525737273156554,-0.5034279555987932,-0.1534112785897674,0.5014459243528092,-0.699707018463561,-0.3179592448322615,-0.8701833340815202,0.4493264750927811,-0.3036857334050418,-0.7659772668958664,1.5642806525131776,-0.3118794015104516,0.4608306801939211,2.016956305871672,-0.7049259983890863,1.6776698100646354,-0.4282895663715402,1.2145976802021623,-0.1960142830746339,-0.6546536707079772,other
-0.1534112785897674,1.1320525803091943,2.2481943623946687,1.3440140832958607,-0.1534112785897674,2.9485229615311748,-0.0664879972295691,-0.3179592448322615,-0.8701833340815202,-0.963649861676971,-0.3036857334050418,1.0469866784197936,0.6116127764393787,-1.0154990326677027,-2.3750504286917478,-1.7495353951025054,1.027078911657809,-1.3837714491773996,-0.4282895663715402,-0.8233178906068351,-0.1960142830746339,1.5275252316519468,young
-0.1534112785897674,1.1320525803091943,0.7547634097761486,-1.42714897504612,-0.1534112785897674,1.4935329213201098,1.8331690664724063,-1.973996978333624,0.9184771676276684,-0.963649861676971,-0.3036857334050418,-1.6724592395536964,-1.2937229757082185,1.5351221302773324,-2.3750504286917478,0.1337104553845832,-0.7049259983890863,1.6776698100646354,-0.4282895663715402,1.2145976802021623,-0.1960142830746339,1.5275252316519468,other
-0.1534112785897674,1.1320525803091943,0.2569530922366421,-0.5034279555987932,-0.1534112785897674,-0.2099219223472167,-0.699707018463561,-1.1459781115829426,0.9184771676276684,-0.963649861676971,-0.3036857334050418,-1.6724592395536964,1.5642806525131776,-0.5757367631944208,0.4608306801939211,0.1337104553845832,-0.7049259983890863,1.6776698100646354,-0.4282895663715402,1.2145976802021623,-0.1960142830746339,-0.6546536707079772,other
-0.1534112785897674,1.1320525803091943,0.2569530922366421,-0.5034279555987932,-0.1534112785897674,0.076822765236401,-0.0664879972295691,0.5100596219184197,0.024146916773074,-0.963649861676971,-0.3036857334050418,1.0469866784197936,0.6116127764393787,-1.1034514865623593,0.4608306801939211,0.1337104553845832,-0.7049259983890863,0.1469491804436178,-0.4282895663715402,-0.8233178906068351,-0.1960142830746339,-0.6546536707079772,young
-0.1534112785897674,1.1320525803091943,0.2569530922366421,-0.5034279555987932,-0.1534112785897674,-0.213111912691163,-0.699707018463561,1.3380784886691008,0.9184771676276684,0.4493264750927811,-0.3036857334050418,1.0469866784197936,0.6116127764393787,-0.0480220398264825,0.4608306801939211,0.1337104553845832,-0.7049259983890863,1.6776698100646354,-0.4282895663715402,1.2145976802021623,-0.1960142830746339,-0.6546536707079772,other
-0.1534112785897674,1.1320525803091943,0.2569530922366421,1.3440140832958607,-0.1534112785897674,-0.3807636274341188,1.8331690664724063,0.5100596219184197,0.9184771676276684,0.4493264750927811,-0.3036857334050418,1.0469866784197936,0.6116127764393787,0.6555975913307684,0.4608306801939211,0.1337104553845832,1.027078911657809,0.1469491804436178,2.3348689263480744,1.2145976802021623,-0.1960142830746339,-0.6546536707079772,other
-0.1534112785897674,1.1320525803091943,-0.4897623840726178,-0.5034279555987932,-0.1534112785897674,0.491167066577871,-0.699707018463561,-0.3179592448322615,0.024146916773074,0.4493264750927811,-0.3036857334050418,-0.7659772668958664,0.6116127764393787,-0.4877843092997644,0.4608306801939211,0.1337104553845832,-0.7049259983890863,0.1469491804436178,-0.4282895663715402,1.2145976802021623,-0.1960142830746339,-0.6546536707079772,other
-0.1534112785897674,-0.4590262395210155,-0.0749204527896957,0.4202930638485338,-0.1534112785897674,1.3418311582968856,1.8331690664724063,0.5100596219184197,0.024146916773074,0.4493264750927811,-0.3036857334050418,1.0469866784197936,-0.3410550996344197,0.0399304140681737,-2.3750504286917478,-1.7495353951025054,1.027078911657809,1.6776698100646354,2.3348689263480744,1.2145976802021623,-0.1960142830746339,-0.6546536707079772,other
-0.1534112785897674,1.1320525803091943,-0.2408572253028646,1.3440140832958607,-0.1534112785897674,0.2051312657373524,-0.699707018463561,0.5100596219184197,0.024146916773074,0.4493264750927811,-0.3036857334050418,-1.6724592395536964,0.6116127764393787,-0.7516416709837337,0.4608306801939211,0.1337104553845832,1.027078911657809,0.1469491804436178,-0.4282895663715402,-0.8233178906068351,-0.1960142830746339,-0.6546536707079772,other
-0.1534112785897674,-1.2545656494361206,-1.2364778603818778,-0.5034279555987932,-0.1534112785897674,-0.6802682763935219,0.5667310240044227,-1.973996978333624,-1.7645135849361144,-0.963649861676971,-0.3036857334050418,-0.7659772668958664,-0.3410550996344197,-1.1034514865623593,0.4608306801939211,-1.7495353951025054,-0.7049259983890863,-2.9144920787984168,-0.4282895663715402,1.2145976802021623,-0.1960142830746339,-0.6546536707079772,young
-0.1534112785897674,-1.2545656494361206,2.2481943623946687,1.3440140832958607,-0.1534112785897674,1.017869916700561,-0.699707018463561,1.3380784886691008,0.9184771676276684,-0.963649861676971,-0.3036857334050418,1.0469866784197936,1.5642806525131776,1.9748843997506145,-0.9571098742489133,2.016956305871672,1.027078911657809,-1.3837714491773996,-0.4282895663715402,-0.8233178906068351,-0.1960142830746339,1.5275252316519468,other
-0.1534112785897674,1.1320525803091943,0.2569530922366421,1.3440140832958607,-0.1534112785897674,-0.32795156507323,-0.699707018463561,0.5100596219184197,0.9184771676276684,0.4493264750927811,-0.3036857334050418,0.1405047057619635,0.6116127764393787,-0.0480220398264825,0.4608306801939211,0.1337104553845832,1.027078911657809,0.1469491804436178,-0.4282895663715402,1.2145976802021623,-0.1960142830746339,-0.6546536707079772,other
-0.1534112785897674,-0.4590262395210155,0.5058582510063955,0.4202930638485338,-0.1534112785897674,0.954778996564734,-0.699707018463561,1.3380784886691008,-1.7645135849361144,0.4493264750927811,-0.3036857334050418,-0.7659772668958664,0.6116127764393787,-0.4877843092997644,0.4608306801939211,0.1337104553845832,1.027078911657809,1.6776698100646354,-0.4282895663715402,1.2145976802021623,-0.1960142830746339,-0.6546536707079772,other
-0.1534112785897674,-1.2545656494361206,0.7547634097761486,1.3440140832958607,-0.1534112785897674,1.0334654250487432,-0.0664879972295691,0.5100596219184197,-1.7645135849361144,1.862302811862533,-0.3036857334050418,1.0469866784197936,0.6116127764393787,-1.0154990326677027,0.4608306801939211,-1.7495353951025054,1.027078911657809,0.1469491804436178,-0.4282895663715402,-0.8233178906068351,-0.1960142830746339,-0.6546536707079772,young
-0.1534112785897674,1.1320525803091943,-1.2364778603818778,-0.5034279555987932,-0.1534112785897674,-0.7213837074932743,0.5667310240044227,-0.3179592448322615,-0.8701833340815202,0.4493264750927811,-0.3036857334050418,1.0469866784197936,-0.3410550996344197,1.2712647685933636,0.4608306801939211,-1.7495353951025054,-0.7049259983890863,0.1469491804436178,-0.4282895663715402,-0.8233178906068351,-0.1960142830746339,-0.6546536707079772,other
-0.1534112785897674,-0.4590262395210155,-0.7386675428423712,1.3440140832958607,-0.1534112785897674,-0.5200598724531076,-0.0664879972295691,-1.1459781115829426,0.024146916773074,0.4493264750927811,-0.3036857334050418,1.0469866784197936,-0.3410550996344197,0.7435500452254251,0.4608306801939211,0.1337104553845832,-0.7049259983890863,0.1469491804436178,-0.4282895663715402,-0.8233178906068351,-0.1960142830746339,-0.6546536707079772,other
-0.1534112785897674,1.1320525803091943,-0.2408572253028646,-0.5034279555987932,-0.1534112785897674,0.0378339943659462,1.8331690664724063,-0.3179592448322615,-0.8701833340815202,0.4493264750927811,-0.3036857334050418,-1.6724592395536964,-0.3410550996344197,-0.3998318554051081,0.4608306801939211,0.1337104553845832,-0.7049259983890863,0.1469491804436178,-0.4282895663715402,1.2145976802021623,-0.1960142830746339,-0.6546536707079772,other
-0.1534112785897674,-1.2545656494361206,0.2569530922366421,-0.5034279555987932,-0.1534112785897674,-0.1280455035192615,-0.699707018463561,0.5100596219184197,-0.8701833340815202,0.4493264750927811,-0.3036857334050418,-1.6724592395536964,1.5642806525131776,-0.1359744937211389,0.4608306801939211,2.016956305871672,-0.7049259983890863,1.6776698100646354,-0.4282895663715402,1.2145976802021623,-0.1960142830746339,-0.6546536707079772,other
-0.1534112785897674,-0.4590262395210155,-0.2408572253028646,-0.5034279555987932,-0.1534112785897674,3.4397814744989064,-0.699707018463561,-1.973996978333624,0.024146916773074,-0.963649861676971,-0.3036857334050418,1.0469866784197936,1.5642806525131776,0.2158353218574867,0.4608306801939211,2.016956305871672,-0.7049259983890863,1.6776698100646354,-0.4282895663715402,1.2145976802021623,-0.1960142830746339,1.5275252316519468,other
-0.1534112785897674,-0.4590262395210155,0.2569530922366421,-0.5034279555987932,-0.1534112785897674,3.2990674559937183,-0.699707018463561,1.3380784886691008,0.9184771676276684,-0.963649861676971,-0.3036857334050418,-0.7659772668958664,1.5642806525131776,0.7435500452254251,0.4608306801939211,2.016956305871672,-0.7049259983890863,1.6776698100646354,-0.4282895663715402,1.2145976802021623,-0.1960142830746339,1.5275252316519468,other
-0.1534112785897674,-1.2545656494361206,0.2569530922366421,-1.42714897504612,-0.1534112785897674,0.1278626107395419,-0.699707018463561,-0.3179592448322615,-1.7645135849361144,-0.963649861676971,3.885083003216225,1.0469866784197936,0.6116127764393787,-1.1914039404570156,-2.3750504286917478,-1.7495353951025054,-0.7049259983890863,0.1469491804436178,-0.4282895663715402,-0.8233178906068351,5.101669043266824,-0.6546536707079772,young
-0.1534112785897674,1.1320525803091943,0.7547634097761486,-0.5034279555987932,-0.1534112785897674,0.5457513457965081,1.8331690664724063,0.5100596219184197,-0.8701833340815202,-0.963649861676971,-0.3036857334050418,1.0469866784197936,-0.3410550996344197,-1.0154990326677027,-0.9571098742489133,-1.7495353951025054,-0.7049259983890863,-1.3837714491773996,-0.4282895663715402,-0.8233178906068351,-0.1960142830746339,-0.6546536707079772,young
-0.1534112785897674,1.1320525803091943,1.2525737273156554,-0.5034279555987932,-0.1534112785897674,1.7232122260842442,-0.699707018463561,-0.3179592448322615,-1.7645135849361144,-0.963649861676971,-0.3036857334050418,-0.7659772668958664,-0.3410550996344197,-0.4877843092997644,-2.3750504286917478,0.1337104553845832,-0.7049259983890863,0.1469491804436178,-0.4282895663715402,-0.8233178906068351,-0.1960142830746339,-0.6546536707079772,other
-0.1534112785897674,-1.2545656494361206,-0.7386675428423712,1.3440140832958607,-0.1534112785897674,-0.6600650042151953,-0.699707018463561,1.3380784886691008,0.9184771676276684,0.4493264750927811,-0.3036857334050418,0.1405047057619635,-1.2937229757082185,1.623074584171989,0.4608306801939211,0.1337104553845832,-0.7049259983890863,0.1469491804436178,-0.4282895663715402,-0.8233178906068351,-0.1960142830746339,-0.6546536707079772,other
-0.1534112785897674,1.1320525803091943,-0.2408572253028646,1.3440140832958607,-0.1534112785897674,-0.0149780679949425,1.8331690664724063,-1.973996978333624,-0.8701833340815202,0.4493264750927811,-0.3036857334050418,1.0469866784197936,1.5642806525131776,0.2158353218574867,0.4608306801939211,0.1337104553845832,-0.7049259983890863,1.6776698100646354,-0.4282895663715402,1.2145976802021623,-0.1960142830746339,-0.6546536707079772,other
-0.1534112785897674,1.1320525803091943,-0.4897623840726178,-0.5034279555987932,-0.1534112785897674,-0.6986993317141006,1.8331690664724063,1.3380784886691008,0.9184771676276684,0.4493264750927811,-0.3036857334050418,1.0469866784197936,1.5642806525131776,0.8315024991200815,-2.3750504286917478,2.016956305871672,-0.7049259983890863,0.1469491804436178,2.3348689263480744,-0.8233178906068351,-0.1960142830746339,-0.6546536707079772,other
-0.1534112785897674,1.1320525803091943,2.746004679934176,-2.350869994493447,-0.1534112785897674,2.1850519392133587,1.8331690664724063,-0.3179592448322615,-0.8701833340815202,0.4493264750927811,-0.3036857334050418,-0.7659772668958664,-0.3410550996344197,0.3037877757521431,0.4608306801939211,0.1337104553845832,-0.7049259983890863,-1.3837714491773996,2.3348689263480744,-0.8233178906068351,-0.1960142830746339,-0.6546536707079772,other
-0.1534112785897674,-1.2545656494361206,0.2569530922366421,1.3440140832958607,-0.1534112785897674,1.1851671880719674,-0.699707018463561,-1.973996978333624,-0.8701833340815202,0.4493264750927811,-0.3036857334050418,1.0469866784197936,1.5642806525131776,3.470076115959773,0.4608306801939211,2.016956305871672,1.027078911657809,1.6776698100646354,-0.4282895663715402,1.2145976802021623,-0.1960142830746339,-0.6546536707079772,other
-0.1534112785897674,-1.2545656494361206,-0.7386675428423712,1.3440140832958607,-0.1534112785897674,-0.6185951297438934,-0.699707018463561,1.3380784886691008,0.9184771676276684,0.4493264750927811,-0.3036857334050418,1.0469866784197936,1.5642806525131776,2.678504030907866,0.4608306801939211,2.016956305871672,1.027078911657809,1.6776698100646354,-0.4282895663715402,-0.8233178906068351,-0.1960142830746339,-0.6546536707079772,other
-0.1534112785897674,-0.4590262395210155,1.2525737273156554,-0.5034279555987932,-0.1534112785897674,1.3031968307979809,-0.699707018463561,-0.3179592448322615,-0.8701833340815202,0.4493264750927811,-0.3036857334050418,-0.7659772668958664,0.6116127764393787,-0.0480220398264825,0.4608306801939211,-1.7495353951025054,-0.7049259983890863,1.6776698100646354,-0.4282895663715402,1.2145976802021623,-0.1960142830746339,-0.6546536707079772,other
-0.1783643167468539,1.1320525803091943,-1.2364778603818778,-2.350869994493447,-0.1783643167468539,-0.7327258953828613,-0.0664879972295691,-0.3179592448322615,0.9184771676276684,0.4493264750927811,-0.3036857334050418,-1.6724592395536964,1.5642806525131776,-0.0480220398264825,-2.3750504286917478,-1.7495353951025054,-0.7049259983890863,0.1469491804436178,-0.4282895663715402,-0.8233178906068351,5.101669043266824,-0.6546536707079772,other
-0.1783643167468539,1.1320525803091943,-0.9875727016121244,-0.5034279555987932,-0.1783643167468539,-0.2708861822537461,0.5667310240044227,1.3380784886691008,-0.8701833340815202,0.4493264750927811,-0.3036857334050418,1.0469866784197936,1.5642806525131776,1.3592172224880197,0.4608306801939211,2.016956305871672,-0.7049259983890863,-1.3837714491773996,-0.4282895663715402,-0.8233178906068351,-0.1960142830746339,-0.6546536707079772,other
-0.1783643167468539,-0.4590262395210155,0.7547634097761486,1.3440140832958607,-0.1783643167468539,0.3465541709856385,-0.699707018463561,-1.973996978333624,0.9184771676276684,1.862302811862533,-0.3036857334050418,-0.7659772668958664,0.6116127764393787,-0.6636892170890771,0.4608306801939211,0.1337104553845832,1.027078911657809,1.6776698100646354,-0.4282895663715402,-0.8233178906068351,-0.1960142830746339,1.5275252316519468,other
-0.1783643167468539,-1.2545656494361206,-1.070541087868709,1.3440140832958607,-0.1783643167468539,0.0449228617969381,-0.699707018463561,0.5100596219184197,-1.7645135849361144,0.4493264750927811,-0.3036857334050418,1.0469866784197936,-1.2937229757082185,0.3037877757521431,0.4608306801939211,0.1337104553845832,1.027078911657809,-1.3837714491773996,-0.4282895663715402,-0.8233178906068351,5.101669043266824,-0.6546536707079772,other
-0.1783643167468539,1.1320525803091943,0.2569530922366421,-0.5034279555987932,-0.1783643167468539,-0.618949573115443,1.1999500452384144,0.5100596219184197,0.9184771676276684,-0.963649861676971,-0.3036857334050418,0.1405047057619635,0.6116127764393787,-0.1359744937211389,0.4608306801939211,0.1337104553845832,-0.7049259983890863,0.1469491804436178,2.3348689263480744,1.2145976802021623,-0.1960142830746339,-0.6546536707079772,other
-0.1783643167468539,-0.4590262395210155,-1.2364778603818778,-0.5034279555987932,-0.1783643167468539,3.999447558175708,1.8331690664724063,-1.973996978333624,-1.7645135849361144,0.4493264750927811,-0.3036857334050418,-0.7659772668958664,-0.3410550996344197,-1.1034514865623593,0.4608306801939211,0.1337104553845832,-0.7049259983890863,-2.9144920787984168,-0.4282895663715402,1.2145976802021623,-0.1960142830746339,1.5275252316519468,young
-0.1783643167468539,-1.2545656494361206,0.2569530922366421,-0.5034279555987932,-0.1783643167468539,-0.8351600297606925,1.8331690664724063,1.3380784886691008,0.9184771676276684,-0.963649861676971,-0.3036857334050418,-0.7659772668958664,0.6116127764393787,-0.5757367631944208,-2.3750504286917478,0.1337104553845832,-0.7049259983890863,0.1469491804436178,-0.4282895663715402,-0.8233178906068351,-0.1960142830746339,1.5275252316519468,other
-0.1783643167468539,0.3365131703940894,-1.2364778603818778,1.3440140832958607,-0.1783643167468539,-0.6834582667374683,-0.699707018463561,1.3380784886691008,-1.7645135849361144,0.4493264750927811,-0.3036857334050418,1.0469866784197936,-1.2937229757082185,0.9194549530147378,0.4608306801939211,0.1337104553845832,1.027078911657809,0.1469491804436178,2.3348689263480744,-0.8233178906068351,5.101669043266824,-0.6546536707079772,other
-0.1783643167468539,-0.4590262395210155,-0.9875727016121244,-0.5034279555987932,-0.1783643167468539,-0.0270291426276285,1.8331690664724063,-0.3179592448322615,-1.7645135849361144,-0.963649861676971,-0.3036857334050418,-0.7659772668958664,-1.2937229757082185,-0.2239269476157952,0.4608306801939211,0.1337104553845832,-0.7049259983890863,-1.3837714491773996,-0.4282895663715402,-0.8233178906068351,-0.1960142830746339,-0.6546536707079772,other
-0.1783643167468539,1.1320525803091943,-0.2408572253028646,1.3440140832958607,-0.1783643167468539,-0.7951079287755889,-0.699707018463561,-0.3179592448322615,0.9184771676276684,-0.963649861676971,-0.3036857334050418,0.1405047057619635,-1.2937229757082185,0.0399304140681737,0.4608306801939211,0.1337104553845832,1.027078911657809,0.1469491804436178,-0.4282895663715402,-0.8233178906068351,-0.1960142830746339,-0.6546536707079772,other
-0.1783643167468539,-1.2545656494361206,-1.2364778603818778,1.3440140832958607,-0.1783643167468539,-0.9234164292765404,1.1999500452384144,0.5100596219184197,0.024146916773074,-0.963649861676971,-0.3036857334050418,1.0469866784197936,-1.2937229757082185,0.3037877757521431,0.4608306801939211,0.1337104553845832,1.027078911657809,-1.3837714491773996,-0.4282895663715402,1.2145976802021623,-0.1960142830746339,-0.6546536707079772,other
-0.1783643167468539,-1.2545656494361206,0.0080479334668887,-0.5034279555987932,-0.1783643167468539,0.1742946924125381,1.8331690664724063,0.5100596219184197,-0.8701833340815202,0.4493264750927811,1.7906986349055911,-0.7659772668958664,-1.2937229757082185,-1.0154990326677027,0.4608306801939211,0.1337104553845832,-0.7049259983890863,-1.3837714491773996,-0.4282895663715402,-0.8233178906068351,5.101669043266824,-0.6546536707079772,young
-0.1783643167468539,-0.4590262395210155,-0.9875727016121244,-0.5034279555987932,-0.1783643167468539,-1.06164934418088,-0.699707018463561,-0.3179592448322615,0.9184771676276684,1.862302811862533,-0.3036857334050418,1.0469866784197936,-1.2937229757082185,-1.1914039404570156,0.4608306801939211,-1.7495353951025054,-0.7049259983890863,-1.3837714491773996,-0.4282895663715402,-0.8233178906068351,-0.1960142830746339,-0.6546536707079772,young
-0.1783643167468539,-0.4590262395210155,0.7547634097761486,-0.5034279555987932,-0.1783643167468539,-0.3974224658969496,-0.699707018463561,-0.3179592448322615,0.9184771676276684,-0.963649861676971,3.885083003216225,-0.7659772668958664,1.5642806525131776,-1.0154990326677027,-2.3750504286917478,0.1337104553845832,-0.7049259983890863,0.1469491804436178,-0.4282895663715402,-0.8233178906068351,-0.1960142830746339,1.5275252316519468,young
-0.1783643167468539,-1.2545656494361206,-0.9875727016121244,-0.5034279555987932,-0.1783643167468539,-0.6554572403850507,-0.699707018463561,-1.1459781115829426,0.024146916773074,0.4493264750927811,-0.3036857334050418,-0.7659772668958664,1.5642806525131776,-0.7516416709837337,0.4608306801939211,2.016956305871672,-0.7049259983890863,1.6776698100646354,-0.4282895663715402,1.2145976802021623,-0.1960142830746339,1.5275252316519468,other
-0.1783643167468539,1.1320525803091943,-1.2364778603818778,-0.5034279555987932,-0.1783643167468539,-0.9212897690472428,-0.699707018463561,-1.973996978333624,-1.7645135849361144,-0.963649861676971,-0.3036857334050418,1.0469866784197936,-1.2937229757082185,1.623074584171989,0.4608306801939211,0.1337104553845832,-0.7049259983890863,-2.9144920787984168,-0.4282895663715402,1.2145976802021623,-0.1960142830746339,-0.6546536707079772,other
-0.1783643167468539,1.1320525803091943,1.2525737273156554,1.3440140832958607,-0.1783643167468539,1.1848127447004175,-0.699707018463561,1.3380784886691008,0.9184771676276684,0.4493264750927811,-0.3036857334050418,1.0469866784197936,0.6116127764393787,-0.1359744937211389,0.4608306801939211,0.1337104553845832,1.027078911657809,1.6776698100646354,-0.4282895663715402,1.2145976802021623,-0.1960142830746339,-0.6546536707079772,other
-0.1783643167468539,0.3365131703940894,0.2569530922366421,1.3440140832958607,-0.1783643167468539,-0.6831038233659187,1.8331690664724063,0.5100596219184197,0.9184771676276684,0.4493264750927811,-0.3036857334050418,-0.7659772668958664,-1.2937229757082185,0.1278828679628304,-2.3750504286917478,0.1337104553845832,1.027078911657809,-1.3837714491773996,2.3348689263480744,-0.8233178906068351,-0.1960142830746339,1.5275252316519468,other
-0.1783643167468539,-0.4590262395210155,0.7547634097761486,1.3440140832958607,-0.1783643167468539,-0.3864347213789123,1.8331690664724063,1.3380784886691008,0.9184771676276684,0.4493264750927811,-0.3036857334050418,1.0469866784197936,-1.2937229757082185,0.0399304140681737,0.4608306801939211,0.1337104553845832,1.027078911657809,0.1469491804436178,-0.4282895663715402,-0.8233178906068351,-0.1960142830746339,-0.6546536707079772,other
-0.1783643167468539,-1.2545656494361206,-0.90460431535554,1.3440140832958607,-0.1783643167468539,-0.7915634950600929,-0.699707018463561,0.5100596219184197,0.9184771676276684,0.4493264750927811,1.7906986349055911,0.1405047057619635,-0.3410550996344197,1.1833123146987068,0.4608306801939211,0.1337104553845832,1.027078911657809,0.1469491804436178,-0.4282895663715402,1.2145976802021623,-0.1960142830746339,-0.6546536707079772,other
-0.1783643167468539,-1.2545656494361206,-0.7386675428423712,1.3440140832958607,-0.1783643167468539,-0.3899791550944081,-0.699707018463561,-0.3179592448322615,0.9184771676276684,0.4493264750927811,-0.3036857334050418,1.0469866784197936,-0.3410550996344197,0.2158353218574867,-2.3750504286917478,0.1337104553845832,1.027078911657809,-1.3837714491773996,-0.4282895663715402,-0.8233178906068351,5.101669043266824,-0.6546536707079772,other
-0.1783643167468539,-1.2545656494361206,2.165225976138084,-0.5034279555987932,-0.1783643167468539,2.640866115026131,-0.699707018463561,-1.1459781115829426,-1.7645135849361144,-0.963649861676971,-0.3036857334050418,-1.6724592395536964,-1.2937229757082185,-0.0480220398264825,0.4608306801939211,0.1337104553845832,-0.7049259983890863,-1.3837714491773996,-0.4282895663715402,1.2145976802021623,-0.1960142830746339,-0.6546536707079772,other
-0.1783643167468539,-0.4590262395210155,0.2569530922366421,1.3440140832958607,-0.1783643167468539,0.215055680140741,-0.0664879972295691,-1.1459781115829426,0.9184771676276684,-2.376626198446723,-0.3036857334050418,-0.7659772668958664,0.6116127764393787,0.1278828679628304,0.4608306801939211,0.1337104553845832,-0.7049259983890863,0.1469491804436178,-0.4282895663715402,1.2145976802021623,-0.1960142830746339,-0.6546536707079772,other
-0.1783643167468539,1.1320525803091943,2.2481943623946687,1.3440140832958607,-0.1783643167468539,2.4299723089541256,0.5667310240044227,-0.3179592448322615,-0.8701833340815202,0.4493264750927811,-0.3036857334050418,-0.7659772668958664,1.5642806525131776,0.7435500452254251,-2.3750504286917478,2.016956305871672,-0.7049259983890863,0.1469491804436178,-0.4282895663715402,-0.8233178906068351,-0.1960142830746339,1.5275252316519468,other
-0.1783643167468539,-0.4590262395210155,2.2481943623946687,-1.42714897504612,-0.1783643167468539,3.153745673658387,1.8331690664724063,-1.973996978333624,0.9184771676276684,0.4493264750927811,1.7906986349055911,1.0469866784197936,1.5642806525131776,0.0399304140681737,0.4608306801939211,2.016956305871672,-0.7049259983890863,1.6776698100646354,-0.4282895663715402,1.2145976802021623,-0.1960142830746339,-0.6546536707079772,other
-0.1783643167468539,0.3365131703940894,-1.4024146328950466,-0.5034279555987932,-0.1783643167468539,-0.6299373176334803,1.8331690664724063,-1.1459781115829426,-1.7645135849361144,0.4493264750927811,-0.3036857334050418,-0.7659772668958664,-1.2937229757082185,-0.5757367631944208,0.4608306801939211,0.1337104553845832,-0.7049259983890863,-1.3837714491773996,2.3348689263480744,-0.8233178906068351,5.101669043266824,-0.6546536707079772,other
-0.1783643167468539,1.1320525803091943,-0.2408572253028646,-0.5034279555987932,-0.1783643167468539,-0.2159474596635598,1.8331690664724063,0.5100596219184197,0.9184771676276684,0.4493264750927811,-0.3036857334050418,0.1405047057619635,-0.3410550996344197,-0.3118794015104516,0.4608306801939211,0.1337104553845832,-0.7049259983890863,0.1469491804436178,-0.4282895663715402,-0.8233178906068351,5.101669043266824,-0.6546536707079772,other
-0.1783643167468539,-1.2545656494361206,-0.5727307703292023,-0.5034279555987932,-0.1783643167468539,2.0227168750436477,-0.699707018463561,1.3380784886691008,-1.7645135849361144,-2.376626198446723,-0.3036857334050418,1.0469866784197936,-0.3410550996344197,0.8315024991200815,0.4608306801939211,0.1337104553845832,-0.7049259983890863,1.6776698100646354,-0.4282895663715402,1.2145976802021623,5.101669043266824,1.5275252316519468,other
-0.1783643167468539,1.1320525803091943,-0.90460431535554,1.3440140832958607,-0.1783643167468539,-0.7231559243510223,-0.699707018463561,1.3380784886691008,0.024146916773074,0.4493264750927811,-0.3036857334050418,1.0469866784197936,-1.2937229757082185,-0.3118794015104516,0.4608306801939211,0.1337104553845832,1.027078911657809,-1.3837714491773996,2.3348689263480744,-0.8233178906068351,5.101669043266824,-0.6546536707079772,other
-0.1783643167468539,-1.2545656494361206,-0.4067939978160333,1.3440140832958607,-0.1783643167468539,-0.2290618644108945,-0.699707018463561,1.3380784886691008,-0.8701833340815202,0.4493264750927811,3.885083003216225,1.0469866784197936,-0.3410550996344197,0.6555975913307684,-2.3750504286917478,-1.7495353951025054,-0.7049259983890863,0.1469491804436178,-0.4282895663715402,1.2145976802021623,-0.1960142830746339,1.5275252316519468,other
-0.1783643167468539,1.1320525803091943,-0.0749204527896957,1.3440140832958607,-0.1783643167468539,0.0757594351217522,1.8331690664724063,-1.1459781115829426,-0.8701833340815202,-2.376626198446723,-0.3036857334050418,1.0469866784197936,-1.2937229757082185,0.7435500452254251,0.4608306801939211,0.1337104553845832,1.027078911657809,0.1469491804436178,-0.4282895663715402,1.2145976802021623,-0.1960142830746339,-0.6546536707079772,other
-0.1783643167468539,-1.2545656494361206,-0.2408572253028646,1.3440140832958607,-0.1783643167468539,0.7197830412273565,-0.699707018463561,1.3380784886691008,-0.8701833340815202,0.4493264750927811,-0.3036857334050418,1.0469866784197936,1.5642806525131776,0.0399304140681737,0.4608306801939211,2.016956305871672,2.759083821704704,1.6776698100646354,-0.4282895663715402,1.2145976802021623,-0.1960142830746339,-0.6546536707079772,other
-0.1783643167468539,1.1320525803091943,-0.90460431535554,-0.5034279555987932,-0.1783643167468539,-0.7033070955442453,1.8331690664724063,1.3380784886691008,0.9184771676276684,0.4493264750927811,1.7906986349055911,-0.7659772668958664,-0.3410550996344197,0.8315024991200815,0.4608306801939211,0.1337104553845832,-0.7049259983890863,-1.3837714491773996,-0.4282895663715402,-0.8233178906068351,5.101669043266824,-0.6546536707079772,other
-0.1783643167468539,-0.4590262395210155,-0.7386675428423712,-0.5034279555987932,-0.1783643167468539,-0.916682005217098,-0.699707018463561,0.5100596219184197,-0.8701833340815202,1.862302811862533,-0.3036857334050418,0.1405047057619635,0.6116127764393787,-0.9275465787730464,-2.3750504286917478,0.1337104553845832,-0.7049259983890863,-1.3837714491773996,-0.4282895663715402,-0.8233178906068351,-0.1960142830746339,1.5275252316519468,young
-0.1783643167468539,-0.4590262395210155,-0.8216359290989557,1.3440140832958607,-0.1783643167468539,-0.6909015775400097,1.1999500452384144,-0.3179592448322615,0.9184771676276684,-0.963649861676971,-0.3036857334050418,1.0469866784197936,0.6116127764393787,0.3917402296467994,0.4608306801939211,0.1337104553845832,1.027078911657809,0.1469491804436178,-0.4282895663715402,-0.8233178906068351,-0.1960142830746339,-0.6546536707079772,other
-0.1783643167468539,1.1320525803091943,-0.7386675428423712,1.3440140832958607,-0.1783643167468539,-0.8312611526736471,-0.699707018463561,-1.973996978333624,-1.7645135849361144,-0.963649861676971,-0.3036857334050418,-0.7659772668958664,-0.3410550996344197,0.2158353218574867,0.4608306801939211,0.1337104553845832,-0.7049259983890863,-2.9144920787984168,-0.4282895663715402,-0.8233178906068351,-0.1960142830746339,-0.6546536707079772,other
-0.1783643167468539,-1.2545656494361206,0.0080479334668887,1.3440140832958607,-0.1783643167468539,-0.9570885495737512,-0.699707018463561,1.3380784886691008,0.9184771676276684,0.4493264750927811,-0.3036857334050418,1.0469866784197936,-1.2937229757082185,2.590551577013209,0.4608306801939211,0.1337104553845832,1.027078911657809,0.1469491804436178,-0.4282895663715402,-0.8233178906068351,-0.1960142830746339,-0.6546536707079772,other
-0.1783643167468539,1.1320525803091943,-0.90460431535554,-0.5034279555987932,-0.1783643167468539,-0.6760149559349269,-0.699707018463561,-0.3179592448322615,-0.8701833340815202,-0.963649861676971,-0.3036857334050418,1.0469866784197936,0.6116127764393787,2.502599123118553,0.4608306801939211,0.1337104553845832,-0.7049259983890863,0.1469491804436178,-0.4282895663715402,1.2145976802021623,-0.1960142830746339,-0.6546536707079772,other
-0.1783643167468539,-0.4590262395210155,1.2525737273156554,0.4202930638485338,-0.1783643167468539,-0.3708392130307303,-0.699707018463561,1.3380784886691008,0.9184771676276684,0.4493264750927811,-0.3036857334050418,1.0469866784197936,1.5642806525131776,1.886931945855958,-2.3750504286917478,2.016956305871672,1.027078911657809,0.1469491804436178,-0.4282895663715402,1.2145976802021623,-0.1960142830746339,1.5275252316519468,other
-0.1783643167468539,1.1320525803091943,-0.2408572253028646,-1.42714897504612,-0.1783643167468539,1.1295195787386816,-0.699707018463561,1.3380784886691008,-0.8701833340815202,0.4493264750927811,-0.3036857334050418,1.0469866784197936,1.5642806525131776,0.3037877757521431,-2.3750504286917478,0.1337104553845832,1.027078911657809,1.6776698100646354,2.3348689263480744,1.2145976802021623,-0.1960142830746339,1.5275252316519468,other
-0.1783643167468539,-1.2545656494361206,0.58882663726298,-0.5034279555987932,-0.1783643167468539,0.2604244316990884,-0.699707018463561,-0.3179592448322615,0.024146916773074,0.4493264750927811,-0.3036857334050418,-0.7659772668958664,0.6116127764393787,0.8315024991200815,0.4608306801939211,0.1337104553845832,-0.7049259983890863,-1.3837714491773996,-0.4282895663715402,-0.8233178906068351,-0.1960142830746339,1.5275252316519468,other
-0.1783643167468539,1.1320525803091943,0.2569530922366421,-0.5034279555987932,-0.1783643167468539,-0.6387984019222199,-0.0664879972295691,1.3380784886691008,0.9184771676276684,1.862302811862533,-0.3036857334050418,1.0469866784197936,-1.2937229757082185,0.4796926835414558,0.4608306801939211,-1.7495353951025054,-0.7049259983890863,-1.3837714491773996,-0.4282895663715402,-0.8233178906068351,-0.1960142830746339,-0.6546536707079772,other
-0.1783643167468539,-0.4590262395210155,0.0080479334668887,0.4202930638485338,-0.1783643167468539,-0.3254704614723829,-0.699707018463561,-0.3179592448322615,-1.7645135849361144,-2.376626198446723,-0.3036857334050418,1.0469866784197936,-0.3410550996344197,1.007407406909394,0.4608306801939211,0.1337104553845832,1.027078911657809,0.1469491804436178,-0.4282895663715402,-0.8233178906068351,-0.1960142830746339,-0.6546536707079772,other
-0.1783643167468539,1.1320525803091943,-0.4897623840726178,-0.5034279555987932,-0.1783643167468539,0.1009249145017731,1.8331690664724063,-0.3179592448322615,0.024146916773074,0.4493264750927811,-0.3036857334050418,-0.7659772668958664,1.5642806525131776,-0.5757367631944208,0.4608306801939211,0.1337104553845832,-0.7049259983890863,0.1469491804436178,-0.4282895663715402,-0.8233178906068351,-0.1960142830746339,-0.6546536707079772,other
-0.1783643167468539,-0.4590262395210155,-0.7386675428423712,-0.5034279555987932,-0.1783643167468539,-0.692319351026208,1.1999500452384144,1.3380784886691008,0.9184771676276684,0.4493264750927811,-0.3036857334050418,1.0469866784197936,-1.2937229757082185,1.623074584171989,0.4608306801939211,0.1337104553845832,-0.7049259983890863,0.1469491804436178,-0.4282895663715402,1.2145976802021623,-0.1960142830746339,-0.6546536707079772,other
-0.1783643167468539,-1.2545656494361206,-0.2408572253028646,-0.5034279555987932,-0.1783643167468539,-0.3623325721135402,-0.0664879972295691,0.5100596219184197,0.9184771676276684,0.4493264750927811,-0.3036857334050418,0.1405047057619635,0.6116127764393787,-0.4877843092997644,0.4608306801939211,0.1337104553845832,-0.7049259983890863,1.6776698100646354,2.3348689263480744,1.2145976802021623,-0.1960142830746339,-0.6546536707079772,other
-0.1783643167468539,-1.2545656494361206,-0.8216359290989557,1.3440140832958607,-0.1783643167468539,0.2366767258052659,-0.699707018463561,-0.3179592448322615,-1.7645135849361144,0.4493264750927811,-0.3036857334050418,-0.7659772668958664,-1.2937229757082185,0.3917402296467994,0.4608306801939211,0.1337104553845832,1.027078911657809,-1.3837714491773996,2.3348689263480744,-0.8233178906068351,-0.1960142830746339,-0.6546536707079772,other
-0.1783643167468539,1.1320525803091943,0.2569530922366421,-0.5034279555987932,-0.1783643167468539,1.4609241311375478,-0.699707018463561,-0.3179592448322615,-1.7645135849361144,0.4493264750927811,-0.3036857334050418,1.0469866784197936,-0.3410550996344197,0.6555975913307684,0.4608306801939211,0.1337104553845832,-0.7049259983890863,-1.3837714491773996,2.3348689263480744,-0.8233178906068351,-0.1960142830746339,-0.6546536707079772,other
-0.1783643167468539,-1.2545656494361206,0.2569530922366421,-1.42714897504612,-0.1783643167468539,-0.7366247724699067,-0.699707018463561,-1.973996978333624,-1.7645135849361144,-0.963649861676971,1.7906986349055911,1.0469866784197936,1.5642806525131776,-0.5757367631944208,0.4608306801939211,-1.7495353951025054,1.027078911657809,-2.9144920787984168,-0.4282895663715402,-0.8233178906068351,-0.1960142830746339,1.5275252316519468,other
-0.1783643167468539,-0.4590262395210155,-0.7386675428423712,-0.5034279555987932,-0.1783643167468539,-0.8025512395781303,1.1999500452384144,-0.3179592448322615,0.9184771676276684,1.862302811862533,-0.3036857334050418,-1.6724592395536964,-1.2937229757082185,-1.1914039404570156,0.4608306801939211,0.1337104553845832,-0.7049259983890863,0.1469491804436178,-0.4282895663715402,-0.8233178906068351,-0.1960142830746339,-0.6546536707079772,young
-0.1783643167468539,0.3365131703940894,-0.2408572253028646,-0.5034279555987932,-0.1783643167468539,-0.464412263119822,-0.699707018463561,1.3380784886691008,0.024146916773074,-0.963649861676971,-0.3036857334050418,-0.7659772668958664,0.6116127764393787,-1.1034514865623593,0.4608306801939211,0.1337104553845832,-0.7049259983890863,1.6776698100646354,-0.4282895663715402,-0.8233178906068351,-0.1960142830746339,-0.6546536707079772,young
-0.1783643167468539,1.1320525803091943,-1.2364778603818778,-1.42714897504612,-0.1783643167468539,-0.8819465548052384,1.8331690664724063,-0.3179592448322615,-1.7645135849361144,0.4493264750927811,3.885083003216225,-0.7659772668958664,-1.2937229757082185,-0.83959412487839,-0.9571098742489133,0.1337104553845832,-0.7049259983890863,-1.3837714491773996,2.3348689263480744,-0.8233178906068351,-0.1960142830746339,-0.6546536707079772,other
-0.1783643167468539,1.1320525803091943,0.2569530922366421,0.4202930638485338,-0.1783643167468539,-0.2598984377357088,-0.699707018463561,1.3380784886691008,0.9184771676276684,0.4493264750927811,-0.3036857334050418,1.0469866784197936,0.6116127764393787,1.007407406909394,0.4608306801939211,0.1337104553845832,1.027078911657809,-1.3837714491773996,2.3348689263480744,-0.8233178906068351,-0.1960142830746339,1.5275252316519468,other
-0.1783643167468539,-1.2545656494361206,-1.2364778603818778,-0.5034279555987932,-0.1783643167468539,4.1203127478741175,-0.699707018463561,1.3380784886691008,-1.7645135849361144,0.4493264750927811,-0.3036857334050418,1.0469866784197936,1.5642806525131776,2.8544089386971785,-2.3750504286917478,0.1337104553845832,-0.7049259983890863,1.6776698100646354,-0.4282895663715402,1.2145976802021623,-0.1960142830746339,1.5275252316519468,other
-0.1783643167468539,-0.4590262395210155,-0.4897623840726178,-1.42714897504612,-0.1783643167468539,-0.7114592930898858,-0.0664879972295691,-0.3179592448322615,-0.8701833340815202,1.862302811862533,-0.3036857334050418,-0.7659772668958664,-0.3410550996344197,-0.9275465787730464,0.4608306801939211,-1.7495353951025054,-0.7049259983890863,0.1469491804436178,-0.4282895663715402,-0.8233178906068351,-0.1960142830746339,1.5275252316519468,young
-0.1783643167468539,1.1320525803091943,-0.8216359290989557,1.3440140832958607,-0.1783643167468539,1.4024409748318658,-0.699707018463561,-0.3179592448322615,-1.7645135849361144,0.4493264750927811,-0.3036857334050418,1.0469866784197936,-0.3410550996344197,0.3037877757521431,0.4608306801939211,0.1337104553845832,1.027078911657809,-1.3837714491773996,-0.4282895663715402,-0.8233178906068351,-0.1960142830746339,-0.6546536707079772,other
-0.1783643167468539,0.3365131703940894,0.0080479334668887,-0.5034279555987932,-0.1783643167468539,-0.123437739689117,-0.0664879972295691,-0.3179592448322615,-1.7645135849361144,-0.963649861676971,-0.3036857334050418,-1.6724592395536964,0.6116127764393787,-0.6636892170890771,-2.3750504286917478,0.1337104553845832,-0.7049259983890863,1.6776698100646354,-0.4282895663715402,1.2145976802021623,-0.1960142830746339,-0.6546536707079772,other
-0.1783643167468539,1.1320525803091943,-0.8216359290989557,1.3440140832958607,-0.1783643167468539,-0.6657360981599888,-0.699707018463561,-1.1459781115829426,0.9184771676276684,-0.963649861676971,-0.3036857334050418,1.0469866784197936,0.6116127764393787,-0.0480220398264825,0.4608306801939211,0.1337104553845832,1.027078911657809,1.6776698100646354,-0.4282895663715402,-0.8233178906068351,-0.1960142830746339,-0.6546536707079772,other
-0.1783643167468539,-0.4590262395210155,-0.2408572253028646,-0.5034279555987932,-0.1783643167468539,0.919689102781325,-0.0664879972295691,-0.3179592448322615,-0.8701833340815202,0.4493264750927811,-0.3036857334050418,-0.7659772668958664,0.6116127764393787,-0.4877843092997644,0.4608306801939211,0.1337104553845832,1.027078911657809,0.1469491804436178,-0.4282895663715402,1.2145976802021623,-0.1960142830746339,-0.6546536707079772,other
-0.1783643167468539,-1.2545656494361206,-0.90460431535554,1.3440140832958607,-0.1783643167468539,-0.3651681190859369,-0.699707018463561,-1.1459781115829426,-1.7645135849361144,0.4493264750927811,-0.3036857334050418,0.1405047057619635,-1.2937229757082185,1.095359860804051,0.4608306801939211,-1.7495353951025054,1.027078911657809,-1.3837714491773996,2.3348689263480744,-0.8233178906068351,5.101669043266824,-0.6546536707079772,other
-0.1783643167468539,1.1320525803091943,-0.9875727016121244,1.3440140832958607,-0.1783643167468539,-0.403093559841743,-0.699707018463561,-0.3179592448322615,0.9184771676276684,0.4493264750927811,-0.3036857334050418,1.0469866784197936,0.6116127764393787,1.095359860804051,0.4608306801939211,0.1337104553845832,2.759083821704704,0.1469491804436178,-0.4282895663715402,1.2145976802021623,-0.1960142830746339,-0.6546536707079772,other
-0.1783643167468539,-1.2545656494361206,-0.4897623840726178,-0.5034279555987932,-0.1783643167468539,-0.6621916644444928,-0.699707018463561,-0.3179592448322615,-0.8701833340815202,-0.963649861676971,-0.3036857334050418,1.0469866784197936,0.6116127764393787,-0.6636892170890771,0.4608306801939211,-1.7495353951025054,-0.7049259983890863,0.1469491804436178,-0.4282895663715402,-0.8233178906068351,-0.1960142830746339,-0.6546536707079772,other
-0.1783643167468539,-1.2545656494361206,0.2569530922366421,1.3440140832958607,-0.1783643167468539,-0.7344981122406092,-0.699707018463561,1.3380784886691008,0.9184771676276684,0.4493264750927811,-0.3036857334050418,1.0469866784197936,0.6116127764393787,2.150789307539927,0.4608306801939211,0.1337104553845832,1.027078911657809,-1.3837714491773996,-0.4282895663715402,-0.8233178906068351,-0.1960142830746339,1.5275252316519468,other
-0.1783643167468539,1.1320525803091943,-0.7386675428423712,-0.5034279555987932,-0.1783643167468539,-0.3123560567250481,1.8331690664724063,1.3380784886691008,0.9184771676276684,0.4493264750927811,-0.3036857334050418,0.1405047057619635,0.6116127764393787,1.2712647685933636,0.4608306801939211,0.1337104553845832,-0.7049259983890863,0.1469491804436178,-0.4282895663715402,1.2145976802021623,-0.1960142830746339,-0.6546536707079772,other
-0.1783643167468539,-0.4590262395210155,-0.7386675428423712,-0.5034279555987932,-0.1783643167468539,-0.7004715485718486,-0.699707018463561,-1.1459781115829426,0.024146916773074,-0.963649861676971,-0.3036857334050418,-1.6724592395536964,0.6116127764393787,-0.9275465787730464,0.4608306801939211,-1.7495353951025054,-0.7049259983890863,0.1469491804436178,-0.4282895663715402,-0.8233178906068351,-0.1960142830746339,1.5275252316519468,young
-0.1783643167468539,-0.4590262395210155,0.7547634097761486,1.3440140832958607,-0.1783643167468539,0.6956808919619842,-0.699707018463561,-1.973996978333624,0.9184771676276684,1.862302811862533,-0.3036857334050418,-0.7659772668958664,0.6116127764393787,-0.6636892170890771,0.4608306801939211,0.1337104553845832,1.027078911657809,1.6776698100646354,-0.4282895663715402,-0.8233178906068351,-0.1960142830746339,1.5275252316519468,other
-0.1783643167468539,-1.2545656494361206,0.2569530922366421,0.4202930638485338,-0.1783643167468539,0.5666635047179338,-0.699707018463561,-0.3179592448322615,0.024146916773074,0.4493264750927811,-0.3036857334050418,1.0469866784197936,1.5642806525131776,1.5351221302773324,0.4608306801939211,2.016956305871672,1.027078911657809,0.1469491804436178,2.3348689263480744,-0.8233178906068351,-0.1960142830746339,1.5275252316519468,other
-0.1783643167468539,-0.4590262395210155,-0.7386675428423712,-0.5034279555987932,-0.1783643167468539,0.9948310975498378,-0.699707018463561,0.5100596219184197,-0.8701833340815202,0.4493264750927811,-0.3036857334050418,-0.7659772668958664,0.6116127764393787,-0.3118794015104516,0.4608306801939211,0.1337104553845832,-0.7049259983890863,0.1469491804436178,-0.4282895663715402,-0.8233178906068351,-0.1960142830746339,-0.6546536707079772,other
-0.1783643167468539,-0.4590262395210155,-0.2408572253028646,-0.5034279555987932,-0.1783643167468539,1.0593397911718632,-0.699707018463561,0.5100596219184197,0.024146916773074,0.4493264750927811,-0.3036857334050418,0.1405047057619635,-1.2937229757082185,-0.6636892170890771,0.4608306801939211,-1.7495353951025054,-0.7049259983890863,-1.3837714491773996,-0.4282895663715402,-0.8233178906068351,-0.1960142830746339,-0.6546536707079772,other
-0.1783643167468539,-1.2545656494361206,-0.7386675428423712,-0.5034279555987932,-0.1783643167468539,-0.488514412385194,-0.699707018463561,-0.3179592448322615,0.9184771676276684,-0.963649861676971,3.885083003216225,1.0469866784197936,-0.3410550996344197,-0.5757367631944208,0.4608306801939211,0.1337104553845832,-0.7049259983890863,0.1469491804436178,-0.4282895663715402,1.2145976802021623,-0.1960142830746339,-0.6546536707079772,other
-0.1783643167468539,1.1320525803091943,1.2525737273156554,1.3440140832958607,-0.1783643167468539,1.6246769687934584,-0.699707018463561,-0.3179592448322615,0.9184771676276684,-0.963649861676971,-0.3036857334050418,-0.7659772668958664,-1.2937229757082185,-0.9275465787730464,-0.9571098742489133,0.1337104553845832,1.027078911657809,0.1469491804436178,-0.4282895663715402,1.2145976802021623,-0.1960142830746339,1.5275252316519468,young
-0.1783643167468539,1.1320525803091943,-0.7386675428423712,1.3440140832958607,-0.1783643167468539,-0.6295828742619307,-0.699707018463561,1.3380784886691008,0.9184771676276684,0.4493264750927811,-0.3036857334050418,-1.6724592395536964,-1.2937229757082185,0.2158353218574867,0.4608306801939211,0.1337104553845832,1.027078911657809,-1.3837714491773996,2.3348689263480744,-0.8233178906068351,-0.1960142830746339,-0.6546536707079772,other
-0.1783643167468539,-1.2545656494361206,-0.7386675428423712,-0.5034279555987932,-0.1783643167468539,-0.7454858567586463,-0.699707018463561,-0.3179592448322615,0.9184771676276684,1.862302811862533,-0.3036857334050418,0.1405047057619635,-1.2937229757082185,-0.7516416709837337,0.4608306801939211,0.1337104553845832,-0.7049259983890863,-1.3837714491773996,-0.4282895663715402,-0.8233178906068351,-0.1960142830746339,-0.6546536707079772,other
-0.1783643167468539,-0.4590262395210155,-0.4067939978160333,1.3440140832958607,-0.1783643167468539,-0.7430047531577992,-0.699707018463561,-1.973996978333624,-0.8701833340815202,0.4493264750927811,-0.3036857334050418,0.1405047057619635,0.6116127764393787,2.8544089386971785,0.4608306801939211,2.016956305871672,2.759083821704704,-2.9144920787984168,-0.4282895663715402,1.2145976802021623,-0.1960142830746339,-0.6546536707079772,other
-0.1783643167468539,-0.4590262395210155,-0.7386675428423712,-0.5034279555987932,-0.1783643167468539,-0.4498800848862888,-0.699707018463561,0.5100596219184197,0.024146916773074,0.4493264750927811,-0.3036857334050418,1.0469866784197936,-0.3410550996344197,-0.4877843092997644,0.4608306801939211,-1.7495353951025054,-0.7049259983890863,0.1469491804436178,2.3348689263480744,1.2145976802021623,-0.1960142830746339,-0.6546536707079772,other
-0.1783643167468539,-0.4590262395210155,-0.2408572253028646,1.3440140832958607,-0.1783643167468539,-0.8461477742787298,-0.699707018463561,1.3380784886691008,0.9184771676276684,0.4493264750927811,-0.3036857334050418,1.0469866784197936,0.6116127764393787,0.0399304140681737,-2.3750504286917478,0.1337104553845832,-0.7049259983890863,0.1469491804436178,2.3348689263480744,1.2145976802021623,-0.1960142830746339,1.5275252316519468,other
-0.1783643167468539,-1.2545656494361206,-0.7386675428423712,-1.42714897504612,-0.1783643167468539,-0.9124286847585033,-0.699707018463561,-1.1459781115829426,0.9184771676276684,0.4493264750927811,-0.3036857334050418,-0.7659772668958664,0.6116127764393787,0.9194549530147378,-2.3750504286917478,0.1337104553845832,1.027078911657809,0.1469491804436178,-0.4282895663715402,1.2145976802021623,-0.1960142830746339,1.5275252316519468,other
-0.1783643167468539,-1.2545656494361206,0.0080479334668887,-1.42714897504612,-0.1783643167468539,-0.5757074817863931,1.8331690664724063,-0.3179592448322615,0.9184771676276684,0.4493264750927811,-0.3036857334050418,-0.7659772668958664,-0.3410550996344197,0.3917402296467994,0.4608306801939211,0.1337104553845832,1.027078911657809,-1.3837714491773996,2.3348689263480744,-0.8233178906068351,-0.1960142830746339,1.5275252316519468,other
-0.1783643167468539,-1.2545656494361206,-0.7386675428423712,0.4202930638485338,-0.1783643167468539,-0.6831038233659187,-0.699707018463561,-0.3179592448322615,0.9184771676276684,0.4493264750927811,-0.3036857334050418,-0.7659772668958664,-1.2937229757082185,0.6555975913307684,0.4608306801939211,0.1337104553845832,1.027078911657809,-1.3837714491773996,2.3348689263480744,-0.8233178906068351,-0.1960142830746339,-0.6546536707079772,other
-0.1783643167468539,-1.2545656494361206,-0.4897623840726178,-2.350869994493447,-0.1783643167468539,-0.8227545117564569,-0.699707018463561,1.3380784886691008,0.9184771676276684,0.4493264750927811,-0.3036857334050418,0.1405047057619635,0.6116127764393787,-0.2239269476157952,0.4608306801939211,-1.7495353951025054,1.027078911657809,0.1469491804436178,2.3348689263480744,-0.8233178906068351,-0.1960142830746339,1.5275252316519468,other
-0.1783643167468539,1.1320525803091943,1.2525737273156554,-0.5034279555987932,-0.1783643167468539,-0.83728668998999,0.5667310240044227,1.3380784886691008,0.9184771676276684,0.4493264750927811,-0.3036857334050418,1.0469866784197936,-0.3410550996344197,0.0399304140681737,0.4608306801939211,0.1337104553845832,-0.7049259983890863,0.1469491804436178,-0.4282895663715402,-0.8233178906068351,-0.1960142830746339,-0.6546536707079772,other
-0.1783643167468539,1.1320525803091943,-0.9875727016121244,1.3440140832958607,-0.1783643167468539,-0.7256370279518694,-0.699707018463561,-0.3179592448322615,0.024146916773074,0.4493264750927811,-0.3036857334050418,-1.6724592395536964,-1.2937229757082185,-0.4877843092997644,0.4608306801939211,0.1337104553845832,1.027078911657809,0.1469491804436178,-0.4282895663715402,-0.8233178906068351,-0.1960142830746339,-0.6546536707079772,other
-0.1783643167468539,-0.4590262395210155,-0.90460431535554,-0.5034279555987932,-0.1783643167468539,1.4307964445558328,-0.699707018463561,-1.973996978333624,-0.8701833340815202,0.4493264750927811,-0.3036857334050418,1.0469866784197936,1.5642806525131776,3.030313846486491,-2.3750504286917478,2.016956305871672,-0.7049259983890863,1.6776698100646354,-0.4282895663715402,1.2145976802021623,-0.1960142830746339,-0.6546536707079772,other
-0.1783643167468539,1.1320525803091943,-0.2408572253028646,1.3440140832958607,-0.1783643167468539,-0.78553795774375,-0.699707018463561,-1.1459781115829426,0.9184771676276684,-0.963649861676971,-0.3036857334050418,-1.6724592395536964,-0.3410550996344197,-0.4877843092997644,0.4608306801939211,0.1337104553845832,1.027078911657809,0.1469491804436178,-0.4282895663715402,-0.8233178906068351,-0.1960142830746339,-0.6546536707079772,other
-0.1783643167468539,-0.4590262395210155,0.2569530922366421,-0.5034279555987932,-0.1783643167468539,0.0853294061535912,-0.0664879972295691,0.5100596219184197,-0.8701833340815202,0.4493264750927811,-0.3036857334050418,0.1405047057619635,0.6116127764393787,0.2158353218574867,-2.3750504286917478,0.1337104553845832,1.027078911657809,0.1469491804436178,-0.4282895663715402,1.2145976802021623,-0.1960142830746339,-0.6546536707079772,other
-0.1783643167468539,1.1320525803091943,-0.7386675428423712,1.3440140832958607,-0.1783643167468539,-0.9177453353317468,-0.0664879972295691,0.5100596219184197,0.9184771676276684,-0.963649861676971,-0.3036857334050418,0.1405047057619635,0.6116127764393787,1.3592172224880197,0.4608306801939211,0.1337104553845832,1.027078911657809,0.1469491804436178,-0.4282895663715402,1.2145976802021623,-0.1960142830746339,-0.6546536707079772,other
-0.1783643167468539,-1.2545656494361206,-1.2364778603818778,1.3440140832958607,-0.1783643167468539,-0.85465441519592,-0.699707018463561,1.3380784886691008,-1.7645135849361144,-0.963649861676971,-0.3036857334050418,1.0469866784197936,1.5642806525131776,0.3037877757521431,0.4608306801939211,0.1337104553845832,1.027078911657809,0.1469491804436178,-0.4282895663715402,1.2145976802021623,-0.1960142830746339,-0.6546536707079772,other
-0.1783643167468539,0.3365131703940894,-1.2364778603818778,-0.5034279555987932,-0.1783643167468539,-0.908175364299908,1.1999500452384144,-1.1459781115829426,-0.8701833340815202,1.862302811862533,-0.3036857334050418,-0.7659772668958664,-1.2937229757082185,-0.7516416709837337,0.4608306801939211,0.1337104553845832,-0.7049259983890863,-2.9144920787984168,-0.4282895663715402,-0.8233178906068351,5.101669043266824,-0.6546536707079772,other
-0.1783643167468539,1.1320525803091943,-0.7386675428423712,-0.5034279555987932,-0.1783643167468539,0.0906460567268351,1.8331690664724063,-1.1459781115829426,-0.8701833340815202,0.4493264750927811,-0.3036857334050418,0.1405047057619635,-0.3410550996344197,0.8315024991200815,0.4608306801939211,0.1337104553845832,-0.7049259983890863,1.6776698100646354,2.3348689263480744,1.2145976802021623,-0.1960142830746339,-0.6546536707079772,other
-0.1783643167468539,1.1320525803091943,-0.90460431535554,-0.5034279555987932,-0.1783643167468539,-0.6115062623129016,-0.699707018463561,-0.3179592448322615,0.024146916773074,0.4493264750927811,-0.3036857334050418,-0.7659772668958664,-1.2937229757082185,-0.3998318554051081,0.4608306801939211,0.1337104553845832,-0.7049259983890863,-1.3837714491773996,2.3348689263480744,-0.8233178906068351,5.101669043266824,-0.6546536707079772,other
-0.1783643167468539,1.1320525803091943,-1.4024146328950466,1.3440140832958607,-0.1783643167468539,-0.6437606091239143,-0.699707018463561,0.5100596219184197,-0.8701833340815202,0.4493264750927811,-0.3036857334050418,-1.6724592395536964,-1.2937229757082185,0.5676451374361121,0.4608306801939211,0.1337104553845832,2.759083821704704,-1.3837714491773996,2.3348689263480744,-0.8233178906068351,-0.1960142830746339,-0.6546536707079772,other
-0.1783643167468539,-0.4590262395210155,2.2481943623946687,-0.5034279555987932,-0.1783643167468539,1.8486851796127983,1.8331690664724063,0.5100596219184197,-1.7645135849361144,-0.963649861676971,-0.3036857334050418,-0.7659772668958664,0.6116127764393787,-1.0154990326677027,0.4608306801939211,0.1337104553845832,-0.7049259983890863,0.1469491804436178,-0.4282895663715402,-0.8233178906068351,-0.1960142830746339,-0.6546536707079772,young
-0.1783643167468539,-0.4590262395210155,2.2481943623946687,-2.350869994493447,-0.1783643167468539,1.802961984682902,0.5667310240044227,-1.1459781115829426,-1.7645135849361144,-0.963649861676971,-0.3036857334050418,-1.6724592395536964,0.6116127764393787,-0.4877843092997644,0.4608306801939211,0.1337104553845832,1.027078911657809,0.1469491804436178,-0.4282895663715402,-0.8233178906068351,-0.1960142830746339,-0.6546536707079772,other
-0.1783643167468539,-1.2545656494361206,-0.7386675428423712,1.3440140832958607,-0.1783643167468539,0.0807216423234465,-0.699707018463561,-0.3179592448322615,0.024146916773074,-0.963649861676971,1.7906986349055911,-0.7659772668958664,-1.2937229757082185,-0.5757367631944208,0.4608306801939211,0.1337104553845832,1.027078911657809,0.1469491804436178,-0.4282895663715402,-0.8233178906068351,-0.1960142830746339,1.5275252316519468,other
-0.1783643167468539,1.1320525803091943,-0.7386675428423712,-0.5034279555987932,-0.1783643167468539,-0.1461221154682907,1.8331690664724063,-1.973996978333624,0.9184771676276684,0.4493264750927811,-0.3036857334050418,1.0469866784197936,1.5642806525131776,0.2158353218574867,0.4608306801939211,0.1337104553845832,-0.7049259983890863,1.6776698100646354,-0.4282895663715402,1.2145976802021623,-0.1960142830746339,-0.6546536707079772,other
-0.1783643167468539,-1.2545656494361206,-0.7386675428423712,1.3440140832958607,-0.1783643167468539,-0.4077013236718876,-0.699707018463561,-0.3179592448322615,0.9184771676276684,0.4493264750927811,-0.3036857334050418,-0.7659772668958664,-0.3410550996344197,-0.4877843092997644,0.4608306801939211,0.1337104553845832,1.027078911657809,0.1469491804436178,-0.4282895663715402,-0.8233178906068351,-0.1960142830746339,-0.6546536707079772,other
-0.1783643167468539,0.3365131703940894,-0.90460431535554,1.3440140832958607,-0.1783643167468539,-0.8826554415483376,-0.699707018463561,1.3380784886691008,0.9184771676276684,0.4493264750927811,-0.3036857334050418,1.0469866784197936,1.5642806525131776,2.414646669223896,0.4608306801939211,2.016956305871672,1.027078911657809,0.1469491804436178,-0.4282895663715402,1.2145976802021623,-0.1960142830746339,-0.6546536707079772,other
-0.1783643167468539,-0.4590262395210155,-0.7386675428423712,1.3440140832958607,-0.1783643167468539,-0.3208626976422382,0.5667310240044227,0.5100596219184197,0.024146916773074,-2.376626198446723,-0.3036857334050418,0.1405047057619635,0.6116127764393787,0.0399304140681737,0.4608306801939211,0.1337104553845832,-0.7049259983890863,1.6776698100646354,-0.4282895663715402,1.2145976802021623,-0.1960142830746339,-0.6546536707079772,other
-0.1783643167468539,-0.4590262395210155,3.243814997473682,-0.5034279555987932,-0.1783643167468539,1.4662407817107916,-0.0664879972295691,-1.1459781115829426,0.9184771676276684,-0.963649861676971,-0.3036857334050418,-0.7659772668958664,-0.3410550996344197,-1.0154990326677027,0.4608306801939211,0.1337104553845832,-0.7049259983890863,1.6776698100646354,-0.4282895663715402,-0.8233178906068351,-0.1960142830746339,1.5275252316519468,young
-0.1783643167468539,-1.2545656494361206,-0.0749204527896957,1.3440140832958607,-0.1783643167468539,-0.3672947793152344,-0.699707018463561,-0.3179592448322615,0.9184771676276684,1.862302811862533,3.885083003216225,-0.7659772668958664,-0.3410550996344197,-0.2239269476157952,-2.3750504286917478,-1.7495353951025054,1.027078911657809,0.1469491804436178,-0.4282895663715402,-0.8233178906068351,5.101669043266824,1.5275252316519468,other
-0.1783643167468539,0.3365131703940894,-0.90460431535554,-0.5034279555987932,-0.1783643167468539,0.2402211595207618,-0.699707018463561,-1.1459781115829426,-1.7645135849361144,0.4493264750927811,3.885083003216225,-1.6724592395536964,-0.3410550996344197,0.1278828679628304,0.4608306801939211,0.1337104553845832,-0.7049259983890863,-1.3837714491773996,2.3348689263480744,-0.8233178906068351,-0.1960142830746339,-0.6546536707079772,other
-0.1783643167468539,0.3365131703940894,-1.2364778603818778,1.3440140832958607,-0.1783643167468539,-0.6990537750856501,-0.699707018463561,-0.3179592448322615,-1.7645135849361144,0.4493264750927811,-0.3036857334050418,-1.6724592395536964,-1.2937229757082185,3.3821236620651165,0.4608306801939211,0.1337104553845832,2.759083821704704,-2.9144920787984168,2.3348689263480744,-0.8233178906068351,5.101669043266824,-0.6546536707079772,other
-0.1783643167468539,-1.2545656494361206,0.2569530922366421,-1.42714897504612,-0.1783643167468539,-0.3353948758757714,-0.0664879972295691,0.5100596219184197,-0.8701833340815202,0.4493264750927811,-0.3036857334050418,0.1405047057619635,0.6116127764393787,-0.3118794015104516,-2.3750504286917478,0.1337104553845832,-0.7049259983890863,0.1469491804436178,-0.4282895663715402,-0.8233178906068351,-0.1960142830746339,-0.6546536707079772,other
-0.1783643167468539,-1.2545656494361206,-0.9875727016121244,1.3440140832958607,-0.1783643167468539,-0.167388717761266,-0.699707018463561,-0.3179592448322615,-0.8701833340815202,0.4493264750927811,-0.3036857334050418,-0.7659772668958664,-1.2937229757082185,0.0399304140681737,0.4608306801939211,-1.7495353951025054,1.027078911657809,0.1469491804436178,2.3348689263480744,-0.8233178906068351,-0.1960142830746339,-0.6546536707079772,other
-0.1783643167468539,1.1320525803091943,-0.7386675428423712,-0.5034279555987932,-0.1783643167468539,-0.4034480032132925,1.8331690664724063,1.3380784886691008,0.9184771676276684,-0.963649861676971,-0.3036857334050418,1.0469866784197936,1.5642806525131776,1.4471696763826762,0.4608306801939211,2.016956305871672,-0.7049259983890863,1.6776698100646354,-0.4282895663715402,1.2145976802021623,-0.1960142830746339,-0.6546536707079772,other
-0.1783643167468539,-0.4590262395210155,-0.7386675428423712,1.3440140832958607,-0.1783643167468539,-0.0521946220076493,-0.699707018463561,-1.1459781115829426,-1.7645135849361144,0.4493264750927811,-0.3036857334050418,0.1405047057619635,-1.2937229757082185,1.1833123146987068,-2.3750504286917478,0.1337104553845832,1.027078911657809,-1.3837714491773996,2.3348689263480744,-0.8233178906068351,-0.1960142830746339,-0.6546536707079772,other
-0.1783643167468539,-0.4590262395210155,-0.2408572253028646,1.3440140832958607,-0.1783643167468539,-0.7851835143722004,-0.699707018463561,1.3380784886691008,0.024146916773074,0.4493264750927811,3.885083003216225,0.1405047057619635,-1.2937229757082185,-0.4877843092997644,-2.3750504286917478,0.1337104553845832,1.027078911657809,0.1469491804436178,-0.4282895663715402,-0.8233178906068351,-0.1960142830746339,1.5275252316519468,other
-0.1783643167468539,-0.4590262395210155,1.2525737273156554,1.3440140832958607,-0.1783643167468539,-0.1599454069587246,-0.699707018463561,-1.1459781115829426,0.9184771676276684,-2.376626198446723,-0.3036857334050418,1.0469866784197936,0.6116127764393787,-0.7516416709837337,0.4608306801939211,0.1337104553845832,1.027078911657809,0.1469491804436178,-0.4282895663715402,-0.8233178906068351,-0.1960142830746339,1.5275252316519468,other
-0.1783643167468539,-1.2545656494361206,-0.4897623840726178,-0.5034279555987932,-0.1783643167468539,-0.2694684087675478,-0.699707018463561,-1.973996978333624,-1.7645135849361144,-0.963649861676971,-0.3036857334050418,1.0469866784197936,0.6116127764393787,-1.1034514865623593,0.4608306801939211,-1.7495353951025054,-0.7049259983890863,0.1469491804436178,-0.4282895663715402,-0.8233178906068351,-0.1960142830746339,-0.6546536707079772,young
-0.1783643167468539,-1.2545656494361206,-0.7386675428423712,-0.5034279555987932,-0.1783643167468539,-0.70791485937439,-0.699707018463561,-1.1459781115829426,0.024146916773074,-0.963649861676971,-0.3036857334050418,-1.6724592395536964,-1.2937229757082185,0.1278828679628304,0.4608306801939211,0.1337104553845832,-0.7049259983890863,-1.3837714491773996,-0.4282895663715402,-0.8233178906068351,-0.1960142830746339,1.5275252316519468,other
-0.1783643167468539,-1.2545656494361206,-0.7386675428423712,-0.5034279555987932,-0.1783643167468539,-0.6731794089625301,-0.699707018463561,0.5100596219184197,-0.8701833340815202,-2.376626198446723,-0.3036857334050418,0.1405047057619635,0.6116127764393787,0.0399304140681737,0.4608306801939211,0.1337104553845832,-0.7049259983890863,0.1469491804436178,-0.4282895663715402,-0.8233178906068351,-0.1960142830746339,1.5275252316519468,other
-0.1783643167468539,-0.4590262395210155,1.2525737273156554,-0.5034279555987932,-0.1783643167468539,3.231723215399297,1.8331690664724063,-0.3179592448322615,-1.7645135849361144,0.4493264750927811,-0.3036857334050418,1.0469866784197936,1.5642806525131776,0.1278828679628304,0.4608306801939211,2.016956305871672,-0.7049259983890863,0.1469491804436178,-0.4282895663715402,1.2145976802021623,-0.1960142830746339,1.5275252316519468,other
-0.1783643167468539,-1.2545656494361206,-0.2408572253028646,-0.5034279555987932,-0.1783643167468539,-0.8135389840961675,-0.699707018463561,-1.1459781115829426,-1.7645135849361144,-0.963649861676971,-0.3036857334050418,-0.7659772668958664,0.6116127764393787,-1.1034514865623593,0.4608306801939211,0.1337104553845832,-0.7049259983890863,-1.3837714491773996,-0.4282895663715402,-0.8233178906068351,-0.1960142830746339,1.5275252316519468,young
-0.1783643167468539,1.1320525803091943,0.0080479334668887,-2.350869994493447,-0.1783643167468539,0.613804473134029,1.8331690664724063,-0.3179592448322615,-1.7645135849361144,-0.963649861676971,-0.3036857334050418,1.0469866784197936,-0.3410550996344197,-0.5757367631944208,-2.3750504286917478,0.1337104553845832,1.027078911657809,0.1469491804436178,-0.4282895663715402,1.2145976802021623,-0.1960142830746339,1.5275252316519468,other
-0.1783643167468539,-0.4590262395210155,-0.2408572253028646,-2.350869994493447,-0.1783643167468539,-0.3520537143386021,-0.0664879972295691,-1.1459781115829426,0.024146916773074,-0.963649861676971,-0.3036857334050418,0.1405047057619635,0.6116127764393787,-0.6636892170890771,0.4608306801939211,0.1337104553845832,1.027078911657809,0.1469491804436178,-0.4282895663715402,-0.8233178906068351,-0.1960142830746339,1.5275252316519468,other
-0.1783643167468539,-1.2545656494361206,0.2569530922366421,-0.5034279555987932,-0.1783643167468539,-0.7040159822873444,1.8331690664724063,0.5100596219184197,0.9184771676276684,-0.963649861676971,-0.3036857334050418,1.0469866784197936,1.5642806525131776,-0.3118794015104516,0.4608306801939211,-1.7495353951025054,-0.7049259983890863,0.1469491804436178,-0.4282895663715402,-0.8233178906068351,-0.1960142830746339,1.5275252316519468,other
-0.1783643167468539,-0.4590262395210155,-0.7386675428423712,1.3440140832958607,-0.1783643167468539,-0.4523611884871359,-0.0664879972295691,-1.1459781115829426,0.9184771676276684,0.4493264750927811,-0.3036857334050418,-1.6724592395536964,0.6116127764393787,-0.7516416709837337,0.4608306801939211,0.1337104553845832,-0.7049259983890863,0.1469491804436178,-0.4282895663715402,-0.8233178906068351,-0.1960142830746339,-0.6546536707079772,other
-0.1783643167468539,1.1320525803091943,-1.2364778603818778,1.3440140832958607,-0.1783643167468539,1.2369159203182074,-0.699707018463561,0.5100596219184197,-1.7645135849361144,0.4493264750927811,-0.3036857334050418,0.1405047057619635,1.5642806525131776,0.8315024991200815,0.4608306801939211,0.1337104553845832,1.027078911657809,1.6776698100646354,2.3348689263480744,1.2145976802021623,-0.1960142830746339,-0.6546536707079772,other
-0.1783643167468539,1.1320525803091943,0.2569530922366421,-0.5034279555987932,-0.1783643167468539,-0.6657360981599888,-0.699707018463561,-0.3179592448322615,-0.8701833340815202,0.4493264750927811,3.885083003216225,-0.7659772668958664,-1.2937229757082185,-0.3998318554051081,0.4608306801939211,0.1337104553845832,-0.7049259983890863,0.1469491804436178,-0.4282895663715402,1.2145976802021623,-0.1960142830746339,-0.6546536707079772,other
-0.1783643167468539,-1.2545656494361206,-0.7386675428423712,1.3440140832958607,-0.1783643167468539,-0.9145553449878006,-0.699707018463561,1.3380784886691008,0.9184771676276684,0.4493264750927811,-0.3036857334050418,0.1405047057619635,-0.3410550996344197,-0.0480220398264825,0.4608306801939211,0.1337104553845832,1.027078911657809,0.1469491804436178,-0.4282895663715402,-0.8233178906068351,-0.1960142830746339,1.5275252316519468,other
-0.1783643167468539,1.1320525803091943,-0.4897623840726178,1.3440140832958607,-0.1783643167468539,0.6286910947391119,1.8331690664724063,1.3380784886691008,-1.7645135849361144,-0.963649861676971,-0.3036857334050418,1.0469866784197936,0.6116127764393787,2.062836853645271,0.4608306801939211,0.1337104553845832,-0.7049259983890863,0.1469491804436178,-0.4282895663715402,1.2145976802021623,-0.1960142830746339,-0.6546536707079772,other
-0.1783643167468539,1.1320525803091943,0.2569530922366421,1.3440140832958607,-0.1783643167468539,-0.442791217455297,-0.699707018463561,-0.3179592448322615,0.9184771676276684,-0.963649861676971,-0.3036857334050418,1.0469866784197936,0.6116127764393787,0.1278828679628304,0.4608306801939211,0.1337104553845832,-0.7049259983890863,0.1469491804436178,-0.4282895663715402,1.2145976802021623,-0.1960142830746339,-0.6546536707079772,other
-0.1783643167468539,1.1320525803091943,0.0080479334668887,1.3440140832958607,-0.1783643167468539,3.334866236520227,1.8331690664724063,1.3380784886691008,0.9184771676276684,0.4493264750927811,-0.3036857334050418,1.0469866784197936,1.5642806525131776,-0.4877843092997644,0.4608306801939211,2.016956305871672,-0.7049259983890863,1.6776698100646354,-0.4282895663715402,1.2145976802021623,-0.1960142830746339,1.5275252316519468,other
-0.1783643167468539,1.1320525803091943,0.2569530922366421,1.3440140832958607,-0.1783643167468539,-0.2864816906019281,-0.0664879972295691,0.5100596219184197,0.9184771676276684,1.862302811862533,-0.3036857334050418,0.1405047057619635,-0.3410550996344197,-0.7516416709837337,0.4608306801939211,0.1337104553845832,1.027078911657809,0.1469491804436178,-0.4282895663715402,1.2145976802021623,-0.1960142830746339,-0.6546536707079772,other
-0.1783643167468539,-1.2545656494361206,0.2569530922366421,0.4202930638485338,-0.1783643167468539,-0.6870027004529641,-0.699707018463561,-1.973996978333624,0.9184771676276684,0.4493264750927811,-0.3036857334050418,-0.7659772668958664,-1.2937229757082185,0.6555975913307684,0.4608306801939211,2.016956305871672,1.027078911657809,0.1469491804436178,2.3348689263480744,-0.8233178906068351,-0.1960142830746339,1.5275252316519468,other
-0.1783643167468539,1.1320525803091943,-0.7386675428423712,1.3440140832958607,-0.1783643167468539,-0.7146492834338322,-0.699707018463561,1.3380784886691008,0.9184771676276684,0.4493264750927811,-0.3036857334050418,1.0469866784197936,-1.2937229757082185,2.2387417614345835,0.4608306801939211,0.1337104553845832,1.027078911657809,-1.3837714491773996,-0.4282895663715402,-0.8233178906068351,-0.1960142830746339,-0.6546536707079772,other
-0.1783643167468539,1.1320525803091943,0.2569530922366421,0.4202930638485338,-0.1783643167468539,-0.4392467837398011,-0.699707018463561,1.3380784886691008,0.9184771676276684,0.4493264750927811,-0.3036857334050418,1.0469866784197936,1.5642806525131776,2.150789307539927,0.4608306801939211,2.016956305871672,1.027078911657809,0.1469491804436178,-0.4282895663715402,1.2145976802021623,-0.1960142830746339,-0.6546536707079772,other
-0.1783643167468539,-1.2545656494361206,2.2481943623946687,-0.5034279555987932,-0.1783643167468539,1.592068178610896,-0.699707018463561,1.3380784886691008,0.9184771676276684,0.4493264750927811,-0.3036857334050418,1.0469866784197936,1.5642806525131776,0.5676451374361121,-2.3750504286917478,2.016956305871672,-0.7049259983890863,1.6776698100646354,-0.4282895663715402,-0.8233178906068351,-0.1960142830746339,1.5275252316519468,other
-0.1783643167468539,-1.2545656494361206,-1.2364778603818778,-0.5034279555987932,-0.1783643167468539,-0.6724705222194309,1.8331690664724063,-1.973996978333624,0.9184771676276684,-0.963649861676971,-0.3036857334050418,0.1405047057619635,-0.3410550996344197,3.470076115959773,0.4608306801939211,0.1337104553845832,-0.7049259983890863,1.6776698100646354,-0.4282895663715402,1.2145976802021623,-0.1960142830746339,-0.6546536707079772,other
-0.1783643167468539,-0.4590262395210155,-0.4897623840726178,-0.5034279555987932,-0.1783643167468539,-0.226935204181597,-0.0664879972295691,-0.3179592448322615,-0.8701833340815202,-0.963649861676971,-0.3036857334050418,1.0469866784197936,0.6116127764393787,-0.6636892170890771,0.4608306801939211,-1.7495353951025054,1.027078911657809,0.1469491804436178,-0.4282895663715402,1.2145976802021623,-0.1960142830746339,1.5275252316519468,other
-0.1783643167468539,-1.2545656494361206,-1.2364778603818778,-0.5034279555987932,-0.1783643167468539,-0.9248342027627386,-0.699707018463561,-1.1459781115829426,0.024146916773074,0.4493264750927811,-0.3036857334050418,1.0469866784197936,-1.2937229757082185,0.4796926835414558,0.4608306801939211,0.1337104553845832,-0.7049259983890863,-1.3837714491773996,2.3348689263480744,1.2145976802021623,-0.1960142830746339,-0.6546536707079772,other
-0.1783643167468539,0.3365131703940894,-0.7386675428423712,1.3440140832958607,-0.1783643167468539,-0.6348995248351744,0.5667310240044227,-1.973996978333624,-0.8701833340815202,0.4493264750927811,-0.3036857334050418,1.0469866784197936,1.5642806525131776,2.678504030907866,-2.3750504286917478,2.016956305871672,2.759083821704704,-2.9144920787984168,-0.4282895663715402,-0.8233178906068351,-0.1960142830746339,-0.6546536707079772,other
-0.1783643167468539,-0.4590262395210155,0.2569530922366421,0.4202930638485338,-0.1783643167468539,-0.4629944896336236,1.8331690664724063,-0.3179592448322615,0.9184771676276684,-0.963649861676971,-0.3036857334050418,1.0469866784197936,0.6116127764393787,0.5676451374361121,0.4608306801939211,-1.7495353951025054,1.027078911657809,0.1469491804436178,-0.4282895663715402,1.2145976802021623,-0.1960142830746339,-0.6546536707079772,other
-0.1783643167468539,-1.2545656494361206,-0.2408572253028646,-0.5034279555987932,-0.1783643167468539,0.3929862526586348,-0.0664879972295691,-0.3179592448322615,0.024146916773074,0.4493264750927811,-0.3036857334050418,1.0469866784197936,0.6116127764393787,-0.0480220398264825,0.4608306801939211,0.1337104553845832,-0.7049259983890863,-1.3837714491773996,2.3348689263480744,1.2145976802021623,-0.1960142830746339,-0.6546536707079772,other
-0.1783643167468539,-0.4590262395210155,0.2569530922366421,-0.5034279555987932,-0.1783643167468539,-0.7178392737777783,-0.699707018463561,-1.1459781115829426,0.9184771676276684,0.4493264750927811,-0.3036857334050418,-0.7659772668958664,-1.2937229757082185,-1.1034514865623593,-0.9571098742489133,0.1337104553845832,-0.7049259983890863,-1.3837714491773996,-0.4282895663715402,-0.8233178906068351,-0.1960142830746339,1.5275252316519468,young
-0.1783643167468539,-1.2545656494361206,0.2569530922366421,-0.5034279555987932,-0.1783643167468539,-0.3431926300498624,-0.699707018463561,1.3380784886691008,0.9184771676276684,0.4493264750927811,1.7906986349055911,-1.6724592395536964,-1.2937229757082185,0.8315024991200815,0.4608306801939211,0.1337104553845832,-0.7049259983890863,0.1469491804436178,-0.4282895663715402,-0.8233178906068351,-0.1960142830746339,1.5275252316519468,other
-0.1783643167468539,-1.2545656494361206,-1.2364778603818778,1.3440140832958607,-0.1783643167468539,0.512079225499297,1.8331690664724063,-1.1459781115829426,-1.7645135849361144,0.4493264750927811,-0.3036857334050418,0.1405047057619635,-1.2937229757082185,0.7435500452254251,0.4608306801939211,0.1337104553845832,1.027078911657809,-1.3837714491773996,2.3348689263480744,-0.8233178906068351,-0.1960142830746339,-0.6546536707079772,other
-0.1783643167468539,-1.2545656494361206,-0.7386675428423712,-0.5034279555987932,-0.1783643167468539,0.1345970347989841,1.1999500452384144,-0.3179592448322615,-1.7645135849361144,0.4493264750927811,-0.3036857334050418,0.1405047057619635,-0.3410550996344197,-0.3998318554051081,0.4608306801939211,0.1337104553845832,-0.7049259983890863,0.1469491804436178,2.3348689263480744,-0.8233178906068351,-0.1960142830746339,-0.6546536707079772,other
-0.1783643167468539,1.1320525803091943,-0.4897623840726178,-0.5034279555987932,-0.1783643167468539,0.7275807954014472,0.5667310240044227,1.3380784886691008,-1.7645135849361144,-0.963649861676971,-0.3036857334050418,1.0469866784197936,1.5642806525131776,-0.0480220398264825,0.4608306801939211,2.016956305871672,-0.7049259983890863,0.1469491804436178,-0.4282895663715402,-0.8233178906068351,-0.1960142830746339,-0.6546536707079772,other
-0.1783643167468539,-0.4590262395210155,2.2481943623946687,-0.5034279555987932,-0.1783643167468539,1.16567280263674,-0.0664879972295691,0.5100596219184197,0.024146916773074,0.4493264750927811,-0.3036857334050418,-0.7659772668958664,-0.3410550996344197,-1.0154990326677027,0.4608306801939211,0.1337104553845832,-0.7049259983890863,0.1469491804436178,-0.4282895663715402,-0.8233178906068351,-0.1960142830746339,1.5275252316519468,young
-0.1783643167468539,-0.4590262395210155,1.2525737273156554,0.4202930638485338,-0.1783643167468539,-0.1450587853536419,-0.0664879972295691,1.3380784886691008,0.9184771676276684,0.4493264750927811,-0.3036857334050418,0.1405047057619635,1.5642806525131776,-0.4877843092997644,0.4608306801939211,2.016956305871672,-0.7049259983890863,0.1469491804436178,-0.4282895663715402,-0.8233178906068351,-0.1960142830746339,-0.6546536707079772,other
-0.1783643167468539,1.1320525803091943,3.243814997473682,-0.5034279555987932,-0.1783643167468539,1.1539761713756034,1.8331690664724063,-0.3179592448322615,0.9184771676276684,0.4493264750927811,-0.3036857334050418,1.0469866784197936,1.5642806525131776,-0.1359744937211389,0.4608306801939211,2.016956305871672,-0.7049259983890863,0.1469491804436178,2.3348689263480744,1.2145976802021623,-0.1960142830746339,-0.6546536707079772,other
-0.1783643167468539,1.1320525803091943,-1.2364778603818778,1.3440140832958607,-0.1783643167468539,-0.4222335019054208,0.5667310240044227,-0.3179592448322615,-1.7645135849361144,1.862302811862533,-0.3036857334050418,-0.7659772668958664,0.6116127764393787,-1.0154990326677027,0.4608306801939211,0.1337104553845832,-0.7049259983890863,0.1469491804436178,-0.4282895663715402,-0.8233178906068351,-0.1960142830746339,-0.6546536707079772,young
-0.1783643167468539,1.1320525803091943,3.243814997473682,-0.5034279555987932,-0.1783643167468539,2.5146842747544778,-0.699707018463561,1.3380784886691008,-0.8701833340815202,0.4493264750927811,-0.3036857334050418,1.0469866784197936,-0.3410550996344197,0.5676451374361121,0.4608306801939211,0.1337104553845832,-0.7049259983890863,1.6776698100646354,-0.4282895663715402,1.2145976802021623,-0.1960142830746339,-0.6546536707079772,other
-0.1783643167468539,-1.2545656494361206,-0.7386675428423712,1.3440140832958607,-0.1783643167468539,0.5570935336860946,-0.699707018463561,1.3380784886691008,0.024146916773074,0.4493264750927811,1.7906986349055911,1.0469866784197936,-0.3410550996344197,0.6555975913307684,0.4608306801939211,-1.7495353951025054,1.027078911657809,0.1469491804436178,-0.4282895663715402,1.2145976802021623,-0.1960142830746339,1.5275252316519468,other
-0.1783643167468539,-1.2545656494361206,-0.7386675428423712,-0.5034279555987932,-0.1783643167468539,-0.8404766803339363,1.8331690664724063,-0.3179592448322615,0.9184771676276684,1.862302811862533,-0.3036857334050418,-0.7659772668958664,0.6116127764393787,-1.1034514865623593,0.4608306801939211,0.1337104553845832,-0.7049259983890863,0.1469491804436178,-0.4282895663715402,-0.8233178906068351,-0.1960142830746339,1.5275252316519468,young
-0.1783643167468539,-0.4590262395210155,-0.7386675428423712,-0.5034279555987932,-0.1783643167468539,-0.8447300007925315,-0.699707018463561,1.3380784886691008,0.9184771676276684,0.4493264750927811,-0.3036857334050418,1.0469866784197936,0.6116127764393787,0.4796926835414558,-2.3750504286917478,0.1337104553845832,-0.7049259983890863,-1.3837714491773996,2.3348689263480744,-0.8233178906068351,-0.1960142830746339,1.5275252316519468,other
-0.1783643167468539,-0.4590262395210155,3.243814997473682,-0.5034279555987932,-0.1783643167468539,3.812301457997525,-0.699707018463561,0.5100596219184197,0.9184771676276684,0.4493264750927811,-0.3036857334050418,-0.7659772668958664,1.5642806525131776,-0.7516416709837337,0.4608306801939211,0.1337104553845832,-0.7049259983890863,1.6776698100646354,-0.4282895663715402,1.2145976802021623,-0.1960142830746339,1.5275252316519468,other
-0.1783643167468539,-1.2545656494361206,-0.5727307703292023,-0.5034279555987932,-0.1783643167468539,0.2487278004379519,-0.699707018463561,-1.973996978333624,-1.7645135849361144,0.4493264750927811,-0.3036857334050418,1.0469866784197936,1.5642806525131776,-1.1914039404570156,0.4608306801939211,2.016956305871672,-0.7049259983890863,0.1469491804436178,-0.4282895663715402,-0.8233178906068351,-0.1960142830746339,-0.6546536707079772,young
-0.1783643167468539,-0.4590262395210155,1.2525737273156554,0.4202930638485338,-0.1783643167468539,1.7065533876214134,-0.0664879972295691,1.3380784886691008,-0.8701833340815202,0.4493264750927811,-0.3036857334050418,1.0469866784197936,0.6116127764393787,0.5676451374361121,0.4608306801939211,0.1337104553845832,4.4910887317516,1.6776698100646354,-0.4282895663715402,1.2145976802021623,-0.1960142830746339,1.5275252316519468,other
-0.1783643167468539,0.3365131703940894,0.2569530922366421,-0.5034279555987932,-0.1783643167468539,-0.8238178418711056,-0.699707018463561,0.5100596219184197,0.9184771676276684,0.4493264750927811,-0.3036857334050418,0.1405047057619635,1.5642806525131776,0.2158353218574867,-2.3750504286917478,2.016956305871672,-0.7049259983890863,0.1469491804436178,2.3348689263480744,-0.8233178906068351,-0.1960142830746339,1.5275252316519468,other
-0.1783643167468539,-0.4590262395210155,0.2569530922366421,-0.5034279555987932,-0.1783643167468539,-0.1960986308567828,-0.699707018463561,-0.3179592448322615,0.024146916773074,-0.963649861676971,-0.3036857334050418,1.0469866784197936,-0.3410550996344197,-1.3673088482463285,0.4608306801939211,-1.7495353951025054,-0.7049259983890863,-1.3837714491773996,-0.4282895663715402,1.2145976802021623,-0.1960142830746339,1.5275252316519468,young
-0.1783643167468539,1.1320525803091943,-0.7386675428423712,-0.5034279555987932,-0.1783643167468539,-0.668217201760836,0.5667310240044227,-0.3179592448322615,-0.8701833340815202,-0.963649861676971,-0.3036857334050418,-0.7659772668958664,-0.3410550996344197,-0.83959412487839,0.4608306801939211,0.1337104553845832,-0.7049259983890863,0.1469491804436178,-0.4282895663715402,-0.8233178906068351,-0.1960142830746339,1.5275252316519468,other
-0.1783643167468539,-0.4590262395210155,0.2569530922366421,-0.5034279555987932,-0.1783643167468539,-0.6792049462788732,-0.699707018463561,-1.1459781115829426,0.024146916773074,-0.963649861676971,-0.3036857334050418,1.0469866784197936,0.6116127764393787,-0.9275465787730464,0.4608306801939211,0.1337104553845832,-0.7049259983890863,-1.3837714491773996,-0.4282895663715402,1.2145976802021623,-0.1960142830746339,1.5275252316519468,young
-0.1783643167468539,-1.2545656494361206,-0.7386675428423712,-0.5034279555987932,-0.1783643167468539,-0.724219254465671,-0.699707018463561,-0.3179592448322615,0.9184771676276684,-0.963649861676971,-0.3036857334050418,-0.7659772668958664,-1.2937229757082185,-1.0154990326677027,0.4608306801939211,0.1337104553845832,-0.7049259983890863,-1.3837714491773996,-0.4282895663715402,-0.8233178906068351,-0.1960142830746339,1.5275252316519468,young
-0.1783643167468539,-0.4590262395210155,-0.9875727016121244,-1.42714897504612,-0.1783643167468539,-0.6501405898118068,-0.0664879972295691,0.5100596219184197,-0.8701833340815202,0.4493264750927811,-0.3036857334050418,0.1405047057619635,1.5642806525131776,-0.5757367631944208,0.4608306801939211,0.1337104553845832,-0.7049259983890863,0.1469491804436178,-0.4282895663715402,-0.8233178906068351,-0.1960142830746339,1.5275252316519468,other
-0.1783643167468539,1.1320525803091943,0.5058582510063955,-0.5034279555987932,-0.1783643167468539,-0.2485562498461219,-0.699707018463561,-0.3179592448322615,0.024146916773074,-0.963649861676971,-0.3036857334050418,0.1405047057619635,-1.2937229757082185,-1.279356394351672,0.4608306801939211,-1.7495353951025054,-0.7049259983890863,0.1469491804436178,-0.4282895663715402,-0.8233178906068351,-0.1960142830746339,1.5275252316519468,young
-0.1783643167468539,1.1320525803091943,-1.2364778603818778,1.3440140832958607,-0.1783643167468539,-1.0708648718411695,1.1999500452384144,-0.3179592448322615,-0.8701833340815202,-0.963649861676971,-0.3036857334050418,-0.7659772668958664,-1.2937229757082185,0.4796926835414558,-2.3750504286917478,0.1337104553845832,1.027078911657809,-1.3837714491773996,-0.4282895663715402,-0.8233178906068351,-0.1960142830746339,-0.6546536707079772,other
-0.1783643167468539,1.1320525803091943,-0.2408572253028646,1.3440140832958607,-0.1783643167468539,-0.617177356257695,-0.699707018463561,-0.3179592448322615,0.024146916773074,0.4493264750927811,-0.3036857334050418,-0.7659772668958664,-0.3410550996344197,-0.3118794015104516,-2.3750504286917478,0.1337104553845832,1.027078911657809,0.1469491804436178,-0.4282895663715402,-0.8233178906068351,-0.1960142830746339,1.5275252316519468,other
-0.1783643167468539,1.1320525803091943,-0.7386675428423712,-0.5034279555987932,-0.1783643167468539,-0.9326319569368297,-0.699707018463561,-0.3179592448322615,0.9184771676276684,-2.376626198446723,-0.3036857334050418,-0.7659772668958664,-1.2937229757082185,1.1833123146987068,0.4608306801939211,0.1337104553845832,-0.7049259983890863,-1.3837714491773996,-0.4282895663715402,-0.8233178906068351,-0.1960142830746339,-0.6546536707079772,other
-0.1783643167468539,-1.2545656494361206,-1.2364778603818778,1.3440140832958607,-0.1783643167468539,0.1434581190877239,-0.699707018463561,-0.3179592448322615,-1.7645135849361144,0.4493264750927811,-0.3036857334050418,0.1405047057619635,-1.2937229757082185,0.1278828679628304,0.4608306801939211,-1.7495353951025054,2.759083821704704,0.1469491804436178,2.3348689263480744,-0.8233178906068351,-0.1960142830746339,-0.6546536707079772,other
-0.1783643167468539,0.3365131703940894,-0.90460431535554,-0.5034279555987932,-0.1783643167468539,-0.7199659340070759,-0.0664879972295691,1.3380784886691008,-1.7645135849361144,-0.963649861676971,-0.3036857334050418,1.0469866784197936,1.5642806525131776,1.095359860804051,0.4608306801939211,2.016956305871672,-0.7049259983890863,-1.3837714491773996,2.3348689263480744,-0.8233178906068351,-0.1960142830746339,1.5275252316519468,other
-0.1783643167468539,1.1320525803091943,-0.2408572253028646,1.3440140832958607,-0.1783643167468539,-0.1758953586784561,-0.699707018463561,0.5100596219184197,-0.8701833340815202,0.4493264750927811,-0.3036857334050418,-0.7659772668958664,-0.3410550996344197,-0.3998318554051081,-2.3750504286917478,0.1337104553845832,1.027078911657809,0.1469491804436178,-0.4282895663715402,-0.8233178906068351,-0.1960142830746339,1.5275252316519468,other
-0.1783643167468539,-1.2545656494361206,0.2569530922366421,-0.5034279555987932,-0.1783643167468539,-0.6483683729540589,-0.699707018463561,0.5100596219184197,0.9184771676276684,-0.963649861676971,-0.3036857334050418,1.0469866784197936,0.6116127764393787,-1.1034514865623593,0.4608306801939211,-1.7495353951025054,1.027078911657809,0.1469491804436178,-0.4282895663715402,-0.8233178906068351,-0.1960142830746339,1.5275252316519468,young
-0.1783643167468539,1.1320525803091943,-1.4024146328950466,1.3440140832958607,-0.1783643167468539,0.0385428811090454,-0.699707018463561,0.5100596219184197,-1.7645135849361144,-0.963649861676971,-0.3036857334050418,-1.6724592395536964,-1.2937229757082185,0.1278828679628304,0.4608306801939211,0.1337104553845832,-0.7049259983890863,0.1469491804436178,2.3348689263480744,-0.8233178906068351,-0.1960142830746339,-0.6546536707079772,other
-0.1783643167468539,-0.4590262395210155,-1.2364778603818778,-1.42714897504612,-0.1783643167468539,-0.8294889358158991,-0.0664879972295691,-1.1459781115829426,-1.7645135849361144,-0.963649861676971,-0.3036857334050418,-1.6724592395536964,-0.3410550996344197,-0.3118794015104516,-0.9571098742489133,0.1337104553845832,-0.7049259983890863,-1.3837714491773996,-0.4282895663715402,-0.8233178906068351,-0.1960142830746339,1.5275252316519468,other
-0.1783643167468539,-1.2545656494361206,0.2569530922366421,-0.5034279555987932,-0.1783643167468539,-0.6735338523340797,1.8331690664724063,-0.3179592448322615,0.9184771676276684,-0.963649861676971,-0.3036857334050418,1.0469866784197936,-1.2937229757082185,-0.9275465787730464,0.4608306801939211,-1.7495353951025054,-0.7049259983890863,0.1469491804436178,-0.4282895663715402,-0.8233178906068351,-0.1960142830746339,1.5275252316519468,young
-0.1783643167468539,1.1320525803091943,1.2525737273156554,1.3440140832958607,-0.1783643167468539,0.0934816036992318,-0.699707018463561,0.5100596219184197,0.9184771676276684,0.4493264750927811,-0.3036857334050418,1.0469866784197936,0.6116127764393787,0.1278828679628304,0.4608306801939211,0.1337104553845832,1.027078911657809,0.1469491804436178,-0.4282895663715402,1.2145976802021623,-0.1960142830746339,-0.6546536707079772,other
-0.1783643167468539,-1.2545656494361206,-1.2364778603818778,-0.5034279555987932,-0.1783643167468539,-0.7330803387544108,-0.0664879972295691,1.3380784886691008,0.024146916773074,0.4493264750927811,-0.3036857334050418,-0.7659772668958664,-0.3410550996344197,0.6555975913307684,0.4608306801939211,0.1337104553845832,-0.7049259983890863,0.1469491804436178,-0.4282895663715402,1.2145976802021623,-0.1960142830746339,-0.6546536707079772,other
-0.1783643167468539,-1.2545656494361206,1.2525737273156554,-0.5034279555987932,-0.1783643167468539,-0.0078892005639507,-0.699707018463561,0.5100596219184197,-0.8701833340815202,0.4493264750927811,-0.3036857334050418,1.0469866784197936,1.5642806525131776,0.3037877757521431,-2.3750504286917478,2.016956305871672,-0.7049259983890863,1.6776698100646354,2.3348689263480744,1.2145976802021623,-0.1960142830746339,-0.6546536707079772,other
-0.1783643167468539,-1.2545656494361206,0.0080479334668887,1.3440140832958607,-0.1783643167468539,-0.5916574335061245,-0.699707018463561,1.3380784886691008,0.9184771676276684,1.862302811862533,-0.3036857334050418,0.1405047057619635,0.6116127764393787,-0.4877843092997644,0.4608306801939211,0.1337104553845832,1.027078911657809,0.1469491804436178,-0.4282895663715402,1.2145976802021623,-0.1960142830746339,-0.6546536707079772,other
-0.1783643167468539,-1.2545656494361206,-0.2408572253028646,1.3440140832958607,-0.1783643167468539,0.2462466968371047,-0.699707018463561,1.3380784886691008,-1.7645135849361144,-0.963649861676971,-0.3036857334050418,1.0469866784197936,-1.2937229757082185,-0.2239269476157952,-2.3750504286917478,-1.7495353951025054,2.759083821704704,0.1469491804436178,-0.4282895663715402,1.2145976802021623,-0.1960142830746339,1.5275252316519468,other
-0.1783643167468539,1.1320525803091943,-0.4897623840726178,-0.5034279555987932,-0.1783643167468539,-0.0302191329715748,1.1999500452384144,0.5100596219184197,-0.8701833340815202,-0.963649861676971,-0.3036857334050418,0.1405047057619635,0.6116127764393787,-1.3673088482463285,0.4608306801939211,-1.7495353951025054,-0.7049259983890863,0.1469491804436178,-0.4282895663715402,-0.8233178906068351,-0.1960142830746339,-0.6546536707079772,young
-0.1783643167468539,-0.4590262395210155,-0.2408572253028646,-0.5034279555987932,-0.1783643167468539,-0.7901457215738947,1.8331690664724063,-0.3179592448322615,0.9184771676276684,-0.963649861676971,-0.3036857334050418,-0.7659772668958664,-0.3410550996344197,-0.2239269476157952,0.4608306801939211,0.1337104553845832,-0.7049259983890863,0.1469491804436178,-0.4282895663715402,-0.8233178906068351,-0.1960142830746339,1.5275252316519468,other
-0.1783643167468539,1.1320525803091943,0.0080479334668887,-0.5034279555987932,-0.1783643167468539,-0.1734142550776091,0.5667310240044227,0.5100596219184197,-1.7645135849361144,-0.963649861676971,-0.3036857334050418,-0.7659772668958664,0.6116127764393787,-0.3998318554051081,-2.3750504286917478,0.1337104553845832,-0.7049259983890863,1.6776698100646354,-0.4282895663715402,-0.8233178906068351,-0.1960142830746339,-0.6546536707079772,other
-0.1783643167468539,-1.2545656494361206,-0.2408572253028646,-0.5034279555987932,-0.1783643167468539,-0.7284725749242661,-0.699707018463561,-1.1459781115829426,0.9184771676276684,-0.963649861676971,-0.3036857334050418,0.1405047057619635,0.6116127764393787,-1.1034514865623593,0.4608306801939211,-1.7495353951025054,-0.7049259983890863,0.1469491804436178,-0.4282895663715402,1.2145976802021623,-0.1960142830746339,1.5275252316519468,young
-0.1783643167468539,-1.2545656494361206,-0.7386675428423712,-0.5034279555987932,-0.1783643167468539,-0.2453662595021757,-0.699707018463561,-1.1459781115829426,0.9184771676276684,0.4493264750927811,-0.3036857334050418,-1.6724592395536964,-1.2937229757082185,-0.2239269476157952,0.4608306801939211,0.1337104553845832,-0.7049259983890863,-1.3837714491773996,2.3348689263480744,-0.8233178906068351,-0.1960142830746339,1.5275252316519468,other
-0.1783643167468539,-1.2545656494361206,0.2569530922366421,-0.5034279555987932,-0.1783643167468539,-0.6699894186185839,1.8331690664724063,-0.3179592448322615,0.9184771676276684,-0.963649861676971,-0.3036857334050418,-0.7659772668958664,-0.3410550996344197,-0.0480220398264825,0.4608306801939211,0.1337104553845832,-0.7049259983890863,0.1469491804436178,-0.4282895663715402,-0.8233178906068351,-0.1960142830746339,1.5275252316519468,other
-0.1783643167468539,-1.2545656494361206,-0.7386675428423712,-2.350869994493447,-0.1783643167468539,-0.7759679867119111,-0.699707018463561,-0.3179592448322615,0.9184771676276684,0.4493264750927811,-0.3036857334050418,1.0469866784197936,0.6116127764393787,1.095359860804051,-2.3750504286917478,0.1337104553845832,1.027078911657809,0.1469491804436178,-0.4282895663715402,-0.8233178906068351,-0.1960142830746339,1.5275252316519468,other
-0.1783643167468539,1.1320525803091943,-0.90460431535554,-0.5034279555987932,-0.1783643167468539,-0.5934296503638725,0.5667310240044227,-0.3179592448322615,0.024146916773074,0.4493264750927811,-0.3036857334050418,-0.7659772668958664,1.5642806525131776,0.3917402296467994,0.4608306801939211,-1.7495353951025054,-0.7049259983890863,-1.3837714491773996,2.3348689263480744,-0.8233178906068351,5.101669043266824,-0.6546536707079772,other
-0.1783643167468539,0.3365131703940894,-0.7386675428423712,1.3440140832958607,-0.1783643167468539,-0.8266533888435024,0.5667310240044227,0.5100596219184197,0.9184771676276684,1.862302811862533,-0.3036857334050418,-0.7659772668958664,-1.2937229757082185,-0.6636892170890771,0.4608306801939211,0.1337104553845832,2.759083821704704,0.1469491804436178,-0.4282895663715402,1.2145976802021623,-0.1960142830746339,1.5275252316519468,other
-0.1783643167468539,-0.4590262395210155,-0.2408572253028646,0.4202930638485338,-0.1783643167468539,-0.131944380606307,1.8331690664724063,1.3380784886691008,0.9184771676276684,0.4493264750927811,-0.3036857334050418,1.0469866784197936,0.6116127764393787,0.6555975913307684,0.4608306801939211,0.1337104553845832,-0.7049259983890863,0.1469491804436178,2.3348689263480744,-0.8233178906068351,-0.1960142830746339,-0.6546536707079772,other
-0.1783643167468539,1.1320525803091943,-0.5727307703292023,0.4202930638485338,-0.1783643167468539,-0.8752121307457962,-0.699707018463561,-0.3179592448322615,0.9184771676276684,0.4493264750927811,-0.3036857334050418,-0.7659772668958664,0.6116127764393787,-0.7516416709837337,0.4608306801939211,0.1337104553845832,1.027078911657809,-1.3837714491773996,-0.4282895663715402,-0.8233178906068351,-0.1960142830746339,-0.6546536707079772,other
-0.1783643167468539,-0.4590262395210155,-0.7386675428423712,-0.5034279555987932,-0.1783643167468539,-0.725991471323419,-0.699707018463561,1.3380784886691008,-1.7645135849361144,-2.376626198446723,-0.3036857334050418,-1.6724592395536964,-1.2937229757082185,0.9194549530147378,0.4608306801939211,-1.7495353951025054,1.027078911657809,0.1469491804436178,-0.4282895663715402,-0.8233178906068351,-0.1960142830746339,1.5275252316519468,other
-0.1783643167468539,1.1320525803091943,-0.2408572253028646,-0.5034279555987932,-0.1783643167468539,-0.5143887785083141,-0.699707018463561,-0.3179592448322615,-0.8701833340815202,1.862302811862533,-0.3036857334050418,-0.7659772668958664,-0.3410550996344197,-0.4877843092997644,0.4608306801939211,0.1337104553845832,-0.7049259983890863,1.6776698100646354,-0.4282895663715402,1.2145976802021623,-0.1960142830746339,-0.6546536707079772,other
-0.1783643167468539,-1.2545656494361206,-1.2364778603818778,1.3440140832958607,-0.1783643167468539,-0.6770782860495757,-0.699707018463561,-1.1459781115829426,-0.8701833340815202,0.4493264750927811,-0.3036857334050418,1.0469866784197936,-1.2937229757082185,0.3917402296467994,0.4608306801939211,0.1337104553845832,-0.7049259983890863,-1.3837714491773996,2.3348689263480744,-0.8233178906068351,5.101669043266824,-0.6546536707079772,other
-0.1783643167468539,0.3365131703940894,-0.7386675428423712,-0.5034279555987932,-0.1783643167468539,-0.688066030567613,-0.699707018463561,-1.1459781115829426,0.9184771676276684,0.4493264750927811,-0.3036857334050418,-1.6724592395536964,-1.2937229757082185,-0.83959412487839,0.4608306801939211,0.1337104553845832,-0.7049259983890863,0.1469491804436178,-0.4282895663715402,-0.8233178906068351,-0.1960142830746339,-0.6546536707079772,other
-0.1783643167468539,1.1320525803091943,-0.2408572253028646,-0.5034279555987932,-0.1783643167468539,1.2369159203182074,1.8331690664724063,-0.3179592448322615,-0.8701833340815202,0.4493264750927811,-0.3036857334050418,1.0469866784197936,0.6116127764393787,2.8544089386971785,0.4608306801939211,-1.7495353951025054,1.027078911657809,0.1469491804436178,-0.4282895663715402,-0.8233178906068351,-0.1960142830746339,1.5275252316519468,other
-0.1783643167468539,1.1320525803091943,0.2569530922366421,-0.5034279555987932,-0.1783643167468539,-0.7167759436631297,-0.699707018463561,-1.1459781115829426,0.9184771676276684,1.862302811862533,-0.3036857334050418,-0.7659772668958664,-1.2937229757082185,-0.6636892170890771,0.4608306801939211,0.1337104553845832,-0.7049259983890863,0.1469491804436178,-0.4282895663715402,-0.8233178906068351,-0.1960142830746339,-0.6546536707079772,other
-0.1783643167468539,1.1320525803091943,0.0910163197234732,-0.5034279555987932,-0.1783643167468539,-0.7047248690304436,1.8331690664724063,0.5100596219184197,0.9184771676276684,-0.963649861676971,-0.3036857334050418,1.0469866784197936,-0.3410550996344197,-0.9275465787730464,0.4608306801939211,-1.7495353951025054,-0.7049259983890863,0.1469491804436178,-0.4282895663715402,-0.8233178906068351,-0.1960142830746339,-0.6546536707079772,young
-0.1783643167468539,1.1320525803091943,-1.2364778603818778,1.3440140832958607,-0.1783643167468539,-1.0311672142276156,-0.0664879972295691,-0.3179592448322615,0.9184771676276684,-0.963649861676971,-0.3036857334050418,1.0469866784197936,0.6116127764393787,1.4471696763826762,0.4608306801939211,0.1337104553845832,1.027078911657809,-1.3837714491773996,-0.4282895663715402,-0.8233178906068351,-0.1960142830746339,-0.6546536707079772,other
-0.1783643167468539,-0.4590262395210155,1.2525737273156554,-0.5034279555987932,-0.1783643167468539,3.915444479118455,-0.699707018463561,1.3380784886691008,0.9184771676276684,0.4493264750927811,-0.3036857334050418,-0.7659772668958664,1.5642806525131776,1.886931945855958,0.4608306801939211,2.016956305871672,-0.7049259983890863,1.6776698100646354,-0.4282895663715402,1.2145976802021623,-0.1960142830746339,1.5275252316519468,other
-0.1783643167468539,-1.2545656494361206,-0.2408572253028646,-1.42714897504612,-0.1783643167468539,-0.6483683729540589,-0.699707018463561,0.5100596219184197,0.9184771676276684,0.4493264750927811,-0.3036857334050418,1.0469866784197936,1.5642806525131776,-0.3118794015104516,0.4608306801939211,2.016956305871672,1.027078911657809,-1.3837714491773996,2.3348689263480744,-0.8233178906068351,-0.1960142830746339,1.5275252316519468,other
-0.1783643167468539,1.1320525803091943,1.2525737273156554,0.4202930638485338,-0.1783643167468539,2.695095950873218,-0.699707018463561,1.3380784886691008,-0.8701833340815202,0.4493264750927811,-0.3036857334050418,-0.7659772668958664,0.6116127764393787,0.8315024991200815,0.4608306801939211,0.1337104553845832,1.027078911657809,0.1469491804436178,2.3348689263480744,1.2145976802021623,-0.1960142830746339,-0.6546536707079772,other
-0.1783643167468539,1.1320525803091943,0.2569530922366421,-0.5034279555987932,-0.1783643167468539,-0.6370261850644721,-0.0664879972295691,-1.1459781115829426,0.9184771676276684,1.862302811862533,-0.3036857334050418,0.1405047057619635,-1.2937229757082185,-0.2239269476157952,0.4608306801939211,0.1337104553845832,-0.7049259983890863,0.1469491804436178,-0.4282895663715402,1.2145976802021623,-0.1960142830746339,-0.6546536707079772,other
-0.1783643167468539,1.1320525803091943,3.243814997473682,1.3440140832958607,-0.1783643167468539,3.716247304307586,1.8331690664724063,1.3380784886691008,-0.8701833340815202,0.4493264750927811,-0.3036857334050418,1.0469866784197936,1.5642806525131776,2.414646669223896,-2.3750504286917478,2.016956305871672,-0.7049259983890863,1.6776698100646354,-0.4282895663715402,1.2145976802021623,-0.1960142830746339,-0.6546536707079772,other
-0.1783643167468539,1.1320525803091943,1.2525737273156554,-0.5034279555987932,-0.1783643167468539,-0.068144573727381,1.8331690664724063,-0.3179592448322615,0.9184771676276684,0.4493264750927811,-0.3036857334050418,1.0469866784197936,-1.2937229757082185,0.0399304140681737,0.4608306801939211,0.1337104553845832,-0.7049259983890863,0.1469491804436178,-0.4282895663715402,-0.8233178906068351,-0.1960142830746339,-0.6546536707079772,other
-0.1783643167468539,-1.2545656494361206,-0.4897623840726178,-0.5034279555987932,-0.1783643167468539,0.2437655932362578,-0.699707018463561,-0.3179592448322615,0.024146916773074,-0.963649861676971,-0.3036857334050418,-0.7659772668958664,-0.3410550996344197,-0.5757367631944208,0.4608306801939211,0.1337104553845832,-0.7049259983890863,0.1469491804436178,-0.4282895663715402,1.2145976802021623,-0.1960142830746339,1.5275252316519468,other
-0.1783643167468539,1.1320525803091943,-0.9875727016121244,-0.5034279555987932,-0.1783643167468539,0.1083682253043145,-0.0664879972295691,-0.3179592448322615,-1.7645135849361144,0.4493264750927811,3.885083003216225,-0.7659772668958664,-1.2937229757082185,-0.83959412487839,0.4608306801939211,-1.7495353951025054,-0.7049259983890863,0.1469491804436178,2.3348689263480744,-0.8233178906068351,5.101669043266824,-0.6546536707079772,other
-0.1783643167468539,0.3365131703940894,-0.7386675428423712,0.4202930638485338,-0.1783643167468539,-0.3630414588566394,-0.699707018463561,-0.3179592448322615,-0.8701833340815202,-0.963649861676971,-0.3036857334050418,-0.7659772668958664,0.6116127764393787,0.0399304140681737,-0.9571098742489133,0.1337104553845832,1.027078911657809,0.1469491804436178,-0.4282895663715402,1.2145976802021623,-0.1960142830746339,-0.6546536707079772,other
-0.1783643167468539,-0.4590262395210155,-0.7386675428423712,1.3440140832958607,-0.1783643167468539,-0.8199189647840601,-0.699707018463561,0.5100596219184197,-0.8701833340815202,0.4493264750927811,-0.3036857334050418,0.1405047057619635,-1.2937229757082185,1.007407406909394,0.4608306801939211,0.1337104553845832,1.027078911657809,-1.3837714491773996,2.3348689263480744,-0.8233178906068351,-0.1960142830746339,-0.6546536707079772,other
-0.1783643167468539,-1.2545656494361206,-1.070541087868709,1.3440140832958607,-0.1783643167468539,-0.900377610125817,-0.699707018463561,1.3380784886691008,0.9184771676276684,0.4493264750927811,-0.3036857334050418,1.0469866784197936,-1.2937229757082185,1.007407406909394,0.4608306801939211,0.1337104553845832,1.027078911657809,-1.3837714491773996,-0.4282895663715402,-0.8233178906068351,-0.1960142830746339,-0.6546536707079772,other
-0.1783643167468539,1.1320525803091943,0.2569530922366421,1.3440140832958607,-0.1783643167468539,-0.7033070955442453,1.1999500452384144,1.3380784886691008,0.9184771676276684,-0.963649861676971,-0.3036857334050418,1.0469866784197936,-1.2937229757082185,0.1278828679628304,0.4608306801939211,0.1337104553845832,1.027078911657809,0.1469491804436178,-0.4282895663715402,1.2145976802021623,-0.1960142830746339,-0.6546536707079772,other
-0.1783643167468539,1.1320525803091943,-0.7386675428423712,-0.5034279555987932,-0.1783643167468539,-0.7692335626524689,-0.699707018463561,-0.3179592448322615,0.024146916773074,1.862302811862533,-0.3036857334050418,-0.7659772668958664,-1.2937229757082185,-0.7516416709837337,0.4608306801939211,0.1337104553845832,1.027078911657809,0.1469491804436178,-0.4282895663715402,1.2145976802021623,-0.1960142830746339,-0.6546536707079772,other
-0.1783643167468539,-1.2545656494361206,-1.2364778603818778,1.3440140832958607,-0.1783643167468539,-0.9436197014548668,-0.699707018463561,0.5100596219184197,0.9184771676276684,-0.963649861676971,-0.3036857334050418,0.1405047057619635,-0.3410550996344197,0.1278828679628304,0.4608306801939211,0.1337104553845832,1.027078911657809,0.1469491804436178,-0.4282895663715402,-0.8233178906068351,5.101669043266824,-0.6546536707079772,other
-0.1783643167468539,1.1320525803091943,0.2569530922366421,1.3440140832958607,-0.1783643167468539,-0.4718555739223634,1.1999500452384144,1.3380784886691008,0.9184771676276684,0.4493264750927811,-0.3036857334050418,1.0469866784197936,-1.2937229757082185,2.150789307539927,0.4608306801939211,0.1337104553845832,-0.7049259983890863,0.1469491804436178,-0.4282895663715402,1.2145976802021623,-0.1960142830746339,-0.6546536707079772,other
-0.1783643167468539,1.1320525803091943,0.2569530922366421,-0.5034279555987932,-0.1783643167468539,-0.3602059118842427,1.8331690664724063,-1.1459781115829426,0.9184771676276684,0.4493264750927811,-0.3036857334050418,-1.6724592395536964,-0.3410550996344197,1.623074584171989,0.4608306801939211,0.1337104553845832,-0.7049259983890863,0.1469491804436178,-0.4282895663715402,-0.8233178906068351,-0.1960142830746339,-0.6546536707079772,other
-0.1783643167468539,-0.4590262395210155,-0.7386675428423712,-0.5034279555987932,-0.1783643167468539,-0.86316105611311,-0.0664879972295691,-1.1459781115829426,0.9184771676276684,-0.963649861676971,-0.3036857334050418,-0.7659772668958664,-0.3410550996344197,-1.1034514865623593,-2.3750504286917478,0.1337104553845832,-0.7049259983890863,-1.3837714491773996,-0.4282895663715402,-0.8233178906068351,-0.1960142830746339,1.5275252316519468,young
-0.1783643167468539,-1.2545656494361206,-0.7386675428423712,-0.5034279555987932,-0.1783643167468539,-0.8904531957224284,-0.699707018463561,0.5100596219184197,0.9184771676276684,0.4493264750927811,-0.3036857334050418,-0.7659772668958664,-1.2937229757082185,-0.83959412487839,0.4608306801939211,0.1337104553845832,-0.7049259983890863,0.1469491804436178,-0.4282895663715402,-0.8233178906068351,-0.1960142830746339,1.5275252316519468,other
-0.1783643167468539,-0.4590262395210155,-0.4897623840726178,-1.42714897504612,-0.1783643167468539,1.2684613803861209,-0.0664879972295691,-1.973996978333624,-1.7645135849361144,0.4493264750927811,-0.3036857334050418,-0.7659772668958664,-0.3410550996344197,-0.1359744937211389,0.4608306801939211,0.1337104553845832,-0.7049259983890863,1.6776698100646354,2.3348689263480744,1.2145976802021623,-0.1960142830746339,1.5275252316519468,other
-0.1783643167468539,1.1320525803091943,-0.90460431535554,-0.5034279555987932,-0.1783643167468539,-0.6955093413701543,1.8331690664724063,-0.3179592448322615,0.9184771676276684,0.4493264750927811,3.885083003216225,1.0469866784197936,-0.3410550996344197,-0.7516416709837337,0.4608306801939211,0.1337104553845832,-0.7049259983890863,-1.3837714491773996,-0.4282895663715402,-0.8233178906068351,-0.1960142830746339,1.5275252316519468,other
-0.1783643167468539,-1.2545656494361206,0.2569530922366421,-0.5034279555987932,-0.1783643167468539,-0.7316625652682125,-0.699707018463561,-1.1459781115829426,0.9184771676276684,-0.963649861676971,-0.3036857334050418,1.0469866784197936,-0.3410550996344197,-1.0154990326677027,0.4608306801939211,-1.7495353951025054,-0.7049259983890863,0.1469491804436178,-0.4282895663715402,-0.8233178906068351,-0.1960142830746339,1.5275252316519468,young
-0.1783643167468539,0.3365131703940894,-1.2364778603818778,1.3440140832958607,-0.1783643167468539,-0.69054713416846,-0.0664879972295691,1.3380784886691008,-0.8701833340815202,-2.376626198446723,-0.3036857334050418,1.0469866784197936,0.6116127764393787,-0.6636892170890771,0.4608306801939211,0.1337104553845832,1.027078911657809,0.1469491804436178,2.3348689263480744,1.2145976802021623,-0.1960142830746339,-0.6546536707079772,other
-0.1783643167468539,-1.2545656494361206,-0.7386675428423712,1.3440140832958607,-0.1783643167468539,-0.4073468803003381,-0.699707018463561,-0.3179592448322615,0.024146916773074,0.4493264750927811,-0.3036857334050418,-0.7659772668958664,-1.2937229757082185,0.3037877757521431,0.4608306801939211,-1.7495353951025054,1.027078911657809,-1.3837714491773996,2.3348689263480744,-0.8233178906068351,5.101669043266824,-0.6546536707079772,other
-0.1783643167468539,1.1320525803091943,-1.2364778603818778,-0.5034279555987932,-0.1783643167468539,0.0874560663828887,-0.699707018463561,-0.3179592448322615,-0.8701833340815202,0.4493264750927811,3.885083003216225,0.1405047057619635,-0.3410550996344197,-0.83959412487839,0.4608306801939211,-1.7495353951025054,-0.7049259983890863,0.1469491804436178,-0.4282895663715402,-0.8233178906068351,-0.1960142830746339,-0.6546536707079772,other
-0.1783643167468539,1.1320525803091943,-0.90460431535554,-0.5034279555987932,-0.1783643167468539,-0.656875013871249,-0.0664879972295691,-0.3179592448322615,0.024146916773074,0.4493264750927811,-0.3036857334050418,-0.7659772668958664,-1.2937229757082185,-0.0480220398264825,0.4608306801939211,-1.7495353951025054,-0.7049259983890863,-1.3837714491773996,-0.4282895663715402,-0.8233178906068351,5.101669043266824,-0.6546536707079772,other
-0.1783643167468539,1.1320525803091943,0.2569530922366421,-0.5034279555987932,-0.1783643167468539,0.1721680321832405,-0.699707018463561,1.3380784886691008,0.9184771676276684,-0.963649861676971,1.7906986349055911,1.0469866784197936,1.5642806525131776,2.32669421532924,0.4608306801939211,2.016956305871672,-0.7049259983890863,0.1469491804436178,-0.4282895663715402,1.2145976802021623,-0.1960142830746339,-0.6546536707079772,other
-0.1783643167468539,-0.4590262395210155,-1.2364778603818778,0.4202930638485338,-0.1783643167468539,-0.7309536785251133,-0.699707018463561,-1.973996978333624,0.9184771676276684,0.4493264750927811,-0.3036857334050418,1.0469866784197936,-0.3410550996344197,1.007407406909394,0.4608306801939211,0.1337104553845832,-0.7049259983890863,1.6776698100646354,-0.4282895663715402,1.2145976802021623,-0.1960142830746339,1.5275252316519468,other
-0.1783643167468539,1.1320525803091943,0.2569530922366421,0.4202930638485338,-0.1783643167468539,-0.9053398173275112,1.8331690664724063,1.3380784886691008,0.9184771676276684,1.862302811862533,-0.3036857334050418,1.0469866784197936,0.6116127764393787,1.623074584171989,0.4608306801939211,0.1337104553845832,1.027078911657809,0.1469491804436178,-0.4282895663715402,1.2145976802021623,-0.1960142830746339,-0.6546536707079772,other
-0.1783643167468539,-0.4590262395210155,-0.9875727016121244,-0.5034279555987932,-0.1783643167468539,-0.6104429321982527,1.8331690664724063,-1.1459781115829426,0.9184771676276684,0.4493264750927811,-0.3036857334050418,-0.7659772668958664,-1.2937229757082185,-0.0480220398264825,0.4608306801939211,0.1337104553845832,-0.7049259983890863,-2.9144920787984168,-0.4282895663715402,-0.8233178906068351,-0.1960142830746339,-0.6546536707079772,other
-0.1783643167468539,1.1320525803091943,-0.7386675428423712,1.3440140832958607,-0.1783643167468539,-0.7472580736163943,0.5667310240044227,-0.3179592448322615,0.9184771676276684,0.4493264750927811,-0.3036857334050418,1.0469866784197936,-1.2937229757082185,0.7435500452254251,0.4608306801939211,0.1337104553845832,-0.7049259983890863,0.1469491804436178,-0.4282895663715402,1.2145976802021623,-0.1960142830746339,-0.6546536707079772,other
-0.1783643167468539,-0.4590262395210155,0.2569530922366421,-0.5034279555987932,-0.1783643167468539,-0.73378922549751,-0.699707018463561,-1.1459781115829426,0.9184771676276684,0.4493264750927811,-0.3036857334050418,-1.6724592395536964,-0.3410550996344197,-0.83959412487839,0.4608306801939211,0.1337104553845832,-0.7049259983890863,0.1469491804436178,-0.4282895663715402,-0.8233178906068351,-0.1960142830746339,-0.6546536707079772,other
-0.1783643167468539,-1.2545656494361206,-0.9875727016121244,-0.5034279555987932,-0.1783643167468539,-0.9276697497351354,-0.699707018463561,-0.3179592448322615,0.9184771676276684,0.4493264750927811,-0.3036857334050418,0.1405047057619635,0.6116127764393787,-0.6636892170890771,0.4608306801939211,0.1337104553845832,-0.7049259983890863,-1.3837714491773996,-0.4282895663715402,-0.8233178906068351,-0.1960142830746339,1.5275252316519468,other
-0.1783643167468539,-0.4590262395210155,-0.7386675428423712,-0.5034279555987932,-0.1783643167468539,1.4889251574899651,1.8331690664724063,-1.973996978333624,-1.7645135849361144,-0.963649861676971,-0.3036857334050418,-0.7659772668958664,-1.2937229757082185,-1.0154990326677027,0.4608306801939211,-1.7495353951025054,-0.7049259983890863,-2.9144920787984168,-0.4282895663715402,-0.8233178906068351,-0.1960142830746339,-0.6546536707079772,young
-0.1783643167468539,-1.2545656494361206,1.2525737273156554,-0.5034279555987932,-0.1783643167468539,2.1265687829076767,-0.699707018463561,0.5100596219184197,-0.8701833340815202,0.4493264750927811,-0.3036857334050418,-1.6724592395536964,0.6116127764393787,-1.0154990326677027,0.4608306801939211,0.1337104553845832,-0.7049259983890863,0.1469491804436178,-0.4282895663715402,1.2145976802021623,-0.1960142830746339,1.5275252316519468,young
-0.1783643167468539,-1.2545656494361206,-0.4897623840726178,-0.5034279555987932,-0.1783643167468539,-0.5494786722917234,-0.699707018463561,-1.1459781115829426,-0.8701833340815202,0.4493264750927811,-0.3036857334050418,0.1405047057619635,-1.2937229757082185,0.0399304140681737,0.4608306801939211,0.1337104553845832,-0.7049259983890863,0.1469491804436178,-0.4282895663715402,-0.8233178906068351,-0.1960142830746339,-0.6546536707079772,other
-0.1783643167468539,-0.4590262395210155,-0.4897623840726178,-2.350869994493447,-0.1783643167468539,-0.5292754001133968,-0.699707018463561,-1.1459781115829426,-0.8701833340815202,-0.963649861676971,-0.3036857334050418,-1.6724592395536964,-1.2937229757082185,-0.83959412487839,0.4608306801939211,-1.7495353951025054,1.027078911657809,-2.9144920787984168,-0.4282895663715402,-0.8233178906068351,-0.1960142830746339,1.5275252316519468,other
-0.1783643167468539,-1.2545656494361206,-0.8216359290989557,1.3440140832958607,-0.1783643167468539,0.2246256511725798,-0.699707018463561,-0.3179592448322615,-0.8701833340815202,0.4493264750927811,-0.3036857334050418,-0.7659772668958664,-1.2937229757082185,0.0399304140681737,0.4608306801939211,-1.7495353951025054,1.027078911657809,0.1469491804436178,2.3348689263480744,-0.8233178906068351,-0.1960142830746339,-0.6546536707079772,other
-0.1783643167468539,-1.2545656494361206,0.2569530922366421,-0.5034279555987932,-0.1783643167468539,0.5478780060258056,-0.699707018463561,0.5100596219184197,-0.8701833340815202,0.4493264750927811,1.7906986349055911,0.1405047057619635,-0.3410550996344197,-0.3998318554051081,0.4608306801939211,0.1337104553845832,-0.7049259983890863,0.1469491804436178,-0.4282895663715402,1.2145976802021623,-0.1960142830746339,1.5275252316519468,other
-0.1783643167468539,-1.2545656494361206,2.2481943623946687,-0.5034279555987932,-0.1783643167468539,0.2338411788328692,-0.699707018463561,0.5100596219184197,0.9184771676276684,0.4493264750927811,-0.3036857334050418,1.0469866784197936,1.5642806525131776,0.9194549530147378,0.4608306801939211,2.016956305871672,-0.7049259983890863,0.1469491804436178,2.3348689263480744,-0.8233178906068351,-0.1960142830746339,1.5275252316519468,other
-0.1783643167468539,-0.4590262395210155,1.2525737273156554,0.4202930638485338,-0.1783643167468539,1.4747474226279818,-0.699707018463561,-0.3179592448322615,-0.8701833340815202,-0.963649861676971,-0.3036857334050418,-0.7659772668958664,-0.3410550996344197,1.623074584171989,0.4608306801939211,-1.7495353951025054,-0.7049259983890863,0.1469491804436178,-0.4282895663715402,-0.8233178906068351,-0.1960142830746339,-0.6546536707079772,other
-0.1783643167468539,-1.2545656494361206,1.2525737273156554,-0.5034279555987932,-0.1783643167468539,-0.5065910243342231,-0.699707018463561,-1.1459781115829426,0.9184771676276684,-0.963649861676971,-0.3036857334050418,1.0469866784197936,0.6116127764393787,-0.1359744937211389,0.4608306801939211,0.1337104553845832,-0.7049259983890863,0.1469491804436178,-0.4282895663715402,1.2145976802021623,-0.1960142830746339,1.5275252316519468,other
-0.1783643167468539,1.1320525803091943,-0.7386675428423712,-0.5034279555987932,-0.1783643167468539,-0.4917044027291403,-0.699707018463561,1.3380784886691008,0.9184771676276684,0.4493264750927811,-0.3036857334050418,1.0469866784197936,0.6116127764393787,0.3037877757521431,0.4608306801939211,0.1337104553845832,-0.7049259983890863,1.6776698100646354,-0.4282895663715402,1.2145976802021623,-0.1960142830746339,-0.6546536707079772,other
-0.1783643167468539,-1.2545656494361206,0.2569530922366421,-0.5034279555987932,-0.1783643167468539,-0.0525490653791989,-0.699707018463561,-1.1459781115829426,0.9184771676276684,-0.963649861676971,-0.3036857334050418,-1.6724592395536964,-0.3410550996344197,-0.7516416709837337,0.4608306801939211,0.1337104553845832,-0.7049259983890863,0.1469491804436178,-0.4282895663715402,-0.8233178906068351,-0.1960142830746339,1.5275252316519468,other
